2026-10-02T00:00:13.709+02:00 DEBUG 38254 --- [facturacion360] [http-nio-81-exec-5] o.s.jdbc.core.JdbcTemplate               : Executing prepared SQL query
2026-10-02T00:00:13.712+02:00 DEBUG 38254 --- [facturacion360] [http-nio-81-exec-5] o.s.jdbc.core.JdbcTemplate               : Executing prepared SQL statement [SELECT
	`idusuario`,
	`usuario`,
	`clave_hash`,
	`nombre`,
	`rol`,
	`activo`,
	`fecha_alta`,
	`ultimo_acceso`
FROM `bd_facturacion`.`usuarios`
WHERE `usuario` = ?
]
2026-10-02T00:00:13.713+02:00 DEBUG 38254 --- [facturacion360] [http-nio-81-exec-5] e.x.f.seguridad.UsuariosDetailsService   : Usuario cargado: admin (ADMIN)
2026-10-02T00:00:13.771+02:00 DEBUG 38254 --- [facturacion360] [http-nio-81-exec-5] o.s.jdbc.core.JdbcTemplate               : Executing prepared SQL query
2026-10-02T00:00:13.771+02:00 DEBUG 38254 --- [facturacion360] [http-nio-81-exec-5] o.s.jdbc.core.JdbcTemplate               : Executing prepared SQL statement [SELECT
	`idusuario`,
	`usuario`,
	`clave_hash`,
	`nombre`,
	`rol`,
	`activo`,
	`fecha_alta`,
	`ultimo_acceso`
FROM `bd_facturacion`.`usuarios`
WHERE `usuario` = ?
]
2026-10-02T00:00:13.772+02:00 DEBUG 38254 --- [facturacion360] [http-nio-81-exec-5] o.s.jdbc.core.JdbcTemplate               : Executing prepared SQL update
2026-10-02T00:00:13.772+02:00 DEBUG 38254 --- [facturacion360] [http-nio-81-exec-5] o.s.jdbc.core.JdbcTemplate               : Executing prepared SQL statement [UPDATE `bd_facturacion`.`usuarios`
SET `ultimo_acceso` = NOW()
WHERE `idusuario` = ?
]
2026-10-02T00:00:13.774+02:00  INFO 38254 --- [facturacion360] [http-nio-81-exec-5] e.x.f.controller.AuthController          : Inicio de sesión correcto: admin ([ROLE_ADMIN, FactorGrantedAuthority [authority=FACTOR_PASSWORD, issuedAt=2026-10-01T22:00:13.771477677Z]])
2026-10-02T00:00:13.847+02:00 DEBUG 38254 --- [facturacion360] [http-nio-81-exec-9] o.s.jdbc.core.JdbcTemplate               : Executing prepared SQL query
2026-10-02T00:00:13.847+02:00 DEBUG 38254 --- [facturacion360] [http-nio-81-exec-9] o.s.jdbc.core.JdbcTemplate               : Executing prepared SQL statement [SELECT
	`idusuario`,
	`usuario`,
	`clave_hash`,
	`nombre`,
	`rol`,
	`activo`,
	`fecha_alta`,
	`ultimo_acceso`
FROM `bd_facturacion`.`usuarios`
WHERE `usuario` = ?
]
2026-10-02T00:00:16.830+02:00 DEBUG 38254 --- [facturacion360] [http-nio-81-exec-7] o.s.jdbc.core.JdbcTemplate               : Executing SQL query [SELECT f.idfactura, f.idcliente, c.nombre AS nombre_cliente, f.num_factura, f.fecha_emision, f.estado, f.observaciones, f.subtotal, f.importe_iva, f.total FROM facturas f INNER JOIN clientes c ON f.idcliente = c.idcliente ORDER BY f.fecha_emision DESC, f.idfactura DESC]
2026-10-02T00:00:16.831+02:00 DEBUG 38254 --- [facturacion360] [http-nio-81-exec-3] o.s.jdbc.core.JdbcTemplate               : Executing prepared SQL query
2026-10-02T00:00:16.831+02:00 DEBUG 38254 --- [facturacion360] [http-nio-81-exec-3] o.s.jdbc.core.JdbcTemplate               : Executing prepared SQL statement [SELECT
	`idusuario`,
	`usuario`,
	`clave_hash`,
	`nombre`,
	`rol`,
	`activo`,
	`fecha_alta`,
	`ultimo_acceso`
FROM `bd_facturacion`.`usuarios`
WHERE `usuario` = ?
]
2026-10-02T00:00:16.831+02:00 DEBUG 38254 --- [facturacion360] [http-nio-81-exec-7] e.x.f.r.FacturaRepositoryJdbcImpl        : buscar() devuelve 0 facturas
2026-10-02T00:00:23.232+02:00  INFO 38254 --- [facturacion360] [http-nio-81-exec-5] e.x.f.controller.ClienteController       : GET /cliente/listar-pagina -> CriteriosCliente[pagina=0, tamano=10, busqueda=Ja, provincia=null, poblacion=null, ordenarPor=fecha_alta, direccion=desc]
2026-10-02T00:00:23.233+02:00 DEBUG 38254 --- [facturacion360] [http-nio-81-exec-5] o.s.jdbc.core.JdbcTemplate               : Executing prepared SQL query
2026-10-02T00:00:23.233+02:00 DEBUG 38254 --- [facturacion360] [http-nio-81-exec-5] o.s.jdbc.core.JdbcTemplate               : Executing prepared SQL statement [SELECT idcliente, nombre, nif_cif, direccion, codigopostal, poblacion, provincia, telefono, email, fecha_alta FROM clientes WHERE (nombre LIKE ? ESCAPE '!' OR nif_cif LIKE ? ESCAPE '!') ORDER BY fecha_alta IS NULL, fecha_alta DESC, idcliente DESC LIMIT ? OFFSET ?]
2026-10-02T00:00:23.234+02:00 DEBUG 38254 --- [facturacion360] [http-nio-81-exec-5] e.x.f.r.ClienteRepositoryJdbcImpl        : findPagina(CriteriosCliente[pagina=0, tamano=10, busqueda=Ja, provincia=null, poblacion=null, ordenarPor=fecha_alta, direccion=desc]) -> 1 filas
2026-10-02T00:00:23.234+02:00 DEBUG 38254 --- [facturacion360] [http-nio-81-exec-5] o.s.jdbc.core.JdbcTemplate               : Executing prepared SQL query
2026-10-02T00:00:23.234+02:00 DEBUG 38254 --- [facturacion360] [http-nio-81-exec-5] o.s.jdbc.core.JdbcTemplate               : Executing prepared SQL statement [SELECT COUNT(*) FROM clientes WHERE (nombre LIKE ? ESCAPE '!' OR nif_cif LIKE ? ESCAPE '!')]
2026-10-02T00:00:23.234+02:00 DEBUG 38254 --- [facturacion360] [http-nio-81-exec-5] e.x.f.r.ClienteRepositoryJdbcImpl        : contarTotal(CriteriosCliente[pagina=0, tamano=10, busqueda=Ja, provincia=null, poblacion=null, ordenarPor=fecha_alta, direccion=desc]) -> 1 clientes
2026-10-02T00:00:23.234+02:00  INFO 38254 --- [facturacion360] [http-nio-81-exec-5] e.x.f.service.ClienteServiceImpl         : listarPagina(CriteriosCliente[pagina=0, tamano=10, busqueda=Ja, provincia=null, poblacion=null, ordenarPor=fecha_alta, direccion=desc]) -> pagina 1/1, 1 elementos
2026-10-02T00:00:23.234+02:00  INFO 38254 --- [facturacion360] [http-nio-81-exec-5] e.x.f.controller.ClienteController       : GET /cliente/listar-pagina -> 200 (pagina 1 de 1)
2026-10-02T00:00:28.848+02:00 DEBUG 38254 --- [facturacion360] [http-nio-81-exec-2] o.s.jdbc.core.JdbcTemplate               : Executing prepared SQL query
2026-10-02T00:00:28.848+02:00 DEBUG 38254 --- [facturacion360] [http-nio-81-exec-2] o.s.jdbc.core.JdbcTemplate               : Executing prepared SQL statement [SELECT COALESCE(MAX(CAST(SUBSTRING(num_factura, 8) AS UNSIGNED)), 0) FROM facturas WHERE CHAR_LENGTH(num_factura) = 11 AND REGEXP_LIKE(num_factura, ?, 'i') AND SUBSTRING(num_factura, 8) <> '0000']
2026-10-02T00:00:28.908+02:00 ERROR 38254 --- [facturacion360] [http-nio-81-exec-2] e.x.f.controller.ManejadorExcepciones    : Error al acceder a la base de datos

org.springframework.jdbc.BadSqlGrammarException: PreparedStatementCallback; bad SQL grammar [SELECT COALESCE(MAX(CAST(SUBSTRING(num_factura, 8) AS UNSIGNED)), 0) FROM facturas WHERE CHAR_LENGTH(num_factura) = 11 AND REGEXP_LIKE(num_factura, ?, 'i') AND SUBSTRING(num_factura, 8) <> '0000']
	at org.springframework.jdbc.support.SQLExceptionSubclassTranslator.doTranslate(SQLExceptionSubclassTranslator.java:112)
	at org.springframework.jdbc.support.AbstractFallbackSQLExceptionTranslator.translate(AbstractFallbackSQLExceptionTranslator.java:102)
	at org.springframework.jdbc.core.JdbcTemplate.translateException(JdbcTemplate.java:1549)
	at org.springframework.jdbc.core.JdbcTemplate.execute(JdbcTemplate.java:689)
	at org.springframework.jdbc.core.JdbcTemplate.query(JdbcTemplate.java:732)
	at org.springframework.jdbc.core.JdbcTemplate.query(JdbcTemplate.java:757)
	at org.springframework.jdbc.core.JdbcTemplate.queryForObject(JdbcTemplate.java:893)
	at org.springframework.jdbc.core.JdbcTemplate.queryForObject(JdbcTemplate.java:912)
	at edu.xtd.facturacion360.repository.FacturaRepositoryJdbcImpl.obtenerUltimoNumero(FacturaRepositoryJdbcImpl.java:97)
	at java.base/jdk.internal.reflect.DirectMethodHandleAccessor.invoke(DirectMethodHandleAccessor.java:103)
	at java.base/java.lang.reflect.Method.invoke(Method.java:580)
	at org.springframework.aop.support.AopUtils.invokeJoinpointUsingReflection(AopUtils.java:359)
	at org.springframework.aop.framework.ReflectiveMethodInvocation.invokeJoinpoint(ReflectiveMethodInvocation.java:190)
	at org.springframework.aop.framework.ReflectiveMethodInvocation.proceed(ReflectiveMethodInvocation.java:158)
	at org.springframework.dao.support.PersistenceExceptionTranslationInterceptor.invoke(PersistenceExceptionTranslationInterceptor.java:135)
	at org.springframework.aop.framework.ReflectiveMethodInvocation.proceed(ReflectiveMethodInvocation.java:179)
	at org.springframework.aop.framework.CglibAopProxy$DynamicAdvisedInterceptor.intercept(CglibAopProxy.java:719)
	at edu.xtd.facturacion360.repository.FacturaRepositoryJdbcImpl$$SpringCGLIB$$0.obtenerUltimoNumero(<generated>)
	at edu.xtd.facturacion360.service.FacturaServiceImpl.lambda$0(FacturaServiceImpl.java:122)
	at org.springframework.transaction.support.TransactionTemplate.execute(TransactionTemplate.java:137)
	at edu.xtd.facturacion360.service.FacturaServiceImpl.crear(FacturaServiceImpl.java:121)
	at java.base/jdk.internal.reflect.DirectMethodHandleAccessor.invoke(DirectMethodHandleAccessor.java:103)
	at java.base/java.lang.reflect.Method.invoke(Method.java:580)
	at org.springframework.aop.support.AopUtils.invokeJoinpointUsingReflection(AopUtils.java:359)
	at org.springframework.aop.framework.CglibAopProxy$DynamicAdvisedInterceptor.intercept(CglibAopProxy.java:715)
	at edu.xtd.facturacion360.service.FacturaServiceImpl$$SpringCGLIB$$0.crear(<generated>)
	at edu.xtd.facturacion360.controller.FacturaController.crear(FacturaController.java:45)
	at java.base/jdk.internal.reflect.DirectMethodHandleAccessor.invoke(DirectMethodHandleAccessor.java:103)
	at java.base/java.lang.reflect.Method.invoke(Method.java:580)
	at org.springframework.web.method.support.InvocableHandlerMethod.doInvoke(InvocableHandlerMethod.java:252)
	at org.springframework.web.method.support.InvocableHandlerMethod.invokeForRequest(InvocableHandlerMethod.java:184)
	at org.springframework.web.servlet.mvc.method.annotation.ServletInvocableHandlerMethod.invokeAndHandle(ServletInvocableHandlerMethod.java:117)
	at org.springframework.web.servlet.mvc.method.annotation.RequestMappingHandlerAdapter.invokeHandlerMethod(RequestMappingHandlerAdapter.java:934)
	at org.springframework.web.servlet.mvc.method.annotation.RequestMappingHandlerAdapter.handleInternal(RequestMappingHandlerAdapter.java:853)
	at org.springframework.web.servlet.mvc.method.AbstractHandlerMethodAdapter.handle(AbstractHandlerMethodAdapter.java:86)
	at org.springframework.web.servlet.DispatcherServlet.doDispatch(DispatcherServlet.java:963)
	at org.springframework.web.servlet.DispatcherServlet.doService(DispatcherServlet.java:866)
	at org.springframework.web.servlet.FrameworkServlet.processRequest(FrameworkServlet.java:1000)
	at org.springframework.web.servlet.FrameworkServlet.doPost(FrameworkServlet.java:903)
	at jakarta.servlet.http.HttpServlet.service(HttpServlet.java:649)
	at org.springframework.web.servlet.FrameworkServlet.service(FrameworkServlet.java:874)
	at jakarta.servlet.http.HttpServlet.service(HttpServlet.java:710)
	at org.apache.catalina.core.ApplicationFilterChain.doFilter(ApplicationFilterChain.java:128)
	at org.apache.tomcat.websocket.server.WsFilter.doFilter(WsFilter.java:53)
	at org.apache.catalina.core.ApplicationFilterChain.doFilter(ApplicationFilterChain.java:107)
	at org.springframework.web.servlet.resource.ResourceUrlEncodingFilter.doFilter(ResourceUrlEncodingFilter.java:66)
	at org.apache.catalina.core.ApplicationFilterChain.doFilter(ApplicationFilterChain.java:107)
	at org.springframework.web.filter.CompositeFilter$VirtualFilterChain.doFilter(CompositeFilter.java:108)
	at org.springframework.security.web.FilterChainProxy.lambda$doFilterInternal$2(FilterChainProxy.java:235)
	at org.springframework.security.web.FilterChainProxy$VirtualFilterChain.doFilter(FilterChainProxy.java:376)
	at org.springframework.security.web.access.intercept.AuthorizationFilter.doFilter(AuthorizationFilter.java:101)
	at org.springframework.security.web.FilterChainProxy$VirtualFilterChain.doFilter(FilterChainProxy.java:385)
	at org.springframework.security.web.access.ExceptionTranslationFilter.doFilter(ExceptionTranslationFilter.java:126)
	at org.springframework.security.web.access.ExceptionTranslationFilter.doFilter(ExceptionTranslationFilter.java:120)
	at org.springframework.security.web.FilterChainProxy$VirtualFilterChain.doFilter(FilterChainProxy.java:385)
	at org.springframework.security.web.session.SessionManagementFilter.doFilter(SessionManagementFilter.java:132)
	at org.springframework.security.web.session.SessionManagementFilter.doFilter(SessionManagementFilter.java:86)
	at org.springframework.security.web.FilterChainProxy$VirtualFilterChain.doFilter(FilterChainProxy.java:385)
	at org.springframework.security.web.authentication.AnonymousAuthenticationFilter.doFilter(AnonymousAuthenticationFilter.java:100)
	at org.springframework.security.web.FilterChainProxy$VirtualFilterChain.doFilter(FilterChainProxy.java:385)
	at org.springframework.security.web.servletapi.SecurityContextHolderAwareRequestFilter.doFilter(SecurityContextHolderAwareRequestFilter.java:181)
	at org.springframework.security.web.FilterChainProxy$VirtualFilterChain.doFilter(FilterChainProxy.java:385)
	at org.springframework.security.web.savedrequest.RequestCacheAwareFilter.doFilter(RequestCacheAwareFilter.java:63)
	at org.springframework.security.web.FilterChainProxy$VirtualFilterChain.doFilter(FilterChainProxy.java:385)
	at org.springframework.security.web.authentication.logout.LogoutFilter.doFilter(LogoutFilter.java:110)
	at org.springframework.security.web.authentication.logout.LogoutFilter.doFilter(LogoutFilter.java:96)
	at org.springframework.security.web.FilterChainProxy$VirtualFilterChain.doFilter(FilterChainProxy.java:385)
	at org.springframework.security.web.csrf.CsrfFilter.doFilterInternal(CsrfFilter.java:135)
	at org.springframework.web.filter.OncePerRequestFilter.doFilter(OncePerRequestFilter.java:116)
	at org.springframework.security.web.FilterChainProxy$VirtualFilterChain.doFilter(FilterChainProxy.java:385)
	at org.springframework.security.web.header.HeaderWriterFilter.doHeadersAfter(HeaderWriterFilter.java:90)
	at org.springframework.security.web.header.HeaderWriterFilter.doFilterInternal(HeaderWriterFilter.java:75)
	at org.springframework.web.filter.OncePerRequestFilter.doFilter(OncePerRequestFilter.java:116)
	at org.springframework.security.web.FilterChainProxy$VirtualFilterChain.doFilter(FilterChainProxy.java:385)
	at org.springframework.security.web.context.SecurityContextHolderFilter.doFilter(SecurityContextHolderFilter.java:82)
	at org.springframework.security.web.context.SecurityContextHolderFilter.doFilter(SecurityContextHolderFilter.java:69)
	at org.springframework.security.web.FilterChainProxy$VirtualFilterChain.doFilter(FilterChainProxy.java:385)
	at org.springframework.security.web.context.request.async.WebAsyncManagerIntegrationFilter.doFilterInternal(WebAsyncManagerIntegrationFilter.java:62)
	at org.springframework.web.filter.OncePerRequestFilter.doFilter(OncePerRequestFilter.java:116)
	at org.springframework.security.web.FilterChainProxy$VirtualFilterChain.doFilter(FilterChainProxy.java:385)
	at org.springframework.security.web.session.DisableEncodeUrlFilter.doFilterInternal(DisableEncodeUrlFilter.java:42)
	at org.springframework.web.filter.OncePerRequestFilter.doFilter(OncePerRequestFilter.java:116)
	at org.springframework.security.web.FilterChainProxy$VirtualFilterChain.doFilter(FilterChainProxy.java:385)
	at org.springframework.security.web.FilterChainProxy.doFilterInternal(FilterChainProxy.java:237)
	at org.springframework.security.web.FilterChainProxy.doFilter(FilterChainProxy.java:195)
	at org.springframework.web.filter.CompositeFilter$VirtualFilterChain.doFilter(CompositeFilter.java:113)
	at org.springframework.web.filter.ServletRequestPathFilter.doFilter(ServletRequestPathFilter.java:52)
	at org.springframework.web.filter.CompositeFilter$VirtualFilterChain.doFilter(CompositeFilter.java:113)
	at org.springframework.web.filter.CompositeFilter.doFilter(CompositeFilter.java:74)
	at org.springframework.security.config.annotation.web.configuration.WebSecurityConfiguration$CompositeFilterChainProxy.doFilter(WebSecurityConfiguration.java:317)
	at org.springframework.web.filter.DelegatingFilterProxy.invokeDelegate(DelegatingFilterProxy.java:355)
	at org.springframework.web.filter.DelegatingFilterProxy.doFilter(DelegatingFilterProxy.java:272)
	at org.apache.catalina.core.ApplicationFilterChain.doFilter(ApplicationFilterChain.java:107)
	at org.springframework.web.filter.RequestContextFilter.doFilterInternal(RequestContextFilter.java:100)
	at org.springframework.web.filter.OncePerRequestFilter.doFilter(OncePerRequestFilter.java:116)
	at org.apache.catalina.core.ApplicationFilterChain.doFilter(ApplicationFilterChain.java:107)
	at org.springframework.web.filter.FormContentFilter.doFilterInternal(FormContentFilter.java:93)
	at org.springframework.web.filter.OncePerRequestFilter.doFilter(OncePerRequestFilter.java:116)
	at org.apache.catalina.core.ApplicationFilterChain.doFilter(ApplicationFilterChain.java:107)
	at org.springframework.web.filter.CharacterEncodingFilter.doFilterInternal(CharacterEncodingFilter.java:199)
	at org.springframework.web.filter.OncePerRequestFilter.doFilter(OncePerRequestFilter.java:116)
	at org.apache.catalina.core.ApplicationFilterChain.doFilter(ApplicationFilterChain.java:107)
	at org.apache.catalina.core.StandardWrapperValve.invoke(StandardWrapperValve.java:165)
	at org.apache.catalina.core.StandardContextValve.invoke(StandardContextValve.java:77)
	at org.apache.catalina.authenticator.AuthenticatorBase.invoke(AuthenticatorBase.java:492)
	at org.apache.catalina.core.StandardHostValve.invoke(StandardHostValve.java:113)
	at org.apache.catalina.valves.ErrorReportValve.invoke(ErrorReportValve.java:83)
	at org.apache.catalina.core.StandardEngineValve.invoke(StandardEngineValve.java:72)
	at org.apache.catalina.connector.CoyoteAdapter.service(CoyoteAdapter.java:341)
	at org.apache.coyote.http11.Http11Processor.service(Http11Processor.java:397)
	at org.apache.coyote.AbstractProcessorLight.process(AbstractProcessorLight.java:63)
	at org.apache.coyote.AbstractProtocol$ConnectionHandler.process(AbstractProtocol.java:1272)
	at org.apache.tomcat.util.net.NioEndpoint$SocketProcessor.doRun(NioEndpoint.java:1801)
	at org.apache.tomcat.util.net.SocketProcessorBase.run(SocketProcessorBase.java:52)
	at org.apache.tomcat.util.threads.ThreadPoolExecutor.runWorker(ThreadPoolExecutor.java:946)
	at org.apache.tomcat.util.threads.ThreadPoolExecutor$Worker.run(ThreadPoolExecutor.java:480)
	at org.apache.tomcat.util.threads.TaskThread$WrappingRunnable.run(TaskThread.java:57)
	at java.base/java.lang.Thread.run(Thread.java:1583)
Caused by: java.sql.SQLSyntaxErrorException: FUNCTION bd_facturacion.REGEXP_LIKE does not exist
	at com.mysql.cj.jdbc.exceptions.SQLError.createSQLException(SQLError.java:112)
	at com.mysql.cj.jdbc.exceptions.SQLExceptionsMapping.translateException(SQLExceptionsMapping.java:114)
	at com.mysql.cj.jdbc.ClientPreparedStatement.executeInternal(ClientPreparedStatement.java:988)
	at com.mysql.cj.jdbc.ClientPreparedStatement.executeQuery(ClientPreparedStatement.java:1056)
	at com.zaxxer.hikari.pool.ProxyPreparedStatement.executeQuery(ProxyPreparedStatement.java:52)
	at com.zaxxer.hikari.pool.HikariProxyPreparedStatement.executeQuery(HikariProxyPreparedStatement.java)
	at org.springframework.jdbc.core.JdbcTemplate.lambda$query$0(JdbcTemplate.java:738)
	at org.springframework.jdbc.core.JdbcTemplate.execute(JdbcTemplate.java:670)
	... 114 common frames omitted

2026-10-02T00:00:28.910+02:00  WARN 38254 --- [facturacion360] [http-nio-81-exec-2] .m.m.a.ExceptionHandlerExceptionResolver : Resolved [org.springframework.jdbc.BadSqlGrammarException: PreparedStatementCallback; bad SQL grammar [SELECT COALESCE(MAX(CAST(SUBSTRING(num_factura, 8) AS UNSIGNED)), 0) FROM facturas WHERE CHAR_LENGTH(num_factura) = 11 AND REGEXP_LIKE(num_factura, ?, 'i') AND SUBSTRING(num_factura, 8) <> '0000']]
2026-10-02T00:00:31.714+02:00 DEBUG 38254 --- [facturacion360] [http-nio-81-exec-10] o.s.jdbc.core.JdbcTemplate               : Executing prepared SQL query
2026-10-02T00:00:31.714+02:00 DEBUG 38254 --- [facturacion360] [http-nio-81-exec-10] o.s.jdbc.core.JdbcTemplate               : Executing prepared SQL statement [SELECT COALESCE(MAX(CAST(SUBSTRING(num_factura, 8) AS UNSIGNED)), 0) FROM facturas WHERE CHAR_LENGTH(num_factura) = 11 AND REGEXP_LIKE(num_factura, ?, 'i') AND SUBSTRING(num_factura, 8) <> '0000']
2026-10-02T00:00:31.715+02:00 ERROR 38254 --- [facturacion360] [http-nio-81-exec-10] e.x.f.controller.ManejadorExcepciones    : Error al acceder a la base de datos

org.springframework.jdbc.BadSqlGrammarException: PreparedStatementCallback; bad SQL grammar [SELECT COALESCE(MAX(CAST(SUBSTRING(num_factura, 8) AS UNSIGNED)), 0) FROM facturas WHERE CHAR_LENGTH(num_factura) = 11 AND REGEXP_LIKE(num_factura, ?, 'i') AND SUBSTRING(num_factura, 8) <> '0000']
	at org.springframework.jdbc.support.SQLExceptionSubclassTranslator.doTranslate(SQLExceptionSubclassTranslator.java:112)
	at org.springframework.jdbc.support.AbstractFallbackSQLExceptionTranslator.translate(AbstractFallbackSQLExceptionTranslator.java:102)
	at org.springframework.jdbc.core.JdbcTemplate.translateException(JdbcTemplate.java:1549)
	at org.springframework.jdbc.core.JdbcTemplate.execute(JdbcTemplate.java:689)
	at org.springframework.jdbc.core.JdbcTemplate.query(JdbcTemplate.java:732)
	at org.springframework.jdbc.core.JdbcTemplate.query(JdbcTemplate.java:757)
	at org.springframework.jdbc.core.JdbcTemplate.queryForObject(JdbcTemplate.java:893)
	at org.springframework.jdbc.core.JdbcTemplate.queryForObject(JdbcTemplate.java:912)
	at edu.xtd.facturacion360.repository.FacturaRepositoryJdbcImpl.obtenerUltimoNumero(FacturaRepositoryJdbcImpl.java:97)
	at java.base/jdk.internal.reflect.DirectMethodHandleAccessor.invoke(DirectMethodHandleAccessor.java:103)
	at java.base/java.lang.reflect.Method.invoke(Method.java:580)
	at org.springframework.aop.support.AopUtils.invokeJoinpointUsingReflection(AopUtils.java:359)
	at org.springframework.aop.framework.ReflectiveMethodInvocation.invokeJoinpoint(ReflectiveMethodInvocation.java:190)
	at org.springframework.aop.framework.ReflectiveMethodInvocation.proceed(ReflectiveMethodInvocation.java:158)
	at org.springframework.dao.support.PersistenceExceptionTranslationInterceptor.invoke(PersistenceExceptionTranslationInterceptor.java:135)
	at org.springframework.aop.framework.ReflectiveMethodInvocation.proceed(ReflectiveMethodInvocation.java:179)
	at org.springframework.aop.framework.CglibAopProxy$DynamicAdvisedInterceptor.intercept(CglibAopProxy.java:719)
	at edu.xtd.facturacion360.repository.FacturaRepositoryJdbcImpl$$SpringCGLIB$$0.obtenerUltimoNumero(<generated>)
	at edu.xtd.facturacion360.service.FacturaServiceImpl.lambda$0(FacturaServiceImpl.java:122)
	at org.springframework.transaction.support.TransactionTemplate.execute(TransactionTemplate.java:137)
	at edu.xtd.facturacion360.service.FacturaServiceImpl.crear(FacturaServiceImpl.java:121)
	at java.base/jdk.internal.reflect.DirectMethodHandleAccessor.invoke(DirectMethodHandleAccessor.java:103)
	at java.base/java.lang.reflect.Method.invoke(Method.java:580)
	at org.springframework.aop.support.AopUtils.invokeJoinpointUsingReflection(AopUtils.java:359)
	at org.springframework.aop.framework.CglibAopProxy$DynamicAdvisedInterceptor.intercept(CglibAopProxy.java:715)
	at edu.xtd.facturacion360.service.FacturaServiceImpl$$SpringCGLIB$$0.crear(<generated>)
	at edu.xtd.facturacion360.controller.FacturaController.crear(FacturaController.java:45)
	at java.base/jdk.internal.reflect.DirectMethodHandleAccessor.invoke(DirectMethodHandleAccessor.java:103)
	at java.base/java.lang.reflect.Method.invoke(Method.java:580)
	at org.springframework.web.method.support.InvocableHandlerMethod.doInvoke(InvocableHandlerMethod.java:252)
	at org.springframework.web.method.support.InvocableHandlerMethod.invokeForRequest(InvocableHandlerMethod.java:184)
	at org.springframework.web.servlet.mvc.method.annotation.ServletInvocableHandlerMethod.invokeAndHandle(ServletInvocableHandlerMethod.java:117)
	at org.springframework.web.servlet.mvc.method.annotation.RequestMappingHandlerAdapter.invokeHandlerMethod(RequestMappingHandlerAdapter.java:934)
	at org.springframework.web.servlet.mvc.method.annotation.RequestMappingHandlerAdapter.handleInternal(RequestMappingHandlerAdapter.java:853)
	at org.springframework.web.servlet.mvc.method.AbstractHandlerMethodAdapter.handle(AbstractHandlerMethodAdapter.java:86)
	at org.springframework.web.servlet.DispatcherServlet.doDispatch(DispatcherServlet.java:963)
	at org.springframework.web.servlet.DispatcherServlet.doService(DispatcherServlet.java:866)
	at org.springframework.web.servlet.FrameworkServlet.processRequest(FrameworkServlet.java:1000)
	at org.springframework.web.servlet.FrameworkServlet.doPost(FrameworkServlet.java:903)
	at jakarta.servlet.http.HttpServlet.service(HttpServlet.java:649)
	at org.springframework.web.servlet.FrameworkServlet.service(FrameworkServlet.java:874)
	at jakarta.servlet.http.HttpServlet.service(HttpServlet.java:710)
	at org.apache.catalina.core.ApplicationFilterChain.doFilter(ApplicationFilterChain.java:128)
	at org.apache.tomcat.websocket.server.WsFilter.doFilter(WsFilter.java:53)
	at org.apache.catalina.core.ApplicationFilterChain.doFilter(ApplicationFilterChain.java:107)
	at org.springframework.web.servlet.resource.ResourceUrlEncodingFilter.doFilter(ResourceUrlEncodingFilter.java:66)
	at org.apache.catalina.core.ApplicationFilterChain.doFilter(ApplicationFilterChain.java:107)
	at org.springframework.web.filter.CompositeFilter$VirtualFilterChain.doFilter(CompositeFilter.java:108)
	at org.springframework.security.web.FilterChainProxy.lambda$doFilterInternal$2(FilterChainProxy.java:235)
	at org.springframework.security.web.FilterChainProxy$VirtualFilterChain.doFilter(FilterChainProxy.java:376)
	at org.springframework.security.web.access.intercept.AuthorizationFilter.doFilter(AuthorizationFilter.java:101)
	at org.springframework.security.web.FilterChainProxy$VirtualFilterChain.doFilter(FilterChainProxy.java:385)
	at org.springframework.security.web.access.ExceptionTranslationFilter.doFilter(ExceptionTranslationFilter.java:126)
	at org.springframework.security.web.access.ExceptionTranslationFilter.doFilter(ExceptionTranslationFilter.java:120)
	at org.springframework.security.web.FilterChainProxy$VirtualFilterChain.doFilter(FilterChainProxy.java:385)
	at org.springframework.security.web.session.SessionManagementFilter.doFilter(SessionManagementFilter.java:132)
	at org.springframework.security.web.session.SessionManagementFilter.doFilter(SessionManagementFilter.java:86)
	at org.springframework.security.web.FilterChainProxy$VirtualFilterChain.doFilter(FilterChainProxy.java:385)
	at org.springframework.security.web.authentication.AnonymousAuthenticationFilter.doFilter(AnonymousAuthenticationFilter.java:100)
	at org.springframework.security.web.FilterChainProxy$VirtualFilterChain.doFilter(FilterChainProxy.java:385)
	at org.springframework.security.web.servletapi.SecurityContextHolderAwareRequestFilter.doFilter(SecurityContextHolderAwareRequestFilter.java:181)
	at org.springframework.security.web.FilterChainProxy$VirtualFilterChain.doFilter(FilterChainProxy.java:385)
	at org.springframework.security.web.savedrequest.RequestCacheAwareFilter.doFilter(RequestCacheAwareFilter.java:63)
	at org.springframework.security.web.FilterChainProxy$VirtualFilterChain.doFilter(FilterChainProxy.java:385)
	at org.springframework.security.web.authentication.logout.LogoutFilter.doFilter(LogoutFilter.java:110)
	at org.springframework.security.web.authentication.logout.LogoutFilter.doFilter(LogoutFilter.java:96)
	at org.springframework.security.web.FilterChainProxy$VirtualFilterChain.doFilter(FilterChainProxy.java:385)
	at org.springframework.security.web.csrf.CsrfFilter.doFilterInternal(CsrfFilter.java:135)
	at org.springframework.web.filter.OncePerRequestFilter.doFilter(OncePerRequestFilter.java:116)
	at org.springframework.security.web.FilterChainProxy$VirtualFilterChain.doFilter(FilterChainProxy.java:385)
	at org.springframework.security.web.header.HeaderWriterFilter.doHeadersAfter(HeaderWriterFilter.java:90)
	at org.springframework.security.web.header.HeaderWriterFilter.doFilterInternal(HeaderWriterFilter.java:75)
	at org.springframework.web.filter.OncePerRequestFilter.doFilter(OncePerRequestFilter.java:116)
	at org.springframework.security.web.FilterChainProxy$VirtualFilterChain.doFilter(FilterChainProxy.java:385)
	at org.springframework.security.web.context.SecurityContextHolderFilter.doFilter(SecurityContextHolderFilter.java:82)
	at org.springframework.security.web.context.SecurityContextHolderFilter.doFilter(SecurityContextHolderFilter.java:69)
	at org.springframework.security.web.FilterChainProxy$VirtualFilterChain.doFilter(FilterChainProxy.java:385)
	at org.springframework.security.web.context.request.async.WebAsyncManagerIntegrationFilter.doFilterInternal(WebAsyncManagerIntegrationFilter.java:62)
	at org.springframework.web.filter.OncePerRequestFilter.doFilter(OncePerRequestFilter.java:116)
	at org.springframework.security.web.FilterChainProxy$VirtualFilterChain.doFilter(FilterChainProxy.java:385)
	at org.springframework.security.web.session.DisableEncodeUrlFilter.doFilterInternal(DisableEncodeUrlFilter.java:42)
	at org.springframework.web.filter.OncePerRequestFilter.doFilter(OncePerRequestFilter.java:116)
	at org.springframework.security.web.FilterChainProxy$VirtualFilterChain.doFilter(FilterChainProxy.java:385)
	at org.springframework.security.web.FilterChainProxy.doFilterInternal(FilterChainProxy.java:237)
	at org.springframework.security.web.FilterChainProxy.doFilter(FilterChainProxy.java:195)
	at org.springframework.web.filter.CompositeFilter$VirtualFilterChain.doFilter(CompositeFilter.java:113)
	at org.springframework.web.filter.ServletRequestPathFilter.doFilter(ServletRequestPathFilter.java:52)
	at org.springframework.web.filter.CompositeFilter$VirtualFilterChain.doFilter(CompositeFilter.java:113)
	at org.springframework.web.filter.CompositeFilter.doFilter(CompositeFilter.java:74)
	at org.springframework.security.config.annotation.web.configuration.WebSecurityConfiguration$CompositeFilterChainProxy.doFilter(WebSecurityConfiguration.java:317)
	at org.springframework.web.filter.DelegatingFilterProxy.invokeDelegate(DelegatingFilterProxy.java:355)
	at org.springframework.web.filter.DelegatingFilterProxy.doFilter(DelegatingFilterProxy.java:272)
	at org.apache.catalina.core.ApplicationFilterChain.doFilter(ApplicationFilterChain.java:107)
	at org.springframework.web.filter.RequestContextFilter.doFilterInternal(RequestContextFilter.java:100)
	at org.springframework.web.filter.OncePerRequestFilter.doFilter(OncePerRequestFilter.java:116)
	at org.apache.catalina.core.ApplicationFilterChain.doFilter(ApplicationFilterChain.java:107)
	at org.springframework.web.filter.FormContentFilter.doFilterInternal(FormContentFilter.java:93)
	at org.springframework.web.filter.OncePerRequestFilter.doFilter(OncePerRequestFilter.java:116)
	at org.apache.catalina.core.ApplicationFilterChain.doFilter(ApplicationFilterChain.java:107)
	at org.springframework.web.filter.CharacterEncodingFilter.doFilterInternal(CharacterEncodingFilter.java:199)
	at org.springframework.web.filter.OncePerRequestFilter.doFilter(OncePerRequestFilter.java:116)
	at org.apache.catalina.core.ApplicationFilterChain.doFilter(ApplicationFilterChain.java:107)
	at org.apache.catalina.core.StandardWrapperValve.invoke(StandardWrapperValve.java:165)
	at org.apache.catalina.core.StandardContextValve.invoke(StandardContextValve.java:77)
	at org.apache.catalina.authenticator.AuthenticatorBase.invoke(AuthenticatorBase.java:492)
	at org.apache.catalina.core.StandardHostValve.invoke(StandardHostValve.java:113)
	at org.apache.catalina.valves.ErrorReportValve.invoke(ErrorReportValve.java:83)
	at org.apache.catalina.core.StandardEngineValve.invoke(StandardEngineValve.java:72)
	at org.apache.catalina.connector.CoyoteAdapter.service(CoyoteAdapter.java:341)
	at org.apache.coyote.http11.Http11Processor.service(Http11Processor.java:397)
	at org.apache.coyote.AbstractProcessorLight.process(AbstractProcessorLight.java:63)
	at org.apache.coyote.AbstractProtocol$ConnectionHandler.process(AbstractProtocol.java:1272)
	at org.apache.tomcat.util.net.NioEndpoint$SocketProcessor.doRun(NioEndpoint.java:1801)
	at org.apache.tomcat.util.net.SocketProcessorBase.run(SocketProcessorBase.java:52)
	at org.apache.tomcat.util.threads.ThreadPoolExecutor.runWorker(ThreadPoolExecutor.java:946)
	at org.apache.tomcat.util.threads.ThreadPoolExecutor$Worker.run(ThreadPoolExecutor.java:480)
	at org.apache.tomcat.util.threads.TaskThread$WrappingRunnable.run(TaskThread.java:57)
	at java.base/java.lang.Thread.run(Thread.java:1583)
Caused by: java.sql.SQLSyntaxErrorException: FUNCTION bd_facturacion.REGEXP_LIKE does not exist
	at com.mysql.cj.jdbc.exceptions.SQLError.createSQLException(SQLError.java:112)
	at com.mysql.cj.jdbc.exceptions.SQLExceptionsMapping.translateException(SQLExceptionsMapping.java:114)
	at com.mysql.cj.jdbc.ClientPreparedStatement.executeInternal(ClientPreparedStatement.java:988)
	at com.mysql.cj.jdbc.ClientPreparedStatement.executeQuery(ClientPreparedStatement.java:1056)
	at com.zaxxer.hikari.pool.ProxyPreparedStatement.executeQuery(ProxyPreparedStatement.java:52)
	at com.zaxxer.hikari.pool.HikariProxyPreparedStatement.executeQuery(HikariProxyPreparedStatement.java)
	at org.springframework.jdbc.core.JdbcTemplate.lambda$query$0(JdbcTemplate.java:738)
	at org.springframework.jdbc.core.JdbcTemplate.execute(JdbcTemplate.java:670)
	... 114 common frames omitted

2026-10-02T00:00:31.717+02:00  WARN 38254 --- [facturacion360] [http-nio-81-exec-10] .m.m.a.ExceptionHandlerExceptionResolver : Resolved [org.springframework.jdbc.BadSqlGrammarException: PreparedStatementCallback; bad SQL grammar [SELECT COALESCE(MAX(CAST(SUBSTRING(num_factura, 8) AS UNSIGNED)), 0) FROM facturas WHERE CHAR_LENGTH(num_factura) = 11 AND REGEXP_LIKE(num_factura, ?, 'i') AND SUBSTRING(num_factura, 8) <> '0000']]
2026-10-02T00:03:34.743+02:00  INFO 43378 --- [facturacion360] [restartedMain] e.x.f.Facturacion360Application          : Starting Facturacion360Application using Java 21.0.12 with PID 43378 (/root/git/facturacion360-Proyecto-de-facturacion/facturacion360/target/classes started by root in /root/git/facturacion360-Proyecto-de-facturacion/facturacion360)
2026-10-02T00:03:34.744+02:00 DEBUG 43378 --- [facturacion360] [restartedMain] e.x.f.Facturacion360Application          : Running with Spring Boot v4.1.0, Spring v7.0.8
2026-10-02T00:03:34.744+02:00  INFO 43378 --- [facturacion360] [restartedMain] e.x.f.Facturacion360Application          : No active profile set, falling back to 1 default profile: "default"
2026-10-02T00:03:34.774+02:00  INFO 43378 --- [facturacion360] [restartedMain] o.s.b.devtools.restart.ChangeableUrls    : The Class-Path manifest attribute in /root/.m2/repository/com/github/hazendaz/htmlcompressor/2.4.1/htmlcompressor-2.4.1.jar referenced one or more files that do not exist: file:/root/.m2/repository/com/github/hazendaz/htmlcompressor/2.4.1/slf4j-api-2.0.18.jar,file:/root/.m2/repository/com/github/hazendaz/htmlcompressor/2.4.1/slf4j-simple-2.0.18.jar,file:/root/.m2/repository/com/github/hazendaz/htmlcompressor/2.4.1/closure-compiler-v20260610.jar,file:/root/.m2/repository/com/github/hazendaz/htmlcompressor/2.4.1/guava-33.6.0-jre.jar,file:/root/.m2/repository/com/github/hazendaz/htmlcompressor/2.4.1/failureaccess-1.0.3.jar,file:/root/.m2/repository/com/github/hazendaz/htmlcompressor/2.4.1/listenablefuture-9999.0-empty-to-avoid-conflict-with-guava.jar,file:/root/.m2/repository/com/github/hazendaz/htmlcompressor/2.4.1/jspecify-1.0.0.jar,file:/root/.m2/repository/com/github/hazendaz/htmlcompressor/2.4.1/yuicompressor-2.4.8.jar,file:/root/.m2/repository/com/github/hazendaz/htmlcompressor/2.4.1/rhino-1.9.1.jar,file:/root/.m2/repository/com/github/hazendaz/htmlcompressor/2.4.1/checker-qual-4.1.0.jar
2026-10-02T00:03:34.775+02:00  INFO 43378 --- [facturacion360] [restartedMain] .e.DevToolsPropertyDefaultsPostProcessor : Devtools property defaults active! Set 'spring.devtools.add-properties' to 'false' to disable
2026-10-02T00:03:34.775+02:00  INFO 43378 --- [facturacion360] [restartedMain] .e.DevToolsPropertyDefaultsPostProcessor : For additional web related logging consider setting the 'logging.level.web' property to 'DEBUG'
2026-10-02T00:03:35.569+02:00  INFO 43378 --- [facturacion360] [restartedMain] o.s.boot.tomcat.TomcatWebServer          : Tomcat initialized with port 81 (http)
2026-10-02T00:03:35.579+02:00  INFO 43378 --- [facturacion360] [restartedMain] o.apache.catalina.core.StandardService   : Starting service [Tomcat]
2026-10-02T00:03:35.580+02:00  INFO 43378 --- [facturacion360] [restartedMain] o.apache.catalina.core.StandardEngine    : Starting Servlet engine: [Apache Tomcat/11.0.22]
2026-10-02T00:03:35.605+02:00  INFO 43378 --- [facturacion360] [restartedMain] b.w.c.s.WebApplicationContextInitializer : Root WebApplicationContext: initialization completed in 830 ms
2026-10-02T00:03:35.781+02:00  INFO 43378 --- [facturacion360] [restartedMain] r$InitializeUserDetailsManagerConfigurer : Global AuthenticationManager configured with UserDetailsService bean with name usuariosDetailsService
2026-10-02T00:03:36.038+02:00  INFO 43378 --- [facturacion360] [restartedMain] o.s.b.w.a.WelcomePageHandlerMapping      : Adding welcome page: class path resource [static/index.html]
2026-10-02T00:04:13.929+02:00  INFO 38254 --- [facturacion360] [http-nio-81-exec-5] e.x.f.service.UsuarioServiceImpl         : Alta de usuario: pruebacla
2026-10-02T00:04:13.929+02:00 DEBUG 38254 --- [facturacion360] [http-nio-81-exec-5] o.s.jdbc.core.JdbcTemplate               : Executing SQL update and returning generated keys
2026-10-02T00:04:13.930+02:00 DEBUG 38254 --- [facturacion360] [http-nio-81-exec-5] o.s.jdbc.core.JdbcTemplate               : Executing prepared SQL statement
2026-10-02T00:04:13.932+02:00  INFO 38254 --- [facturacion360] [http-nio-81-exec-5] e.x.f.controller.AuthController          : Cuenta creada: pruebacla
2026-10-02T00:04:15.960+02:00 DEBUG 38254 --- [facturacion360] [http-nio-81-exec-9] o.s.jdbc.core.JdbcTemplate               : Executing prepared SQL query
2026-10-02T00:04:15.960+02:00 DEBUG 38254 --- [facturacion360] [http-nio-81-exec-9] o.s.jdbc.core.JdbcTemplate               : Executing prepared SQL statement [SELECT
	`idusuario`,
	`usuario`,
	`clave_hash`,
	`nombre`,
	`rol`,
	`activo`,
	`fecha_alta`,
	`ultimo_acceso`
FROM `bd_facturacion`.`usuarios`
WHERE `usuario` = ?
]
2026-10-02T00:04:15.961+02:00 DEBUG 38254 --- [facturacion360] [http-nio-81-exec-9] e.x.f.seguridad.UsuariosDetailsService   : Usuario cargado: pruebacla (USUARIO)
2026-10-02T00:04:16.019+02:00 DEBUG 38254 --- [facturacion360] [http-nio-81-exec-9] o.s.jdbc.core.JdbcTemplate               : Executing prepared SQL query
2026-10-02T00:04:16.019+02:00 DEBUG 38254 --- [facturacion360] [http-nio-81-exec-9] o.s.jdbc.core.JdbcTemplate               : Executing prepared SQL statement [SELECT
	`idusuario`,
	`usuario`,
	`clave_hash`,
	`nombre`,
	`rol`,
	`activo`,
	`fecha_alta`,
	`ultimo_acceso`
FROM `bd_facturacion`.`usuarios`
WHERE `usuario` = ?
]
2026-10-02T00:04:16.020+02:00 DEBUG 38254 --- [facturacion360] [http-nio-81-exec-9] o.s.jdbc.core.JdbcTemplate               : Executing prepared SQL update
2026-10-02T00:04:16.020+02:00 DEBUG 38254 --- [facturacion360] [http-nio-81-exec-9] o.s.jdbc.core.JdbcTemplate               : Executing prepared SQL statement [UPDATE `bd_facturacion`.`usuarios`
SET `ultimo_acceso` = NOW()
WHERE `idusuario` = ?
]
2026-10-02T00:04:16.022+02:00  INFO 38254 --- [facturacion360] [http-nio-81-exec-9] e.x.f.controller.AuthController          : Inicio de sesión correcto: pruebacla ([ROLE_USUARIO, FactorGrantedAuthority [authority=FACTOR_PASSWORD, issuedAt=2026-10-01T22:04:16.019605778Z]])
2026-10-02T00:04:19.477+02:00  WARN 38254 --- [facturacion360] [http-nio-81-exec-3] e.x.f.controller.ManejadorExcepciones    : Datos no válidos: {conceptos[0].calificacion=La calificación tiene que ser S1, S2, N1, N2 o de E1 a E6}
2026-10-02T00:04:19.478+02:00  WARN 38254 --- [facturacion360] [http-nio-81-exec-3] .m.m.a.ExceptionHandlerExceptionResolver : Resolved [org.springframework.web.bind.MethodArgumentNotValidException: Validation failed for argument [0] in public org.springframework.http.ResponseEntity<edu.xtd.facturacion360.dto.Factura> edu.xtd.facturacion360.controller.FacturaController.crear(edu.xtd.facturacion360.dto.FacturaRequest): [Field error in object 'facturaRequest' on field 'conceptos[0].calificacion': rejected value [01]; codes [Pattern.facturaRequest.conceptos[0].calificacion,Pattern.facturaRequest.conceptos.calificacion,Pattern.conceptos[0].calificacion,Pattern.conceptos.calificacion,Pattern.calificacion,Pattern.java.lang.String,Pattern]; arguments [org.springframework.context.support.DefaultMessageSourceResolvable: codes [facturaRequest.conceptos[0].calificacion,conceptos[0].calificacion]; arguments []; default message [conceptos[0].calificacion],[Ljakarta.validation.constraints.Pattern$Flag;@29ee2d66,S[12]|N[12]|E[1-6]]; default message [La calificación tiene que ser S1, S2, N1, N2 o de E1 a E6]] ]
2026-10-02T00:04:22.341+02:00 DEBUG 38254 --- [facturacion360] [http-nio-81-exec-1] o.s.jdbc.core.JdbcTemplate               : Executing prepared SQL query
2026-10-02T00:04:22.341+02:00 DEBUG 38254 --- [facturacion360] [http-nio-81-exec-1] o.s.jdbc.core.JdbcTemplate               : Executing prepared SQL statement [SELECT COALESCE(MAX(CAST(SUBSTRING(num_factura, 8) AS UNSIGNED)), 0) FROM facturas WHERE CHAR_LENGTH(num_factura) = 11 AND REGEXP_LIKE(num_factura, ?, 'i') AND SUBSTRING(num_factura, 8) <> '0000']
2026-10-02T00:04:22.342+02:00 ERROR 38254 --- [facturacion360] [http-nio-81-exec-1] e.x.f.controller.ManejadorExcepciones    : Error al acceder a la base de datos

org.springframework.jdbc.BadSqlGrammarException: PreparedStatementCallback; bad SQL grammar [SELECT COALESCE(MAX(CAST(SUBSTRING(num_factura, 8) AS UNSIGNED)), 0) FROM facturas WHERE CHAR_LENGTH(num_factura) = 11 AND REGEXP_LIKE(num_factura, ?, 'i') AND SUBSTRING(num_factura, 8) <> '0000']
	at org.springframework.jdbc.support.SQLExceptionSubclassTranslator.doTranslate(SQLExceptionSubclassTranslator.java:112)
	at org.springframework.jdbc.support.AbstractFallbackSQLExceptionTranslator.translate(AbstractFallbackSQLExceptionTranslator.java:102)
	at org.springframework.jdbc.core.JdbcTemplate.translateException(JdbcTemplate.java:1549)
	at org.springframework.jdbc.core.JdbcTemplate.execute(JdbcTemplate.java:689)
	at org.springframework.jdbc.core.JdbcTemplate.query(JdbcTemplate.java:732)
	at org.springframework.jdbc.core.JdbcTemplate.query(JdbcTemplate.java:757)
	at org.springframework.jdbc.core.JdbcTemplate.queryForObject(JdbcTemplate.java:893)
	at org.springframework.jdbc.core.JdbcTemplate.queryForObject(JdbcTemplate.java:912)
	at edu.xtd.facturacion360.repository.FacturaRepositoryJdbcImpl.obtenerUltimoNumero(FacturaRepositoryJdbcImpl.java:97)
	at java.base/jdk.internal.reflect.DirectMethodHandleAccessor.invoke(DirectMethodHandleAccessor.java:103)
	at java.base/java.lang.reflect.Method.invoke(Method.java:580)
	at org.springframework.aop.support.AopUtils.invokeJoinpointUsingReflection(AopUtils.java:359)
	at org.springframework.aop.framework.ReflectiveMethodInvocation.invokeJoinpoint(ReflectiveMethodInvocation.java:190)
	at org.springframework.aop.framework.ReflectiveMethodInvocation.proceed(ReflectiveMethodInvocation.java:158)
	at org.springframework.dao.support.PersistenceExceptionTranslationInterceptor.invoke(PersistenceExceptionTranslationInterceptor.java:135)
	at org.springframework.aop.framework.ReflectiveMethodInvocation.proceed(ReflectiveMethodInvocation.java:179)
	at org.springframework.aop.framework.CglibAopProxy$DynamicAdvisedInterceptor.intercept(CglibAopProxy.java:719)
	at edu.xtd.facturacion360.repository.FacturaRepositoryJdbcImpl$$SpringCGLIB$$0.obtenerUltimoNumero(<generated>)
	at edu.xtd.facturacion360.service.FacturaServiceImpl.lambda$0(FacturaServiceImpl.java:122)
	at org.springframework.transaction.support.TransactionTemplate.execute(TransactionTemplate.java:137)
	at edu.xtd.facturacion360.service.FacturaServiceImpl.crear(FacturaServiceImpl.java:121)
	at java.base/jdk.internal.reflect.DirectMethodHandleAccessor.invoke(DirectMethodHandleAccessor.java:103)
	at java.base/java.lang.reflect.Method.invoke(Method.java:580)
	at org.springframework.aop.support.AopUtils.invokeJoinpointUsingReflection(AopUtils.java:359)
	at org.springframework.aop.framework.CglibAopProxy$DynamicAdvisedInterceptor.intercept(CglibAopProxy.java:715)
	at edu.xtd.facturacion360.service.FacturaServiceImpl$$SpringCGLIB$$0.crear(<generated>)
	at edu.xtd.facturacion360.controller.FacturaController.crear(FacturaController.java:45)
	at java.base/jdk.internal.reflect.DirectMethodHandleAccessor.invoke(DirectMethodHandleAccessor.java:103)
	at java.base/java.lang.reflect.Method.invoke(Method.java:580)
	at org.springframework.web.method.support.InvocableHandlerMethod.doInvoke(InvocableHandlerMethod.java:252)
	at org.springframework.web.method.support.InvocableHandlerMethod.invokeForRequest(InvocableHandlerMethod.java:184)
	at org.springframework.web.servlet.mvc.method.annotation.ServletInvocableHandlerMethod.invokeAndHandle(ServletInvocableHandlerMethod.java:117)
	at org.springframework.web.servlet.mvc.method.annotation.RequestMappingHandlerAdapter.invokeHandlerMethod(RequestMappingHandlerAdapter.java:934)
	at org.springframework.web.servlet.mvc.method.annotation.RequestMappingHandlerAdapter.handleInternal(RequestMappingHandlerAdapter.java:853)
	at org.springframework.web.servlet.mvc.method.AbstractHandlerMethodAdapter.handle(AbstractHandlerMethodAdapter.java:86)
	at org.springframework.web.servlet.DispatcherServlet.doDispatch(DispatcherServlet.java:963)
	at org.springframework.web.servlet.DispatcherServlet.doService(DispatcherServlet.java:866)
	at org.springframework.web.servlet.FrameworkServlet.processRequest(FrameworkServlet.java:1000)
	at org.springframework.web.servlet.FrameworkServlet.doPost(FrameworkServlet.java:903)
	at jakarta.servlet.http.HttpServlet.service(HttpServlet.java:649)
	at org.springframework.web.servlet.FrameworkServlet.service(FrameworkServlet.java:874)
	at jakarta.servlet.http.HttpServlet.service(HttpServlet.java:710)
	at org.apache.catalina.core.ApplicationFilterChain.doFilter(ApplicationFilterChain.java:128)
	at org.apache.tomcat.websocket.server.WsFilter.doFilter(WsFilter.java:53)
	at org.apache.catalina.core.ApplicationFilterChain.doFilter(ApplicationFilterChain.java:107)
	at org.springframework.web.servlet.resource.ResourceUrlEncodingFilter.doFilter(ResourceUrlEncodingFilter.java:66)
	at org.apache.catalina.core.ApplicationFilterChain.doFilter(ApplicationFilterChain.java:107)
	at org.springframework.web.filter.CompositeFilter$VirtualFilterChain.doFilter(CompositeFilter.java:108)
	at org.springframework.security.web.FilterChainProxy.lambda$doFilterInternal$2(FilterChainProxy.java:235)
	at org.springframework.security.web.FilterChainProxy$VirtualFilterChain.doFilter(FilterChainProxy.java:376)
	at org.springframework.security.web.access.intercept.AuthorizationFilter.doFilter(AuthorizationFilter.java:101)
	at org.springframework.security.web.FilterChainProxy$VirtualFilterChain.doFilter(FilterChainProxy.java:385)
	at org.springframework.security.web.access.ExceptionTranslationFilter.doFilter(ExceptionTranslationFilter.java:126)
	at org.springframework.security.web.access.ExceptionTranslationFilter.doFilter(ExceptionTranslationFilter.java:120)
	at org.springframework.security.web.FilterChainProxy$VirtualFilterChain.doFilter(FilterChainProxy.java:385)
	at org.springframework.security.web.session.SessionManagementFilter.doFilter(SessionManagementFilter.java:132)
	at org.springframework.security.web.session.SessionManagementFilter.doFilter(SessionManagementFilter.java:86)
	at org.springframework.security.web.FilterChainProxy$VirtualFilterChain.doFilter(FilterChainProxy.java:385)
	at org.springframework.security.web.authentication.AnonymousAuthenticationFilter.doFilter(AnonymousAuthenticationFilter.java:100)
	at org.springframework.security.web.FilterChainProxy$VirtualFilterChain.doFilter(FilterChainProxy.java:385)
	at org.springframework.security.web.servletapi.SecurityContextHolderAwareRequestFilter.doFilter(SecurityContextHolderAwareRequestFilter.java:181)
	at org.springframework.security.web.FilterChainProxy$VirtualFilterChain.doFilter(FilterChainProxy.java:385)
	at org.springframework.security.web.savedrequest.RequestCacheAwareFilter.doFilter(RequestCacheAwareFilter.java:63)
	at org.springframework.security.web.FilterChainProxy$VirtualFilterChain.doFilter(FilterChainProxy.java:385)
	at org.springframework.security.web.authentication.logout.LogoutFilter.doFilter(LogoutFilter.java:110)
	at org.springframework.security.web.authentication.logout.LogoutFilter.doFilter(LogoutFilter.java:96)
	at org.springframework.security.web.FilterChainProxy$VirtualFilterChain.doFilter(FilterChainProxy.java:385)
	at org.springframework.security.web.csrf.CsrfFilter.doFilterInternal(CsrfFilter.java:135)
	at org.springframework.web.filter.OncePerRequestFilter.doFilter(OncePerRequestFilter.java:116)
	at org.springframework.security.web.FilterChainProxy$VirtualFilterChain.doFilter(FilterChainProxy.java:385)
	at org.springframework.security.web.header.HeaderWriterFilter.doHeadersAfter(HeaderWriterFilter.java:90)
	at org.springframework.security.web.header.HeaderWriterFilter.doFilterInternal(HeaderWriterFilter.java:75)
	at org.springframework.web.filter.OncePerRequestFilter.doFilter(OncePerRequestFilter.java:116)
	at org.springframework.security.web.FilterChainProxy$VirtualFilterChain.doFilter(FilterChainProxy.java:385)
	at org.springframework.security.web.context.SecurityContextHolderFilter.doFilter(SecurityContextHolderFilter.java:82)
	at org.springframework.security.web.context.SecurityContextHolderFilter.doFilter(SecurityContextHolderFilter.java:69)
	at org.springframework.security.web.FilterChainProxy$VirtualFilterChain.doFilter(FilterChainProxy.java:385)
	at org.springframework.security.web.context.request.async.WebAsyncManagerIntegrationFilter.doFilterInternal(WebAsyncManagerIntegrationFilter.java:62)
	at org.springframework.web.filter.OncePerRequestFilter.doFilter(OncePerRequestFilter.java:116)
	at org.springframework.security.web.FilterChainProxy$VirtualFilterChain.doFilter(FilterChainProxy.java:385)
	at org.springframework.security.web.session.DisableEncodeUrlFilter.doFilterInternal(DisableEncodeUrlFilter.java:42)
	at org.springframework.web.filter.OncePerRequestFilter.doFilter(OncePerRequestFilter.java:116)
	at org.springframework.security.web.FilterChainProxy$VirtualFilterChain.doFilter(FilterChainProxy.java:385)
	at org.springframework.security.web.FilterChainProxy.doFilterInternal(FilterChainProxy.java:237)
	at org.springframework.security.web.FilterChainProxy.doFilter(FilterChainProxy.java:195)
	at org.springframework.web.filter.CompositeFilter$VirtualFilterChain.doFilter(CompositeFilter.java:113)
	at org.springframework.web.filter.ServletRequestPathFilter.doFilter(ServletRequestPathFilter.java:52)
	at org.springframework.web.filter.CompositeFilter$VirtualFilterChain.doFilter(CompositeFilter.java:113)
	at org.springframework.web.filter.CompositeFilter.doFilter(CompositeFilter.java:74)
	at org.springframework.security.config.annotation.web.configuration.WebSecurityConfiguration$CompositeFilterChainProxy.doFilter(WebSecurityConfiguration.java:317)
	at org.springframework.web.filter.DelegatingFilterProxy.invokeDelegate(DelegatingFilterProxy.java:355)
	at org.springframework.web.filter.DelegatingFilterProxy.doFilter(DelegatingFilterProxy.java:272)
	at org.apache.catalina.core.ApplicationFilterChain.doFilter(ApplicationFilterChain.java:107)
	at org.springframework.web.filter.RequestContextFilter.doFilterInternal(RequestContextFilter.java:100)
	at org.springframework.web.filter.OncePerRequestFilter.doFilter(OncePerRequestFilter.java:116)
	at org.apache.catalina.core.ApplicationFilterChain.doFilter(ApplicationFilterChain.java:107)
	at org.springframework.web.filter.FormContentFilter.doFilterInternal(FormContentFilter.java:93)
	at org.springframework.web.filter.OncePerRequestFilter.doFilter(OncePerRequestFilter.java:116)
	at org.apache.catalina.core.ApplicationFilterChain.doFilter(ApplicationFilterChain.java:107)
	at org.springframework.web.filter.CharacterEncodingFilter.doFilterInternal(CharacterEncodingFilter.java:199)
	at org.springframework.web.filter.OncePerRequestFilter.doFilter(OncePerRequestFilter.java:116)
	at org.apache.catalina.core.ApplicationFilterChain.doFilter(ApplicationFilterChain.java:107)
	at org.apache.catalina.core.StandardWrapperValve.invoke(StandardWrapperValve.java:165)
	at org.apache.catalina.core.StandardContextValve.invoke(StandardContextValve.java:77)
	at org.apache.catalina.authenticator.AuthenticatorBase.invoke(AuthenticatorBase.java:492)
	at org.apache.catalina.core.StandardHostValve.invoke(StandardHostValve.java:113)
	at org.apache.catalina.valves.ErrorReportValve.invoke(ErrorReportValve.java:83)
	at org.apache.catalina.core.StandardEngineValve.invoke(StandardEngineValve.java:72)
	at org.apache.catalina.connector.CoyoteAdapter.service(CoyoteAdapter.java:341)
	at org.apache.coyote.http11.Http11Processor.service(Http11Processor.java:397)
	at org.apache.coyote.AbstractProcessorLight.process(AbstractProcessorLight.java:63)
	at org.apache.coyote.AbstractProtocol$ConnectionHandler.process(AbstractProtocol.java:1272)
	at org.apache.tomcat.util.net.NioEndpoint$SocketProcessor.doRun(NioEndpoint.java:1801)
	at org.apache.tomcat.util.net.SocketProcessorBase.run(SocketProcessorBase.java:52)
	at org.apache.tomcat.util.threads.ThreadPoolExecutor.runWorker(ThreadPoolExecutor.java:946)
	at org.apache.tomcat.util.threads.ThreadPoolExecutor$Worker.run(ThreadPoolExecutor.java:480)
	at org.apache.tomcat.util.threads.TaskThread$WrappingRunnable.run(TaskThread.java:57)
	at java.base/java.lang.Thread.run(Thread.java:1583)
Caused by: java.sql.SQLSyntaxErrorException: FUNCTION bd_facturacion.REGEXP_LIKE does not exist
	at com.mysql.cj.jdbc.exceptions.SQLError.createSQLException(SQLError.java:112)
	at com.mysql.cj.jdbc.exceptions.SQLExceptionsMapping.translateException(SQLExceptionsMapping.java:114)
	at com.mysql.cj.jdbc.ClientPreparedStatement.executeInternal(ClientPreparedStatement.java:988)
	at com.mysql.cj.jdbc.ClientPreparedStatement.executeQuery(ClientPreparedStatement.java:1056)
	at com.zaxxer.hikari.pool.ProxyPreparedStatement.executeQuery(ProxyPreparedStatement.java:52)
	at com.zaxxer.hikari.pool.HikariProxyPreparedStatement.executeQuery(HikariProxyPreparedStatement.java)
	at org.springframework.jdbc.core.JdbcTemplate.lambda$query$0(JdbcTemplate.java:738)
	at org.springframework.jdbc.core.JdbcTemplate.execute(JdbcTemplate.java:670)
	... 114 common frames omitted

2026-10-02T00:04:22.343+02:00  WARN 38254 --- [facturacion360] [http-nio-81-exec-1] .m.m.a.ExceptionHandlerExceptionResolver : Resolved [org.springframework.jdbc.BadSqlGrammarException: PreparedStatementCallback; bad SQL grammar [SELECT COALESCE(MAX(CAST(SUBSTRING(num_factura, 8) AS UNSIGNED)), 0) FROM facturas WHERE CHAR_LENGTH(num_factura) = 11 AND REGEXP_LIKE(num_factura, ?, 'i') AND SUBSTRING(num_factura, 8) <> '0000']]
2026-10-02T00:04:49.635+02:00  INFO 38254 --- [facturacion360] [File Watcher] rtingClassPathChangeChangedEventListener : Restarting due to 1 class path change (0 additions, 0 deletions, 1 modification)
2026-10-02T00:04:49.638+02:00  INFO 38254 --- [facturacion360] [Thread-1] o.s.boot.tomcat.GracefulShutdown         : Commencing graceful shutdown. Waiting for active requests to complete
2026-10-02T00:04:49.639+02:00  INFO 38254 --- [facturacion360] [tomcat-shutdown] o.s.boot.tomcat.GracefulShutdown         : Graceful shutdown complete
2026-10-02T00:04:49.642+02:00  INFO 38254 --- [facturacion360] [Thread-1] com.zaxxer.hikari.HikariDataSource       : HikariPool-1 - Shutdown initiated...
2026-10-02T00:04:49.645+02:00  INFO 38254 --- [facturacion360] [Thread-1] com.zaxxer.hikari.HikariDataSource       : HikariPool-1 - Shutdown completed.
2026-10-02T00:04:49.710+02:00  INFO 38254 --- [facturacion360] [restartedMain] e.x.f.Facturacion360Application          : Starting Facturacion360Application using Java 21.0.12 with PID 38254 (/root/git/facturacion360-Proyecto-de-facturacion/facturacion360/target/classes started by root in /root/git/facturacion360-Proyecto-de-facturacion/facturacion360)
2026-10-02T00:04:49.710+02:00 DEBUG 38254 --- [facturacion360] [restartedMain] e.x.f.Facturacion360Application          : Running with Spring Boot v4.1.0, Spring v7.0.8
2026-10-02T00:04:49.710+02:00  INFO 38254 --- [facturacion360] [restartedMain] e.x.f.Facturacion360Application          : No active profile set, falling back to 1 default profile: "default"
2026-10-02T00:04:49.872+02:00  INFO 38254 --- [facturacion360] [restartedMain] o.s.boot.tomcat.TomcatWebServer          : Tomcat initialized with port 81 (http)
2026-10-02T00:04:49.873+02:00  INFO 38254 --- [facturacion360] [restartedMain] o.apache.catalina.core.StandardService   : Starting service [Tomcat]
2026-10-02T00:04:49.873+02:00  INFO 38254 --- [facturacion360] [restartedMain] o.apache.catalina.core.StandardEngine    : Starting Servlet engine: [Apache Tomcat/11.0.22]
2026-10-02T00:04:49.878+02:00  INFO 38254 --- [facturacion360] [restartedMain] b.w.c.s.WebApplicationContextInitializer : Root WebApplicationContext: initialization completed in 166 ms
2026-10-02T00:04:49.921+02:00  INFO 38254 --- [facturacion360] [restartedMain] r$InitializeUserDetailsManagerConfigurer : Global AuthenticationManager configured with UserDetailsService bean with name usuariosDetailsService
2026-10-02T00:04:50.008+02:00  INFO 38254 --- [facturacion360] [restartedMain] o.s.b.w.a.WelcomePageHandlerMapping      : Adding welcome page: class path resource [static/index.html]
2026-10-02T00:04:50.076+02:00  INFO 38254 --- [facturacion360] [restartedMain] o.s.boot.tomcat.TomcatWebServer          : Tomcat started on port 81 (http) with context path '/'
2026-10-02T00:04:50.078+02:00  INFO 38254 --- [facturacion360] [restartedMain] e.x.f.Facturacion360Application          : Started Facturacion360Application in 0.395 seconds (process running for 1630.009)
2026-10-02T00:04:50.079+02:00  WARN 38254 --- [facturacion360] [restartedMain] o.s.core.events.SpringDocAppInitializer  : SpringDoc /v3/api-docs endpoint is enabled by default. To disable it in production, set the property 'springdoc.api-docs.enabled=false'
2026-10-02T00:04:50.079+02:00  WARN 38254 --- [facturacion360] [restartedMain] o.s.core.events.SpringDocAppInitializer  : SpringDoc /swagger-ui.html endpoint is enabled by default. To disable it in production, set the property 'springdoc.swagger-ui.enabled=false'
2026-10-02T00:04:50.080+02:00  INFO 38254 --- [facturacion360] [restartedMain] .ConditionEvaluationDeltaLoggingListener : Condition evaluation unchanged
2026-10-02T00:05:10.098+02:00  INFO 38254 --- [facturacion360] [http-nio-81-exec-1] o.a.c.c.C.[Tomcat].[localhost].[/]       : Initializing Spring DispatcherServlet 'dispatcherServlet'
2026-10-02T00:05:10.098+02:00  INFO 38254 --- [facturacion360] [http-nio-81-exec-1] o.s.web.servlet.DispatcherServlet        : Initializing Servlet 'dispatcherServlet'
2026-10-02T00:05:10.099+02:00  INFO 38254 --- [facturacion360] [http-nio-81-exec-1] o.s.web.servlet.DispatcherServlet        : Completed initialization in 1 ms
2026-10-02T00:05:13.247+02:00  INFO 38254 --- [facturacion360] [http-nio-81-exec-5] com.zaxxer.hikari.HikariDataSource       : HikariPool-2 - Starting...
2026-10-02T00:05:13.249+02:00  INFO 38254 --- [facturacion360] [http-nio-81-exec-5] com.zaxxer.hikari.pool.HikariPool        : HikariPool-2 - Added connection com.mysql.cj.jdbc.ConnectionImpl@71c965ce
2026-10-02T00:05:13.249+02:00  INFO 38254 --- [facturacion360] [http-nio-81-exec-5] com.zaxxer.hikari.HikariDataSource       : HikariPool-2 - Start completed.
2026-10-02T00:05:13.250+02:00 DEBUG 38254 --- [facturacion360] [http-nio-81-exec-5] o.s.jdbc.core.JdbcTemplate               : Executing prepared SQL query
2026-10-02T00:05:13.250+02:00 DEBUG 38254 --- [facturacion360] [http-nio-81-exec-5] o.s.jdbc.core.JdbcTemplate               : Executing prepared SQL statement [SELECT COALESCE(MAX(CAST(SUBSTRING(num_factura, 8) AS UNSIGNED)), 0) FROM facturas WHERE CHAR_LENGTH(num_factura) = 11 AND num_factura REGEXP ? AND SUBSTRING(num_factura, 8) <> '0000']
2026-10-02T00:05:13.251+02:00 DEBUG 38254 --- [facturacion360] [http-nio-81-exec-5] o.s.jdbc.core.JdbcTemplate               : Executing prepared SQL update
2026-10-02T00:05:13.251+02:00 DEBUG 38254 --- [facturacion360] [http-nio-81-exec-5] o.s.jdbc.core.JdbcTemplate               : Executing prepared SQL statement [INSERT INTO facturas (idcliente, num_factura, fecha_emision, estado, observaciones, subtotal, importe_iva, total, fecha_creacion, fecha_actualizacion) VALUES (?, ?, ?, ?, ?, ?, ?, ?, NOW(), NOW())]
2026-10-02T00:05:13.253+02:00 DEBUG 38254 --- [facturacion360] [http-nio-81-exec-5] o.s.jdbc.core.JdbcTemplate               : Executing prepared SQL query
2026-10-02T00:05:13.253+02:00 DEBUG 38254 --- [facturacion360] [http-nio-81-exec-5] o.s.jdbc.core.JdbcTemplate               : Executing prepared SQL statement [SELECT f.idfactura, f.idcliente, c.nombre AS nombre_cliente, f.num_factura, f.fecha_emision, f.estado, f.observaciones, f.subtotal, f.importe_iva, f.total FROM facturas f INNER JOIN clientes c ON f.idcliente = c.idcliente WHERE f.num_factura = ?]
2026-10-02T00:05:13.255+02:00 DEBUG 38254 --- [facturacion360] [http-nio-81-exec-5] o.s.jdbc.core.JdbcTemplate               : Executing prepared SQL update
2026-10-02T00:05:13.255+02:00 DEBUG 38254 --- [facturacion360] [http-nio-81-exec-5] o.s.jdbc.core.JdbcTemplate               : Executing prepared SQL statement [INSERT INTO conceptos (descripcion, cantidad, precio_unitario, descuento, porcentaje_iva, importe_iva, base_imponible, total, idfactura, clave_regimen, calificacion) VALUES (?, ?, ?, ?, ?, ?, ?, ?, ?, ?, ?)]
2026-10-02T00:05:13.257+02:00 DEBUG 38254 --- [facturacion360] [http-nio-81-exec-5] o.s.jdbc.core.JdbcTemplate               : Executing prepared SQL update
2026-10-02T00:05:13.257+02:00 DEBUG 38254 --- [facturacion360] [http-nio-81-exec-5] o.s.jdbc.core.JdbcTemplate               : Executing prepared SQL statement [INSERT INTO desglose_impositivo (idfactura, impuesto, clave_regimen, calificacion, tipo_impositivo, base_imponible, cuota_repercutida) VALUES (?, ?, ?, ?, ?, ?, ?)]
2026-10-02T00:05:13.259+02:00  INFO 38254 --- [facturacion360] [http-nio-81-exec-5] e.x.f.controller.FacturaController       : POST /factura -> 201, factura F-2026-0001
2026-10-02T00:05:17.206+02:00 DEBUG 38254 --- [facturacion360] [http-nio-81-exec-9] o.s.jdbc.core.JdbcTemplate               : Executing prepared SQL query
2026-10-02T00:05:17.206+02:00 DEBUG 38254 --- [facturacion360] [http-nio-81-exec-9] o.s.jdbc.core.JdbcTemplate               : Executing prepared SQL statement [SELECT COALESCE(MAX(CAST(SUBSTRING(num_factura, 8) AS UNSIGNED)), 0) FROM facturas WHERE CHAR_LENGTH(num_factura) = 11 AND num_factura REGEXP ? AND SUBSTRING(num_factura, 8) <> '0000']
2026-10-02T00:05:17.207+02:00 DEBUG 38254 --- [facturacion360] [http-nio-81-exec-9] o.s.jdbc.core.JdbcTemplate               : Executing prepared SQL update
2026-10-02T00:05:17.207+02:00 DEBUG 38254 --- [facturacion360] [http-nio-81-exec-9] o.s.jdbc.core.JdbcTemplate               : Executing prepared SQL statement [INSERT INTO facturas (idcliente, num_factura, fecha_emision, estado, observaciones, subtotal, importe_iva, total, fecha_creacion, fecha_actualizacion) VALUES (?, ?, ?, ?, ?, ?, ?, ?, NOW(), NOW())]
2026-10-02T00:05:17.208+02:00 DEBUG 38254 --- [facturacion360] [http-nio-81-exec-9] o.s.jdbc.core.JdbcTemplate               : Executing prepared SQL query
2026-10-02T00:05:17.208+02:00 DEBUG 38254 --- [facturacion360] [http-nio-81-exec-9] o.s.jdbc.core.JdbcTemplate               : Executing prepared SQL statement [SELECT f.idfactura, f.idcliente, c.nombre AS nombre_cliente, f.num_factura, f.fecha_emision, f.estado, f.observaciones, f.subtotal, f.importe_iva, f.total FROM facturas f INNER JOIN clientes c ON f.idcliente = c.idcliente WHERE f.num_factura = ?]
2026-10-02T00:05:17.208+02:00 DEBUG 38254 --- [facturacion360] [http-nio-81-exec-9] o.s.jdbc.core.JdbcTemplate               : Executing prepared SQL update
2026-10-02T00:05:17.208+02:00 DEBUG 38254 --- [facturacion360] [http-nio-81-exec-9] o.s.jdbc.core.JdbcTemplate               : Executing prepared SQL statement [INSERT INTO conceptos (descripcion, cantidad, precio_unitario, descuento, porcentaje_iva, importe_iva, base_imponible, total, idfactura, clave_regimen, calificacion) VALUES (?, ?, ?, ?, ?, ?, ?, ?, ?, ?, ?)]
2026-10-02T00:05:17.209+02:00 DEBUG 38254 --- [facturacion360] [http-nio-81-exec-9] o.s.jdbc.core.JdbcTemplate               : Executing prepared SQL update
2026-10-02T00:05:17.209+02:00 DEBUG 38254 --- [facturacion360] [http-nio-81-exec-9] o.s.jdbc.core.JdbcTemplate               : Executing prepared SQL statement [INSERT INTO desglose_impositivo (idfactura, impuesto, clave_regimen, calificacion, tipo_impositivo, base_imponible, cuota_repercutida) VALUES (?, ?, ?, ?, ?, ?, ?)]
2026-10-02T00:05:17.211+02:00  INFO 38254 --- [facturacion360] [http-nio-81-exec-9] e.x.f.controller.FacturaController       : POST /factura -> 201, factura F-2026-0002
2026-10-02T00:05:17.229+02:00 DEBUG 38254 --- [facturacion360] [http-nio-81-exec-3] o.s.jdbc.core.JdbcTemplate               : Executing prepared SQL query
2026-10-02T00:05:17.229+02:00 DEBUG 38254 --- [facturacion360] [http-nio-81-exec-3] o.s.jdbc.core.JdbcTemplate               : Executing prepared SQL statement [SELECT f.*, NULL AS nombre_cliente FROM facturas f WHERE f.idfactura = ? FOR UPDATE]
2026-10-02T00:05:17.230+02:00 DEBUG 38254 --- [facturacion360] [http-nio-81-exec-3] o.s.jdbc.core.JdbcTemplate               : Executing prepared SQL update
2026-10-02T00:05:17.230+02:00 DEBUG 38254 --- [facturacion360] [http-nio-81-exec-3] o.s.jdbc.core.JdbcTemplate               : Executing prepared SQL statement [UPDATE facturas SET idcliente=?, fecha_emision=?, estado=?, observaciones=?, subtotal=?, importe_iva=?, total=?, fecha_actualizacion=NOW() WHERE idfactura=? AND estado='BORRADOR']
2026-10-02T00:05:17.231+02:00 DEBUG 38254 --- [facturacion360] [http-nio-81-exec-3] o.s.jdbc.core.JdbcTemplate               : Executing prepared SQL update
2026-10-02T00:05:17.231+02:00 DEBUG 38254 --- [facturacion360] [http-nio-81-exec-3] o.s.jdbc.core.JdbcTemplate               : Executing prepared SQL statement [DELETE FROM conceptos WHERE idfactura=?]
2026-10-02T00:05:17.231+02:00 DEBUG 38254 --- [facturacion360] [http-nio-81-exec-3] o.s.jdbc.core.JdbcTemplate               : Executing prepared SQL update
2026-10-02T00:05:17.231+02:00 DEBUG 38254 --- [facturacion360] [http-nio-81-exec-3] o.s.jdbc.core.JdbcTemplate               : Executing prepared SQL statement [INSERT INTO conceptos (descripcion, cantidad, precio_unitario, descuento, porcentaje_iva, importe_iva, base_imponible, total, idfactura, clave_regimen, calificacion) VALUES (?, ?, ?, ?, ?, ?, ?, ?, ?, ?, ?)]
2026-10-02T00:05:17.231+02:00 DEBUG 38254 --- [facturacion360] [http-nio-81-exec-3] o.s.jdbc.core.JdbcTemplate               : Executing prepared SQL update
2026-10-02T00:05:17.231+02:00 DEBUG 38254 --- [facturacion360] [http-nio-81-exec-3] o.s.jdbc.core.JdbcTemplate               : Executing prepared SQL statement [DELETE FROM desglose_impositivo WHERE idfactura=?]
2026-10-02T00:05:17.232+02:00 DEBUG 38254 --- [facturacion360] [http-nio-81-exec-3] o.s.jdbc.core.JdbcTemplate               : Executing prepared SQL update
2026-10-02T00:05:17.232+02:00 DEBUG 38254 --- [facturacion360] [http-nio-81-exec-3] o.s.jdbc.core.JdbcTemplate               : Executing prepared SQL statement [INSERT INTO desglose_impositivo (idfactura, impuesto, clave_regimen, calificacion, tipo_impositivo, base_imponible, cuota_repercutida) VALUES (?, ?, ?, ?, ?, ?, ?)]
2026-10-02T00:05:17.232+02:00 DEBUG 38254 --- [facturacion360] [http-nio-81-exec-3] o.s.jdbc.core.JdbcTemplate               : Executing prepared SQL query
2026-10-02T00:05:17.232+02:00 DEBUG 38254 --- [facturacion360] [http-nio-81-exec-3] o.s.jdbc.core.JdbcTemplate               : Executing prepared SQL statement [SELECT f.idfactura, f.idcliente, c.nombre AS nombre_cliente, f.num_factura, f.fecha_emision, f.estado, f.observaciones, f.subtotal, f.importe_iva, f.total FROM facturas f INNER JOIN clientes c ON f.idcliente = c.idcliente WHERE f.idfactura = ?]
2026-10-02T00:08:17.042+02:00  INFO 38254 --- [facturacion360] [File Watcher] rtingClassPathChangeChangedEventListener : Restarting due to 1 class path change (0 additions, 0 deletions, 1 modification)
2026-10-02T00:08:17.043+02:00  INFO 38254 --- [facturacion360] [Thread-5] o.s.boot.tomcat.GracefulShutdown         : Commencing graceful shutdown. Waiting for active requests to complete
2026-10-02T00:08:17.044+02:00  INFO 38254 --- [facturacion360] [tomcat-shutdown] o.s.boot.tomcat.GracefulShutdown         : Graceful shutdown complete
2026-10-02T00:08:17.046+02:00  INFO 38254 --- [facturacion360] [Thread-5] com.zaxxer.hikari.HikariDataSource       : HikariPool-2 - Shutdown initiated...
2026-10-02T00:08:17.047+02:00  INFO 38254 --- [facturacion360] [Thread-5] com.zaxxer.hikari.HikariDataSource       : HikariPool-2 - Shutdown completed.
2026-10-02T00:08:17.095+02:00  INFO 38254 --- [facturacion360] [restartedMain] e.x.f.Facturacion360Application          : Starting Facturacion360Application using Java 21.0.12 with PID 38254 (/root/git/facturacion360-Proyecto-de-facturacion/facturacion360/target/classes started by root in /root/git/facturacion360-Proyecto-de-facturacion/facturacion360)
2026-10-02T00:08:17.096+02:00 DEBUG 38254 --- [facturacion360] [restartedMain] e.x.f.Facturacion360Application          : Running with Spring Boot v4.1.0, Spring v7.0.8
2026-10-02T00:08:17.096+02:00  INFO 38254 --- [facturacion360] [restartedMain] e.x.f.Facturacion360Application          : No active profile set, falling back to 1 default profile: "default"
2026-10-02T00:08:17.230+02:00  INFO 38254 --- [facturacion360] [restartedMain] o.s.boot.tomcat.TomcatWebServer          : Tomcat initialized with port 81 (http)
2026-10-02T00:08:17.232+02:00  INFO 38254 --- [facturacion360] [restartedMain] o.apache.catalina.core.StandardService   : Starting service [Tomcat]
2026-10-02T00:08:17.232+02:00  INFO 38254 --- [facturacion360] [restartedMain] o.apache.catalina.core.StandardEngine    : Starting Servlet engine: [Apache Tomcat/11.0.22]
2026-10-02T00:08:17.237+02:00  INFO 38254 --- [facturacion360] [restartedMain] b.w.c.s.WebApplicationContextInitializer : Root WebApplicationContext: initialization completed in 140 ms
2026-10-02T00:08:17.287+02:00  INFO 38254 --- [facturacion360] [restartedMain] r$InitializeUserDetailsManagerConfigurer : Global AuthenticationManager configured with UserDetailsService bean with name usuariosDetailsService
2026-10-02T00:08:17.363+02:00  INFO 38254 --- [facturacion360] [restartedMain] o.s.b.w.a.WelcomePageHandlerMapping      : Adding welcome page: class path resource [static/index.html]
2026-10-02T00:08:17.417+02:00  INFO 38254 --- [facturacion360] [restartedMain] o.s.boot.tomcat.TomcatWebServer          : Tomcat started on port 81 (http) with context path '/'
2026-10-02T00:08:17.418+02:00  INFO 38254 --- [facturacion360] [restartedMain] e.x.f.Facturacion360Application          : Started Facturacion360Application in 0.342 seconds (process running for 1837.349)
2026-10-02T00:08:17.419+02:00  WARN 38254 --- [facturacion360] [restartedMain] o.s.core.events.SpringDocAppInitializer  : SpringDoc /v3/api-docs endpoint is enabled by default. To disable it in production, set the property 'springdoc.api-docs.enabled=false'
2026-10-02T00:08:17.419+02:00  WARN 38254 --- [facturacion360] [restartedMain] o.s.core.events.SpringDocAppInitializer  : SpringDoc /swagger-ui.html endpoint is enabled by default. To disable it in production, set the property 'springdoc.swagger-ui.enabled=false'
2026-10-02T00:08:17.419+02:00  INFO 38254 --- [facturacion360] [restartedMain] .ConditionEvaluationDeltaLoggingListener : Condition evaluation unchanged
2026-10-02T00:08:30.280+02:00  INFO 38254 --- [facturacion360] [http-nio-81-exec-1] o.a.c.c.C.[Tomcat].[localhost].[/]       : Initializing Spring DispatcherServlet 'dispatcherServlet'
2026-10-02T00:08:30.280+02:00  INFO 38254 --- [facturacion360] [http-nio-81-exec-1] o.s.web.servlet.DispatcherServlet        : Initializing Servlet 'dispatcherServlet'
2026-10-02T00:08:30.281+02:00  INFO 38254 --- [facturacion360] [http-nio-81-exec-1] o.s.web.servlet.DispatcherServlet        : Completed initialization in 1 ms
2026-10-02T00:08:30.361+02:00 DEBUG 38254 --- [facturacion360] [http-nio-81-exec-4] o.s.jdbc.core.JdbcTemplate               : Executing prepared SQL query
2026-10-02T00:08:30.361+02:00 DEBUG 38254 --- [facturacion360] [http-nio-81-exec-4] o.s.jdbc.core.JdbcTemplate               : Executing prepared SQL statement [SELECT
	`idusuario`,
	`usuario`,
	`clave_hash`,
	`nombre`,
	`rol`,
	`activo`,
	`fecha_alta`,
	`ultimo_acceso`
FROM `bd_facturacion`.`usuarios`
WHERE `usuario` = ?
]
2026-10-02T00:08:30.361+02:00 DEBUG 38254 --- [facturacion360] [http-nio-81-exec-3] o.s.jdbc.core.JdbcTemplate               : Executing SQL query [SELECT f.idfactura, f.idcliente, c.nombre AS nombre_cliente, f.num_factura, f.fecha_emision, f.estado, f.observaciones, f.subtotal, f.importe_iva, f.total FROM facturas f INNER JOIN clientes c ON f.idcliente = c.idcliente ORDER BY f.fecha_emision DESC, f.idfactura DESC]
2026-10-02T00:08:30.361+02:00  INFO 38254 --- [facturacion360] [http-nio-81-exec-4] com.zaxxer.hikari.HikariDataSource       : HikariPool-3 - Starting...
2026-10-02T00:08:30.363+02:00  INFO 38254 --- [facturacion360] [http-nio-81-exec-4] com.zaxxer.hikari.pool.HikariPool        : HikariPool-3 - Added connection com.mysql.cj.jdbc.ConnectionImpl@5d77be6b
2026-10-02T00:08:30.364+02:00  INFO 38254 --- [facturacion360] [http-nio-81-exec-4] com.zaxxer.hikari.HikariDataSource       : HikariPool-3 - Start completed.
2026-10-02T00:08:30.365+02:00 DEBUG 38254 --- [facturacion360] [http-nio-81-exec-3] e.x.f.r.FacturaRepositoryJdbcImpl        : buscar() devuelve 0 facturas
2026-10-02T00:08:31.180+02:00 DEBUG 38254 --- [facturacion360] [http-nio-81-exec-8] o.s.jdbc.core.JdbcTemplate               : Executing SQL query [SELECT f.idfactura, f.idcliente, c.nombre AS nombre_cliente, f.num_factura, f.fecha_emision, f.estado, f.observaciones, f.subtotal, f.importe_iva, f.total FROM facturas f INNER JOIN clientes c ON f.idcliente = c.idcliente ORDER BY f.fecha_emision DESC, f.idfactura DESC]
2026-10-02T00:08:31.180+02:00 DEBUG 38254 --- [facturacion360] [http-nio-81-exec-9] o.s.jdbc.core.JdbcTemplate               : Executing prepared SQL query
2026-10-02T00:08:31.180+02:00 DEBUG 38254 --- [facturacion360] [http-nio-81-exec-9] o.s.jdbc.core.JdbcTemplate               : Executing prepared SQL statement [SELECT
	`idusuario`,
	`usuario`,
	`clave_hash`,
	`nombre`,
	`rol`,
	`activo`,
	`fecha_alta`,
	`ultimo_acceso`
FROM `bd_facturacion`.`usuarios`
WHERE `usuario` = ?
]
2026-10-02T00:08:31.181+02:00 DEBUG 38254 --- [facturacion360] [http-nio-81-exec-8] e.x.f.r.FacturaRepositoryJdbcImpl        : buscar() devuelve 0 facturas
2026-10-02T00:08:32.214+02:00 DEBUG 38254 --- [facturacion360] [http-nio-81-exec-9] o.s.jdbc.core.JdbcTemplate               : Executing SQL query [SELECT f.idfactura, f.idcliente, c.nombre AS nombre_cliente, f.num_factura, f.fecha_emision, f.estado, f.observaciones, f.subtotal, f.importe_iva, f.total FROM facturas f INNER JOIN clientes c ON f.idcliente = c.idcliente ORDER BY f.fecha_emision DESC, f.idfactura DESC]
2026-10-02T00:08:32.215+02:00 DEBUG 38254 --- [facturacion360] [http-nio-81-exec-3] o.s.jdbc.core.JdbcTemplate               : Executing prepared SQL query
2026-10-02T00:08:32.215+02:00 DEBUG 38254 --- [facturacion360] [http-nio-81-exec-3] o.s.jdbc.core.JdbcTemplate               : Executing prepared SQL statement [SELECT
	`idusuario`,
	`usuario`,
	`clave_hash`,
	`nombre`,
	`rol`,
	`activo`,
	`fecha_alta`,
	`ultimo_acceso`
FROM `bd_facturacion`.`usuarios`
WHERE `usuario` = ?
]
2026-10-02T00:08:32.215+02:00 DEBUG 38254 --- [facturacion360] [http-nio-81-exec-9] e.x.f.r.FacturaRepositoryJdbcImpl        : buscar() devuelve 0 facturas
2026-10-02T00:08:40.127+02:00  INFO 38254 --- [facturacion360] [http-nio-81-exec-2] e.x.f.controller.ClienteController       : GET /cliente/listar-pagina -> CriteriosCliente[pagina=0, tamano=10, busqueda=Ja, provincia=null, poblacion=null, ordenarPor=fecha_alta, direccion=desc]
2026-10-02T00:08:40.131+02:00 DEBUG 38254 --- [facturacion360] [http-nio-81-exec-2] o.s.jdbc.core.JdbcTemplate               : Executing prepared SQL query
2026-10-02T00:08:40.131+02:00 DEBUG 38254 --- [facturacion360] [http-nio-81-exec-2] o.s.jdbc.core.JdbcTemplate               : Executing prepared SQL statement [SELECT idcliente, nombre, nif_cif, direccion, codigopostal, poblacion, provincia, telefono, email, fecha_alta FROM clientes WHERE (nombre LIKE ? ESCAPE '!' OR nif_cif LIKE ? ESCAPE '!') ORDER BY fecha_alta IS NULL, fecha_alta DESC, idcliente DESC LIMIT ? OFFSET ?]
2026-10-02T00:08:40.132+02:00 DEBUG 38254 --- [facturacion360] [http-nio-81-exec-2] e.x.f.r.ClienteRepositoryJdbcImpl        : findPagina(CriteriosCliente[pagina=0, tamano=10, busqueda=Ja, provincia=null, poblacion=null, ordenarPor=fecha_alta, direccion=desc]) -> 1 filas
2026-10-02T00:08:40.132+02:00 DEBUG 38254 --- [facturacion360] [http-nio-81-exec-2] o.s.jdbc.core.JdbcTemplate               : Executing prepared SQL query
2026-10-02T00:08:40.132+02:00 DEBUG 38254 --- [facturacion360] [http-nio-81-exec-2] o.s.jdbc.core.JdbcTemplate               : Executing prepared SQL statement [SELECT COUNT(*) FROM clientes WHERE (nombre LIKE ? ESCAPE '!' OR nif_cif LIKE ? ESCAPE '!')]
2026-10-02T00:08:40.133+02:00 DEBUG 38254 --- [facturacion360] [http-nio-81-exec-2] e.x.f.r.ClienteRepositoryJdbcImpl        : contarTotal(CriteriosCliente[pagina=0, tamano=10, busqueda=Ja, provincia=null, poblacion=null, ordenarPor=fecha_alta, direccion=desc]) -> 1 clientes
2026-10-02T00:08:40.133+02:00  INFO 38254 --- [facturacion360] [http-nio-81-exec-2] e.x.f.service.ClienteServiceImpl         : listarPagina(CriteriosCliente[pagina=0, tamano=10, busqueda=Ja, provincia=null, poblacion=null, ordenarPor=fecha_alta, direccion=desc]) -> pagina 1/1, 1 elementos
2026-10-02T00:08:40.134+02:00  INFO 38254 --- [facturacion360] [http-nio-81-exec-2] e.x.f.controller.ClienteController       : GET /cliente/listar-pagina -> 200 (pagina 1 de 1)
2026-10-02T00:08:44.986+02:00 DEBUG 38254 --- [facturacion360] [http-nio-81-exec-6] o.s.jdbc.core.JdbcTemplate               : Executing prepared SQL query
2026-10-02T00:08:44.986+02:00 DEBUG 38254 --- [facturacion360] [http-nio-81-exec-6] o.s.jdbc.core.JdbcTemplate               : Executing prepared SQL statement [SELECT COALESCE(MAX(CAST(SUBSTRING(num_factura, 8) AS UNSIGNED)), 0) FROM facturas WHERE CHAR_LENGTH(num_factura) = 11 AND num_factura REGEXP ? AND SUBSTRING(num_factura, 8) <> '0000']
2026-10-02T00:08:44.987+02:00 DEBUG 38254 --- [facturacion360] [http-nio-81-exec-6] o.s.jdbc.core.JdbcTemplate               : Executing prepared SQL update
2026-10-02T00:08:44.987+02:00 DEBUG 38254 --- [facturacion360] [http-nio-81-exec-6] o.s.jdbc.core.JdbcTemplate               : Executing prepared SQL statement [INSERT INTO facturas (idcliente, num_factura, fecha_emision, estado, observaciones, subtotal, importe_iva, total, fecha_creacion, fecha_actualizacion) VALUES (?, ?, ?, ?, ?, ?, ?, ?, NOW(), NOW())]
2026-10-02T00:08:44.987+02:00 DEBUG 38254 --- [facturacion360] [http-nio-81-exec-6] o.s.jdbc.core.JdbcTemplate               : Executing prepared SQL query
2026-10-02T00:08:44.987+02:00 DEBUG 38254 --- [facturacion360] [http-nio-81-exec-6] o.s.jdbc.core.JdbcTemplate               : Executing prepared SQL statement [SELECT f.idfactura, f.idcliente, c.nombre AS nombre_cliente, f.num_factura, f.fecha_emision, f.estado, f.observaciones, f.subtotal, f.importe_iva, f.total FROM facturas f INNER JOIN clientes c ON f.idcliente = c.idcliente WHERE f.num_factura = ?]
2026-10-02T00:08:45.009+02:00  INFO 38254 --- [facturacion360] [http-nio-81-exec-6] e.x.f.controller.FacturaController       : POST /factura -> 201, factura F-2026-0001
2026-10-02T00:08:45.019+02:00 DEBUG 38254 --- [facturacion360] [http-nio-81-exec-8] o.s.jdbc.core.JdbcTemplate               : Executing SQL query [SELECT f.idfactura, f.idcliente, c.nombre AS nombre_cliente, f.num_factura, f.fecha_emision, f.estado, f.observaciones, f.subtotal, f.importe_iva, f.total FROM facturas f INNER JOIN clientes c ON f.idcliente = c.idcliente ORDER BY f.fecha_emision DESC, f.idfactura DESC]
2026-10-02T00:08:45.020+02:00 DEBUG 38254 --- [facturacion360] [http-nio-81-exec-8] e.x.f.r.FacturaRepositoryJdbcImpl        : buscar() devuelve 1 facturas
2026-10-02T00:08:52.408+02:00 DEBUG 38254 --- [facturacion360] [http-nio-81-exec-4] o.s.jdbc.core.JdbcTemplate               : Executing prepared SQL query
2026-10-02T00:08:52.409+02:00 DEBUG 38254 --- [facturacion360] [http-nio-81-exec-4] o.s.jdbc.core.JdbcTemplate               : Executing prepared SQL statement [SELECT logo
FROM `bd_facturacion`.`emisor`
WHERE idemisor = ?
]
2026-10-02T00:08:52.439+02:00 DEBUG 38254 --- [facturacion360] [http-nio-81-exec-6] o.s.jdbc.core.JdbcTemplate               : Executing prepared SQL query
2026-10-02T00:08:52.439+02:00 DEBUG 38254 --- [facturacion360] [http-nio-81-exec-6] o.s.jdbc.core.JdbcTemplate               : Executing prepared SQL statement [SELECT
    `nombre`,
    `nif_cif`,
    `direccion`,
    `email`,
    `telefono`
FROM `bd_facturacion`.`emisor`
WHERE `idemisor` = ?
]
2026-10-02T00:08:52.440+02:00 DEBUG 38254 --- [facturacion360] [http-nio-81-exec-5] o.s.jdbc.core.JdbcTemplate               : Executing prepared SQL query
2026-10-02T00:08:52.440+02:00 DEBUG 38254 --- [facturacion360] [http-nio-81-exec-5] o.s.jdbc.core.JdbcTemplate               : Executing prepared SQL statement [SELECT f.idfactura, f.idcliente, c.nombre AS nombre_cliente, f.num_factura, f.fecha_emision, f.estado, f.observaciones, f.subtotal, f.importe_iva, f.total FROM facturas f INNER JOIN clientes c ON f.idcliente = c.idcliente WHERE f.idfactura = ?]
2026-10-02T00:08:52.441+02:00 DEBUG 38254 --- [facturacion360] [http-nio-81-exec-5] o.s.jdbc.core.JdbcTemplate               : Executing prepared SQL query
2026-10-02T00:08:52.441+02:00 DEBUG 38254 --- [facturacion360] [http-nio-81-exec-5] o.s.jdbc.core.JdbcTemplate               : Executing prepared SQL statement [SELECT idcliente, nombre, nif_cif, direccion, codigopostal, poblacion, provincia, telefono, email FROM clientes WHERE idcliente = ?]
2026-10-02T00:08:52.441+02:00 DEBUG 38254 --- [facturacion360] [http-nio-81-exec-5] o.s.jdbc.core.JdbcTemplate               : Executing prepared SQL query
2026-10-02T00:08:52.441+02:00 DEBUG 38254 --- [facturacion360] [http-nio-81-exec-5] o.s.jdbc.core.JdbcTemplate               : Executing prepared SQL statement [SELECT idconcepto, descripcion, cantidad, precio_unitario, descuento, porcentaje_iva, importe_iva, base_imponible, total, clave_regimen, calificacion FROM conceptos WHERE idfactura = ? ORDER BY idconcepto]
2026-10-02T00:08:52.442+02:00 DEBUG 38254 --- [facturacion360] [http-nio-81-exec-5] o.s.jdbc.core.JdbcTemplate               : Executing prepared SQL query
2026-10-02T00:08:52.442+02:00 DEBUG 38254 --- [facturacion360] [http-nio-81-exec-5] o.s.jdbc.core.JdbcTemplate               : Executing prepared SQL statement [SELECT impuesto, clave_regimen, calificacion, tipo_impositivo, base_imponible, cuota_repercutida FROM desglose_impositivo WHERE idfactura = ? ORDER BY impuesto, clave_regimen, calificacion, tipo_impositivo]
2026-10-02T00:09:02.548+02:00 DEBUG 38254 --- [facturacion360] [http-nio-81-exec-3] o.s.jdbc.core.JdbcTemplate               : Executing SQL query [SELECT f.idfactura, f.idcliente, c.nombre AS nombre_cliente, f.num_factura, f.fecha_emision, f.estado, f.observaciones, f.subtotal, f.importe_iva, f.total FROM facturas f INNER JOIN clientes c ON f.idcliente = c.idcliente ORDER BY f.fecha_emision DESC, f.idfactura DESC]
2026-10-02T00:09:02.549+02:00 DEBUG 38254 --- [facturacion360] [http-nio-81-exec-7] o.s.jdbc.core.JdbcTemplate               : Executing prepared SQL query
2026-10-02T00:09:02.549+02:00 DEBUG 38254 --- [facturacion360] [http-nio-81-exec-7] o.s.jdbc.core.JdbcTemplate               : Executing prepared SQL statement [SELECT
	`idusuario`,
	`usuario`,
	`clave_hash`,
	`nombre`,
	`rol`,
	`activo`,
	`fecha_alta`,
	`ultimo_acceso`
FROM `bd_facturacion`.`usuarios`
WHERE `usuario` = ?
]
2026-10-02T00:09:02.549+02:00 DEBUG 38254 --- [facturacion360] [http-nio-81-exec-3] e.x.f.r.FacturaRepositoryJdbcImpl        : buscar() devuelve 1 facturas
2026-10-02T00:09:04.625+02:00 DEBUG 38254 --- [facturacion360] [http-nio-81-exec-9] o.s.jdbc.core.JdbcTemplate               : Executing prepared SQL query
2026-10-02T00:09:04.625+02:00 DEBUG 38254 --- [facturacion360] [http-nio-81-exec-9] o.s.jdbc.core.JdbcTemplate               : Executing prepared SQL statement [SELECT f.idfactura, f.idcliente, c.nombre AS nombre_cliente, f.num_factura, f.fecha_emision, f.estado, f.observaciones, f.subtotal, f.importe_iva, f.total FROM facturas f INNER JOIN clientes c ON f.idcliente = c.idcliente WHERE f.idfactura = ?]
2026-10-02T00:09:04.626+02:00 DEBUG 38254 --- [facturacion360] [http-nio-81-exec-9] o.s.jdbc.core.JdbcTemplate               : Executing prepared SQL query
2026-10-02T00:09:04.626+02:00 DEBUG 38254 --- [facturacion360] [http-nio-81-exec-9] o.s.jdbc.core.JdbcTemplate               : Executing prepared SQL statement [SELECT idcliente, nombre, nif_cif, direccion, codigopostal, poblacion, provincia, telefono, email FROM clientes WHERE idcliente = ?]
2026-10-02T00:09:04.626+02:00 DEBUG 38254 --- [facturacion360] [http-nio-81-exec-9] o.s.jdbc.core.JdbcTemplate               : Executing prepared SQL query
2026-10-02T00:09:04.626+02:00 DEBUG 38254 --- [facturacion360] [http-nio-81-exec-9] o.s.jdbc.core.JdbcTemplate               : Executing prepared SQL statement [SELECT idconcepto, descripcion, cantidad, precio_unitario, descuento, porcentaje_iva, importe_iva, base_imponible, total, clave_regimen, calificacion FROM conceptos WHERE idfactura = ? ORDER BY idconcepto]
2026-10-02T00:09:04.627+02:00 DEBUG 38254 --- [facturacion360] [http-nio-81-exec-9] o.s.jdbc.core.JdbcTemplate               : Executing prepared SQL query
2026-10-02T00:09:04.627+02:00 DEBUG 38254 --- [facturacion360] [http-nio-81-exec-9] o.s.jdbc.core.JdbcTemplate               : Executing prepared SQL statement [SELECT impuesto, clave_regimen, calificacion, tipo_impositivo, base_imponible, cuota_repercutida FROM desglose_impositivo WHERE idfactura = ? ORDER BY impuesto, clave_regimen, calificacion, tipo_impositivo]
2026-10-02T00:09:23.153+02:00 DEBUG 38254 --- [facturacion360] [http-nio-81-exec-2] o.s.jdbc.core.JdbcTemplate               : Executing prepared SQL query
2026-10-02T00:09:23.153+02:00 DEBUG 38254 --- [facturacion360] [http-nio-81-exec-2] o.s.jdbc.core.JdbcTemplate               : Executing prepared SQL statement [SELECT c.descripcion, c.precio_unitario, c.descuento, c.porcentaje_iva FROM conceptos c INNER JOIN facturas f ON f.idfactura = c.idfactura WHERE c.descripcion LIKE ? ESCAPE '\\' ORDER BY f.fecha_emision DESC, f.idfactura DESC, c.idconcepto DESC]
2026-10-02T00:09:23.967+02:00 DEBUG 38254 --- [facturacion360] [http-nio-81-exec-6] o.s.jdbc.core.JdbcTemplate               : Executing prepared SQL query
2026-10-02T00:09:23.967+02:00 DEBUG 38254 --- [facturacion360] [http-nio-81-exec-6] o.s.jdbc.core.JdbcTemplate               : Executing prepared SQL statement [SELECT c.descripcion, c.precio_unitario, c.descuento, c.porcentaje_iva FROM conceptos c INNER JOIN facturas f ON f.idfactura = c.idfactura WHERE c.descripcion LIKE ? ESCAPE '\\' ORDER BY f.fecha_emision DESC, f.idfactura DESC, c.idconcepto DESC]
2026-10-02T00:09:24.600+02:00 DEBUG 38254 --- [facturacion360] [http-nio-81-exec-5] o.s.jdbc.core.JdbcTemplate               : Executing prepared SQL query
2026-10-02T00:09:24.600+02:00 DEBUG 38254 --- [facturacion360] [http-nio-81-exec-5] o.s.jdbc.core.JdbcTemplate               : Executing prepared SQL statement [SELECT c.descripcion, c.precio_unitario, c.descuento, c.porcentaje_iva FROM conceptos c INNER JOIN facturas f ON f.idfactura = c.idfactura WHERE c.descripcion LIKE ? ESCAPE '\\' ORDER BY f.fecha_emision DESC, f.idfactura DESC, c.idconcepto DESC]
2026-10-02T00:09:25.272+02:00 DEBUG 38254 --- [facturacion360] [http-nio-81-exec-8] o.s.jdbc.core.JdbcTemplate               : Executing prepared SQL query
2026-10-02T00:09:25.272+02:00 DEBUG 38254 --- [facturacion360] [http-nio-81-exec-8] o.s.jdbc.core.JdbcTemplate               : Executing prepared SQL statement [SELECT c.descripcion, c.precio_unitario, c.descuento, c.porcentaje_iva FROM conceptos c INNER JOIN facturas f ON f.idfactura = c.idfactura WHERE c.descripcion LIKE ? ESCAPE '\\' ORDER BY f.fecha_emision DESC, f.idfactura DESC, c.idconcepto DESC]
2026-10-02T00:09:26.040+02:00 DEBUG 38254 --- [facturacion360] [http-nio-81-exec-10] o.s.jdbc.core.JdbcTemplate               : Executing prepared SQL query
2026-10-02T00:09:26.040+02:00 DEBUG 38254 --- [facturacion360] [http-nio-81-exec-10] o.s.jdbc.core.JdbcTemplate               : Executing prepared SQL statement [SELECT c.descripcion, c.precio_unitario, c.descuento, c.porcentaje_iva FROM conceptos c INNER JOIN facturas f ON f.idfactura = c.idfactura WHERE c.descripcion LIKE ? ESCAPE '\\' ORDER BY f.fecha_emision DESC, f.idfactura DESC, c.idconcepto DESC]
2026-10-02T00:09:26.536+02:00 DEBUG 38254 --- [facturacion360] [http-nio-81-exec-1] o.s.jdbc.core.JdbcTemplate               : Executing prepared SQL query
2026-10-02T00:09:26.536+02:00 DEBUG 38254 --- [facturacion360] [http-nio-81-exec-1] o.s.jdbc.core.JdbcTemplate               : Executing prepared SQL statement [SELECT c.descripcion, c.precio_unitario, c.descuento, c.porcentaje_iva FROM conceptos c INNER JOIN facturas f ON f.idfactura = c.idfactura WHERE c.descripcion LIKE ? ESCAPE '\\' ORDER BY f.fecha_emision DESC, f.idfactura DESC, c.idconcepto DESC]
2026-10-02T00:09:26.968+02:00 DEBUG 38254 --- [facturacion360] [http-nio-81-exec-7] o.s.jdbc.core.JdbcTemplate               : Executing prepared SQL query
2026-10-02T00:09:26.968+02:00 DEBUG 38254 --- [facturacion360] [http-nio-81-exec-7] o.s.jdbc.core.JdbcTemplate               : Executing prepared SQL statement [SELECT c.descripcion, c.precio_unitario, c.descuento, c.porcentaje_iva FROM conceptos c INNER JOIN facturas f ON f.idfactura = c.idfactura WHERE c.descripcion LIKE ? ESCAPE '\\' ORDER BY f.fecha_emision DESC, f.idfactura DESC, c.idconcepto DESC]
2026-10-02T00:09:27.832+02:00 DEBUG 38254 --- [facturacion360] [http-nio-81-exec-3] o.s.jdbc.core.JdbcTemplate               : Executing prepared SQL query
2026-10-02T00:09:27.832+02:00 DEBUG 38254 --- [facturacion360] [http-nio-81-exec-3] o.s.jdbc.core.JdbcTemplate               : Executing prepared SQL statement [SELECT c.descripcion, c.precio_unitario, c.descuento, c.porcentaje_iva FROM conceptos c INNER JOIN facturas f ON f.idfactura = c.idfactura WHERE c.descripcion LIKE ? ESCAPE '\\' ORDER BY f.fecha_emision DESC, f.idfactura DESC, c.idconcepto DESC]
2026-10-02T00:09:28.416+02:00 DEBUG 38254 --- [facturacion360] [http-nio-81-exec-4] o.s.jdbc.core.JdbcTemplate               : Executing prepared SQL query
2026-10-02T00:09:28.416+02:00 DEBUG 38254 --- [facturacion360] [http-nio-81-exec-4] o.s.jdbc.core.JdbcTemplate               : Executing prepared SQL statement [SELECT c.descripcion, c.precio_unitario, c.descuento, c.porcentaje_iva FROM conceptos c INNER JOIN facturas f ON f.idfactura = c.idfactura WHERE c.descripcion LIKE ? ESCAPE '\\' ORDER BY f.fecha_emision DESC, f.idfactura DESC, c.idconcepto DESC]
2026-10-02T00:09:29.727+02:00 DEBUG 38254 --- [facturacion360] [http-nio-81-exec-9] o.s.jdbc.core.JdbcTemplate               : Executing prepared SQL query
2026-10-02T00:09:29.727+02:00 DEBUG 38254 --- [facturacion360] [http-nio-81-exec-9] o.s.jdbc.core.JdbcTemplate               : Executing prepared SQL statement [SELECT c.descripcion, c.precio_unitario, c.descuento, c.porcentaje_iva FROM conceptos c INNER JOIN facturas f ON f.idfactura = c.idfactura WHERE c.descripcion LIKE ? ESCAPE '\\' ORDER BY f.fecha_emision DESC, f.idfactura DESC, c.idconcepto DESC]
2026-10-02T00:09:31.432+02:00 DEBUG 38254 --- [facturacion360] [http-nio-81-exec-2] o.s.jdbc.core.JdbcTemplate               : Executing prepared SQL query
2026-10-02T00:09:31.432+02:00 DEBUG 38254 --- [facturacion360] [http-nio-81-exec-2] o.s.jdbc.core.JdbcTemplate               : Executing prepared SQL statement [SELECT c.descripcion, c.precio_unitario, c.descuento, c.porcentaje_iva FROM conceptos c INNER JOIN facturas f ON f.idfactura = c.idfactura WHERE c.descripcion LIKE ? ESCAPE '\\' ORDER BY f.fecha_emision DESC, f.idfactura DESC, c.idconcepto DESC]
2026-10-02T00:09:32.144+02:00 DEBUG 38254 --- [facturacion360] [http-nio-81-exec-6] o.s.jdbc.core.JdbcTemplate               : Executing prepared SQL query
2026-10-02T00:09:32.144+02:00 DEBUG 38254 --- [facturacion360] [http-nio-81-exec-6] o.s.jdbc.core.JdbcTemplate               : Executing prepared SQL statement [SELECT c.descripcion, c.precio_unitario, c.descuento, c.porcentaje_iva FROM conceptos c INNER JOIN facturas f ON f.idfactura = c.idfactura WHERE c.descripcion LIKE ? ESCAPE '\\' ORDER BY f.fecha_emision DESC, f.idfactura DESC, c.idconcepto DESC]
2026-10-02T00:09:33.100+02:00 DEBUG 38254 --- [facturacion360] [http-nio-81-exec-5] o.s.jdbc.core.JdbcTemplate               : Executing prepared SQL query
2026-10-02T00:09:33.100+02:00 DEBUG 38254 --- [facturacion360] [http-nio-81-exec-5] o.s.jdbc.core.JdbcTemplate               : Executing prepared SQL statement [SELECT c.descripcion, c.precio_unitario, c.descuento, c.porcentaje_iva FROM conceptos c INNER JOIN facturas f ON f.idfactura = c.idfactura WHERE c.descripcion LIKE ? ESCAPE '\\' ORDER BY f.fecha_emision DESC, f.idfactura DESC, c.idconcepto DESC]
2026-10-02T00:09:33.832+02:00 DEBUG 38254 --- [facturacion360] [http-nio-81-exec-8] o.s.jdbc.core.JdbcTemplate               : Executing prepared SQL query
2026-10-02T00:09:33.832+02:00 DEBUG 38254 --- [facturacion360] [http-nio-81-exec-8] o.s.jdbc.core.JdbcTemplate               : Executing prepared SQL statement [SELECT c.descripcion, c.precio_unitario, c.descuento, c.porcentaje_iva FROM conceptos c INNER JOIN facturas f ON f.idfactura = c.idfactura WHERE c.descripcion LIKE ? ESCAPE '\\' ORDER BY f.fecha_emision DESC, f.idfactura DESC, c.idconcepto DESC]
2026-10-02T00:09:34.175+02:00 DEBUG 38254 --- [facturacion360] [http-nio-81-exec-10] o.s.jdbc.core.JdbcTemplate               : Executing prepared SQL query
2026-10-02T00:09:34.175+02:00 DEBUG 38254 --- [facturacion360] [http-nio-81-exec-10] o.s.jdbc.core.JdbcTemplate               : Executing prepared SQL statement [SELECT c.descripcion, c.precio_unitario, c.descuento, c.porcentaje_iva FROM conceptos c INNER JOIN facturas f ON f.idfactura = c.idfactura WHERE c.descripcion LIKE ? ESCAPE '\\' ORDER BY f.fecha_emision DESC, f.idfactura DESC, c.idconcepto DESC]
2026-10-02T00:09:34.936+02:00 DEBUG 38254 --- [facturacion360] [http-nio-81-exec-1] o.s.jdbc.core.JdbcTemplate               : Executing prepared SQL query
2026-10-02T00:09:34.936+02:00 DEBUG 38254 --- [facturacion360] [http-nio-81-exec-1] o.s.jdbc.core.JdbcTemplate               : Executing prepared SQL statement [SELECT c.descripcion, c.precio_unitario, c.descuento, c.porcentaje_iva FROM conceptos c INNER JOIN facturas f ON f.idfactura = c.idfactura WHERE c.descripcion LIKE ? ESCAPE '\\' ORDER BY f.fecha_emision DESC, f.idfactura DESC, c.idconcepto DESC]
2026-10-02T00:09:35.449+02:00 DEBUG 38254 --- [facturacion360] [http-nio-81-exec-7] o.s.jdbc.core.JdbcTemplate               : Executing prepared SQL query
2026-10-02T00:09:35.449+02:00 DEBUG 38254 --- [facturacion360] [http-nio-81-exec-7] o.s.jdbc.core.JdbcTemplate               : Executing prepared SQL statement [SELECT c.descripcion, c.precio_unitario, c.descuento, c.porcentaje_iva FROM conceptos c INNER JOIN facturas f ON f.idfactura = c.idfactura WHERE c.descripcion LIKE ? ESCAPE '\\' ORDER BY f.fecha_emision DESC, f.idfactura DESC, c.idconcepto DESC]
2026-10-02T00:10:19.634+02:00 DEBUG 38254 --- [facturacion360] [http-nio-81-exec-2] o.s.jdbc.core.JdbcTemplate               : Executing prepared SQL query
2026-10-02T00:10:19.634+02:00 DEBUG 38254 --- [facturacion360] [http-nio-81-exec-2] o.s.jdbc.core.JdbcTemplate               : Executing prepared SQL statement [SELECT f.*, NULL AS nombre_cliente FROM facturas f WHERE f.idfactura = ? FOR UPDATE]
2026-10-02T00:10:19.635+02:00 DEBUG 38254 --- [facturacion360] [http-nio-81-exec-2] o.s.jdbc.core.JdbcTemplate               : Executing prepared SQL update
2026-10-02T00:10:19.635+02:00 DEBUG 38254 --- [facturacion360] [http-nio-81-exec-2] o.s.jdbc.core.JdbcTemplate               : Executing prepared SQL statement [UPDATE facturas SET idcliente=?, fecha_emision=?, estado=?, observaciones=?, subtotal=?, importe_iva=?, total=?, fecha_actualizacion=NOW() WHERE idfactura=? AND estado='BORRADOR']
2026-10-02T00:10:19.635+02:00 DEBUG 38254 --- [facturacion360] [http-nio-81-exec-2] o.s.jdbc.core.JdbcTemplate               : Executing prepared SQL update
2026-10-02T00:10:19.635+02:00 DEBUG 38254 --- [facturacion360] [http-nio-81-exec-2] o.s.jdbc.core.JdbcTemplate               : Executing prepared SQL statement [DELETE FROM conceptos WHERE idfactura=?]
2026-10-02T00:10:19.635+02:00 DEBUG 38254 --- [facturacion360] [http-nio-81-exec-2] o.s.jdbc.core.JdbcTemplate               : Executing prepared SQL update
2026-10-02T00:10:19.635+02:00 DEBUG 38254 --- [facturacion360] [http-nio-81-exec-2] o.s.jdbc.core.JdbcTemplate               : Executing prepared SQL statement [INSERT INTO conceptos (descripcion, cantidad, precio_unitario, descuento, porcentaje_iva, importe_iva, base_imponible, total, idfactura, clave_regimen, calificacion) VALUES (?, ?, ?, ?, ?, ?, ?, ?, ?, ?, ?)]
2026-10-02T00:10:19.636+02:00 DEBUG 38254 --- [facturacion360] [http-nio-81-exec-2] o.s.jdbc.core.JdbcTemplate               : Executing prepared SQL update
2026-10-02T00:10:19.636+02:00 DEBUG 38254 --- [facturacion360] [http-nio-81-exec-2] o.s.jdbc.core.JdbcTemplate               : Executing prepared SQL statement [DELETE FROM desglose_impositivo WHERE idfactura=?]
2026-10-02T00:10:19.637+02:00 DEBUG 38254 --- [facturacion360] [http-nio-81-exec-2] o.s.jdbc.core.JdbcTemplate               : Executing prepared SQL update
2026-10-02T00:10:19.637+02:00 DEBUG 38254 --- [facturacion360] [http-nio-81-exec-2] o.s.jdbc.core.JdbcTemplate               : Executing prepared SQL statement [INSERT INTO desglose_impositivo (idfactura, impuesto, clave_regimen, calificacion, tipo_impositivo, base_imponible, cuota_repercutida) VALUES (?, ?, ?, ?, ?, ?, ?)]
2026-10-02T00:10:19.637+02:00 DEBUG 38254 --- [facturacion360] [http-nio-81-exec-2] o.s.jdbc.core.JdbcTemplate               : Executing prepared SQL query
2026-10-02T00:10:19.637+02:00 DEBUG 38254 --- [facturacion360] [http-nio-81-exec-2] o.s.jdbc.core.JdbcTemplate               : Executing prepared SQL statement [SELECT f.idfactura, f.idcliente, c.nombre AS nombre_cliente, f.num_factura, f.fecha_emision, f.estado, f.observaciones, f.subtotal, f.importe_iva, f.total FROM facturas f INNER JOIN clientes c ON f.idcliente = c.idcliente WHERE f.idfactura = ?]
2026-10-02T00:10:19.649+02:00 DEBUG 38254 --- [facturacion360] [http-nio-81-exec-6] o.s.jdbc.core.JdbcTemplate               : Executing SQL query [SELECT f.idfactura, f.idcliente, c.nombre AS nombre_cliente, f.num_factura, f.fecha_emision, f.estado, f.observaciones, f.subtotal, f.importe_iva, f.total FROM facturas f INNER JOIN clientes c ON f.idcliente = c.idcliente ORDER BY f.fecha_emision DESC, f.idfactura DESC]
2026-10-02T00:10:19.649+02:00 DEBUG 38254 --- [facturacion360] [http-nio-81-exec-6] e.x.f.r.FacturaRepositoryJdbcImpl        : buscar() devuelve 1 facturas
2026-10-02T00:10:22.038+02:00 DEBUG 38254 --- [facturacion360] [http-nio-81-exec-1] o.s.jdbc.core.JdbcTemplate               : Executing prepared SQL query
2026-10-02T00:10:22.038+02:00 DEBUG 38254 --- [facturacion360] [http-nio-81-exec-1] o.s.jdbc.core.JdbcTemplate               : Executing prepared SQL statement [SELECT logo
FROM `bd_facturacion`.`emisor`
WHERE idemisor = ?
]
2026-10-02T00:10:22.068+02:00 DEBUG 38254 --- [facturacion360] [http-nio-81-exec-2] o.s.jdbc.core.JdbcTemplate               : Executing prepared SQL query
2026-10-02T00:10:22.068+02:00 DEBUG 38254 --- [facturacion360] [http-nio-81-exec-2] o.s.jdbc.core.JdbcTemplate               : Executing prepared SQL statement [SELECT
    `nombre`,
    `nif_cif`,
    `direccion`,
    `email`,
    `telefono`
FROM `bd_facturacion`.`emisor`
WHERE `idemisor` = ?
]
2026-10-02T00:10:22.069+02:00 DEBUG 38254 --- [facturacion360] [http-nio-81-exec-9] o.s.jdbc.core.JdbcTemplate               : Executing prepared SQL query
2026-10-02T00:10:22.069+02:00 DEBUG 38254 --- [facturacion360] [http-nio-81-exec-9] o.s.jdbc.core.JdbcTemplate               : Executing prepared SQL statement [SELECT f.idfactura, f.idcliente, c.nombre AS nombre_cliente, f.num_factura, f.fecha_emision, f.estado, f.observaciones, f.subtotal, f.importe_iva, f.total FROM facturas f INNER JOIN clientes c ON f.idcliente = c.idcliente WHERE f.idfactura = ?]
2026-10-02T00:10:22.069+02:00 DEBUG 38254 --- [facturacion360] [http-nio-81-exec-9] o.s.jdbc.core.JdbcTemplate               : Executing prepared SQL query
2026-10-02T00:10:22.069+02:00 DEBUG 38254 --- [facturacion360] [http-nio-81-exec-9] o.s.jdbc.core.JdbcTemplate               : Executing prepared SQL statement [SELECT idcliente, nombre, nif_cif, direccion, codigopostal, poblacion, provincia, telefono, email FROM clientes WHERE idcliente = ?]
2026-10-02T00:10:22.070+02:00 DEBUG 38254 --- [facturacion360] [http-nio-81-exec-9] o.s.jdbc.core.JdbcTemplate               : Executing prepared SQL query
2026-10-02T00:10:22.070+02:00 DEBUG 38254 --- [facturacion360] [http-nio-81-exec-9] o.s.jdbc.core.JdbcTemplate               : Executing prepared SQL statement [SELECT idconcepto, descripcion, cantidad, precio_unitario, descuento, porcentaje_iva, importe_iva, base_imponible, total, clave_regimen, calificacion FROM conceptos WHERE idfactura = ? ORDER BY idconcepto]
2026-10-02T00:10:22.070+02:00 DEBUG 38254 --- [facturacion360] [http-nio-81-exec-9] o.s.jdbc.core.JdbcTemplate               : Executing prepared SQL query
2026-10-02T00:10:22.070+02:00 DEBUG 38254 --- [facturacion360] [http-nio-81-exec-9] o.s.jdbc.core.JdbcTemplate               : Executing prepared SQL statement [SELECT impuesto, clave_regimen, calificacion, tipo_impositivo, base_imponible, cuota_repercutida FROM desglose_impositivo WHERE idfactura = ? ORDER BY impuesto, clave_regimen, calificacion, tipo_impositivo]
2026-10-02T00:10:22.075+02:00 DEBUG 38254 --- [facturacion360] [http-nio-81-exec-5] o.s.jdbc.core.JdbcTemplate               : Executing prepared SQL query
2026-10-02T00:10:22.075+02:00 DEBUG 38254 --- [facturacion360] [http-nio-81-exec-5] o.s.jdbc.core.JdbcTemplate               : Executing prepared SQL statement [SELECT f.idfactura, f.idcliente, c.nombre AS nombre_cliente, f.num_factura, f.fecha_emision, f.estado, f.observaciones, f.subtotal, f.importe_iva, f.total FROM facturas f INNER JOIN clientes c ON f.idcliente = c.idcliente WHERE f.idfactura = ?]
2026-10-02T00:10:22.076+02:00 DEBUG 38254 --- [facturacion360] [http-nio-81-exec-5] o.s.jdbc.core.JdbcTemplate               : Executing prepared SQL query
2026-10-02T00:10:22.076+02:00 DEBUG 38254 --- [facturacion360] [http-nio-81-exec-5] o.s.jdbc.core.JdbcTemplate               : Executing prepared SQL statement [SELECT
    `nombre`,
    `nif_cif`,
    `direccion`,
    `email`,
    `telefono`
FROM `bd_facturacion`.`emisor`
WHERE `idemisor` = ?
]
2026-10-02T00:10:22.155+02:00 DEBUG 38254 --- [facturacion360] [http-nio-81-exec-5] e.x.f.controller.VerifactuQrController   : QR generado para factura F-2026-0001 (https://prewww2.aeat.es/wlpl/TIKE-CONT/ValidarQR?nif=A12345678&numserie=F-2026-0001&fecha=02-10-2026&importe=1681.90)
2026-10-02T00:10:28.971+02:00 DEBUG 38254 --- [facturacion360] [http-nio-81-exec-10] o.s.jdbc.core.JdbcTemplate               : Executing SQL query [SELECT f.idfactura, f.idcliente, c.nombre AS nombre_cliente, f.num_factura, f.fecha_emision, f.estado, f.observaciones, f.subtotal, f.importe_iva, f.total FROM facturas f INNER JOIN clientes c ON f.idcliente = c.idcliente ORDER BY f.fecha_emision DESC, f.idfactura DESC]
2026-10-02T00:10:28.971+02:00 DEBUG 38254 --- [facturacion360] [http-nio-81-exec-3] o.s.jdbc.core.JdbcTemplate               : Executing prepared SQL query
2026-10-02T00:10:28.972+02:00 DEBUG 38254 --- [facturacion360] [http-nio-81-exec-3] o.s.jdbc.core.JdbcTemplate               : Executing prepared SQL statement [SELECT
	`idusuario`,
	`usuario`,
	`clave_hash`,
	`nombre`,
	`rol`,
	`activo`,
	`fecha_alta`,
	`ultimo_acceso`
FROM `bd_facturacion`.`usuarios`
WHERE `usuario` = ?
]
2026-10-02T00:10:28.972+02:00 DEBUG 38254 --- [facturacion360] [http-nio-81-exec-10] e.x.f.r.FacturaRepositoryJdbcImpl        : buscar() devuelve 1 facturas
2026-10-02T00:10:30.246+02:00 DEBUG 38254 --- [facturacion360] [http-nio-81-exec-8] o.s.jdbc.core.JdbcTemplate               : Executing prepared SQL query
2026-10-02T00:10:30.246+02:00 DEBUG 38254 --- [facturacion360] [http-nio-81-exec-8] o.s.jdbc.core.JdbcTemplate               : Executing prepared SQL statement [SELECT logo
FROM `bd_facturacion`.`emisor`
WHERE idemisor = ?
]
2026-10-02T00:10:30.250+02:00  WARN 38254 --- [facturacion360] [http-nio-81-exec-5] .m.m.a.ExceptionHandlerExceptionResolver : Resolved [org.springframework.web.servlet.resource.NoResourceFoundException: No static resource img/KittyLoading.gif for request '/img/KittyLoading.gif'.]
2026-10-02T00:10:30.283+02:00 DEBUG 38254 --- [facturacion360] [http-nio-81-exec-8] o.s.jdbc.core.JdbcTemplate               : Executing prepared SQL query
2026-10-02T00:10:30.283+02:00 DEBUG 38254 --- [facturacion360] [http-nio-81-exec-8] o.s.jdbc.core.JdbcTemplate               : Executing prepared SQL statement [SELECT
    `nombre`,
    `nif_cif`,
    `direccion`,
    `email`,
    `telefono`
FROM `bd_facturacion`.`emisor`
WHERE `idemisor` = ?
]
2026-10-02T00:10:30.283+02:00 DEBUG 38254 --- [facturacion360] [http-nio-81-exec-5] o.s.jdbc.core.JdbcTemplate               : Executing prepared SQL query
2026-10-02T00:10:30.284+02:00 DEBUG 38254 --- [facturacion360] [http-nio-81-exec-5] o.s.jdbc.core.JdbcTemplate               : Executing prepared SQL statement [SELECT
	`idusuario`,
	`usuario`,
	`clave_hash`,
	`nombre`,
	`rol`,
	`activo`,
	`fecha_alta`,
	`ultimo_acceso`
FROM `bd_facturacion`.`usuarios`
WHERE `usuario` = ?
]
2026-10-02T00:10:30.291+02:00 DEBUG 38254 --- [facturacion360] [http-nio-81-exec-3] o.s.jdbc.core.JdbcTemplate               : Executing prepared SQL query
2026-10-02T00:10:30.291+02:00 DEBUG 38254 --- [facturacion360] [http-nio-81-exec-3] o.s.jdbc.core.JdbcTemplate               : Executing prepared SQL statement [SELECT logo
FROM `bd_facturacion`.`emisor`
WHERE idemisor = ?
]
2026-10-02T00:10:33.282+02:00 DEBUG 38254 --- [facturacion360] [http-nio-81-exec-6] o.s.jdbc.core.JdbcTemplate               : Executing prepared SQL query
2026-10-02T00:10:33.282+02:00 DEBUG 38254 --- [facturacion360] [http-nio-81-exec-4] o.s.jdbc.core.JdbcTemplate               : Executing SQL query [SELECT f.idfactura, f.idcliente, c.nombre AS nombre_cliente, f.num_factura, f.fecha_emision, f.estado, f.observaciones, f.subtotal, f.importe_iva, f.total FROM facturas f INNER JOIN clientes c ON f.idcliente = c.idcliente ORDER BY f.fecha_emision DESC, f.idfactura DESC]
2026-10-02T00:10:33.282+02:00 DEBUG 38254 --- [facturacion360] [http-nio-81-exec-6] o.s.jdbc.core.JdbcTemplate               : Executing prepared SQL statement [SELECT
	`idusuario`,
	`usuario`,
	`clave_hash`,
	`nombre`,
	`rol`,
	`activo`,
	`fecha_alta`,
	`ultimo_acceso`
FROM `bd_facturacion`.`usuarios`
WHERE `usuario` = ?
]
2026-10-02T00:10:33.283+02:00 DEBUG 38254 --- [facturacion360] [http-nio-81-exec-4] e.x.f.r.FacturaRepositoryJdbcImpl        : buscar() devuelve 1 facturas
2026-10-02T00:10:35.478+02:00 DEBUG 38254 --- [facturacion360] [http-nio-81-exec-5] o.s.jdbc.core.JdbcTemplate               : Executing prepared SQL query
2026-10-02T00:10:35.478+02:00 DEBUG 38254 --- [facturacion360] [http-nio-81-exec-5] o.s.jdbc.core.JdbcTemplate               : Executing prepared SQL statement [SELECT logo
FROM `bd_facturacion`.`emisor`
WHERE idemisor = ?
]
2026-10-02T00:10:35.503+02:00 DEBUG 38254 --- [facturacion360] [http-nio-81-exec-6] o.s.jdbc.core.JdbcTemplate               : Executing prepared SQL query
2026-10-02T00:10:35.503+02:00 DEBUG 38254 --- [facturacion360] [http-nio-81-exec-6] o.s.jdbc.core.JdbcTemplate               : Executing prepared SQL statement [SELECT
    `nombre`,
    `nif_cif`,
    `direccion`,
    `email`,
    `telefono`
FROM `bd_facturacion`.`emisor`
WHERE `idemisor` = ?
]
2026-10-02T00:10:35.503+02:00 DEBUG 38254 --- [facturacion360] [http-nio-81-exec-7] o.s.jdbc.core.JdbcTemplate               : Executing prepared SQL query
2026-10-02T00:10:35.503+02:00 DEBUG 38254 --- [facturacion360] [http-nio-81-exec-7] o.s.jdbc.core.JdbcTemplate               : Executing prepared SQL statement [SELECT f.idfactura, f.idcliente, c.nombre AS nombre_cliente, f.num_factura, f.fecha_emision, f.estado, f.observaciones, f.subtotal, f.importe_iva, f.total FROM facturas f INNER JOIN clientes c ON f.idcliente = c.idcliente WHERE f.idfactura = ?]
2026-10-02T00:10:35.504+02:00 DEBUG 38254 --- [facturacion360] [http-nio-81-exec-7] o.s.jdbc.core.JdbcTemplate               : Executing prepared SQL query
2026-10-02T00:10:35.504+02:00 DEBUG 38254 --- [facturacion360] [http-nio-81-exec-7] o.s.jdbc.core.JdbcTemplate               : Executing prepared SQL statement [SELECT idcliente, nombre, nif_cif, direccion, codigopostal, poblacion, provincia, telefono, email FROM clientes WHERE idcliente = ?]
2026-10-02T00:10:35.504+02:00 DEBUG 38254 --- [facturacion360] [http-nio-81-exec-7] o.s.jdbc.core.JdbcTemplate               : Executing prepared SQL query
2026-10-02T00:10:35.504+02:00 DEBUG 38254 --- [facturacion360] [http-nio-81-exec-7] o.s.jdbc.core.JdbcTemplate               : Executing prepared SQL statement [SELECT idconcepto, descripcion, cantidad, precio_unitario, descuento, porcentaje_iva, importe_iva, base_imponible, total, clave_regimen, calificacion FROM conceptos WHERE idfactura = ? ORDER BY idconcepto]
2026-10-02T00:10:35.504+02:00 DEBUG 38254 --- [facturacion360] [http-nio-81-exec-7] o.s.jdbc.core.JdbcTemplate               : Executing prepared SQL query
2026-10-02T00:10:35.505+02:00 DEBUG 38254 --- [facturacion360] [http-nio-81-exec-7] o.s.jdbc.core.JdbcTemplate               : Executing prepared SQL statement [SELECT impuesto, clave_regimen, calificacion, tipo_impositivo, base_imponible, cuota_repercutida FROM desglose_impositivo WHERE idfactura = ? ORDER BY impuesto, clave_regimen, calificacion, tipo_impositivo]
2026-10-02T00:10:40.372+02:00 DEBUG 38254 --- [facturacion360] [http-nio-81-exec-1] o.s.jdbc.core.JdbcTemplate               : Executing SQL query [SELECT f.idfactura, f.idcliente, c.nombre AS nombre_cliente, f.num_factura, f.fecha_emision, f.estado, f.observaciones, f.subtotal, f.importe_iva, f.total FROM facturas f INNER JOIN clientes c ON f.idcliente = c.idcliente ORDER BY f.fecha_emision DESC, f.idfactura DESC]
2026-10-02T00:10:40.372+02:00 DEBUG 38254 --- [facturacion360] [http-nio-81-exec-8] o.s.jdbc.core.JdbcTemplate               : Executing prepared SQL query
2026-10-02T00:10:40.372+02:00 DEBUG 38254 --- [facturacion360] [http-nio-81-exec-8] o.s.jdbc.core.JdbcTemplate               : Executing prepared SQL statement [SELECT
	`idusuario`,
	`usuario`,
	`clave_hash`,
	`nombre`,
	`rol`,
	`activo`,
	`fecha_alta`,
	`ultimo_acceso`
FROM `bd_facturacion`.`usuarios`
WHERE `usuario` = ?
]
2026-10-02T00:10:40.373+02:00 DEBUG 38254 --- [facturacion360] [http-nio-81-exec-1] e.x.f.r.FacturaRepositoryJdbcImpl        : buscar() devuelve 1 facturas
2026-10-02T00:10:42.357+02:00 DEBUG 38254 --- [facturacion360] [http-nio-81-exec-4] o.s.jdbc.core.JdbcTemplate               : Executing prepared SQL query
2026-10-02T00:10:42.357+02:00 DEBUG 38254 --- [facturacion360] [http-nio-81-exec-4] o.s.jdbc.core.JdbcTemplate               : Executing prepared SQL statement [SELECT logo
FROM `bd_facturacion`.`emisor`
WHERE idemisor = ?
]
2026-10-02T00:10:42.358+02:00  WARN 38254 --- [facturacion360] [http-nio-81-exec-7] .m.m.a.ExceptionHandlerExceptionResolver : Resolved [org.springframework.web.servlet.resource.NoResourceFoundException: No static resource img/KittyLoading.gif for request '/img/KittyLoading.gif'.]
2026-10-02T00:10:42.387+02:00 DEBUG 38254 --- [facturacion360] [http-nio-81-exec-7] o.s.jdbc.core.JdbcTemplate               : Executing prepared SQL query
2026-10-02T00:10:42.387+02:00 DEBUG 38254 --- [facturacion360] [http-nio-81-exec-7] o.s.jdbc.core.JdbcTemplate               : Executing prepared SQL statement [SELECT
    `nombre`,
    `nif_cif`,
    `direccion`,
    `email`,
    `telefono`
FROM `bd_facturacion`.`emisor`
WHERE `idemisor` = ?
]
2026-10-02T00:10:42.387+02:00 DEBUG 38254 --- [facturacion360] [http-nio-81-exec-2] o.s.jdbc.core.JdbcTemplate               : Executing prepared SQL query
2026-10-02T00:10:42.387+02:00 DEBUG 38254 --- [facturacion360] [http-nio-81-exec-2] o.s.jdbc.core.JdbcTemplate               : Executing prepared SQL statement [SELECT
	`idusuario`,
	`usuario`,
	`clave_hash`,
	`nombre`,
	`rol`,
	`activo`,
	`fecha_alta`,
	`ultimo_acceso`
FROM `bd_facturacion`.`usuarios`
WHERE `usuario` = ?
]
2026-10-02T00:10:42.391+02:00 DEBUG 38254 --- [facturacion360] [http-nio-81-exec-4] o.s.jdbc.core.JdbcTemplate               : Executing prepared SQL query
2026-10-02T00:10:42.391+02:00 DEBUG 38254 --- [facturacion360] [http-nio-81-exec-4] o.s.jdbc.core.JdbcTemplate               : Executing prepared SQL statement [SELECT logo
FROM `bd_facturacion`.`emisor`
WHERE idemisor = ?
]
2026-10-02T00:10:44.800+02:00 DEBUG 38254 --- [facturacion360] [http-nio-81-exec-8] o.s.jdbc.core.JdbcTemplate               : Executing prepared SQL query
2026-10-02T00:10:44.800+02:00 DEBUG 38254 --- [facturacion360] [http-nio-81-exec-8] o.s.jdbc.core.JdbcTemplate               : Executing prepared SQL statement [SELECT
    `nombre`,
    `nif_cif`,
    `direccion`,
    `email`,
    `telefono`
FROM `bd_facturacion`.`emisor`
WHERE `idemisor` = ?
]
2026-10-02T00:10:44.803+02:00 DEBUG 38254 --- [facturacion360] [http-nio-81-exec-1] o.s.jdbc.core.JdbcTemplate               : Executing prepared SQL query
2026-10-02T00:10:44.803+02:00 DEBUG 38254 --- [facturacion360] [http-nio-81-exec-1] o.s.jdbc.core.JdbcTemplate               : Executing prepared SQL statement [SELECT logo
FROM `bd_facturacion`.`emisor`
WHERE idemisor = ?
]
2026-10-02T00:10:56.833+02:00 DEBUG 38254 --- [facturacion360] [http-nio-81-exec-3] o.s.jdbc.core.JdbcTemplate               : Executing prepared SQL query
2026-10-02T00:10:56.833+02:00 DEBUG 38254 --- [facturacion360] [http-nio-81-exec-3] o.s.jdbc.core.JdbcTemplate               : Executing prepared SQL statement [SELECT
    `nombre`,
    `nif_cif`,
    `direccion`,
    `email`,
    `telefono`
FROM `bd_facturacion`.`emisor`
WHERE `idemisor` = ?
]
2026-10-02T00:10:56.834+02:00 DEBUG 38254 --- [facturacion360] [http-nio-81-exec-3] o.s.jdbc.core.JdbcTemplate               : Executing prepared SQL update
2026-10-02T00:10:56.834+02:00 DEBUG 38254 --- [facturacion360] [http-nio-81-exec-3] o.s.jdbc.core.JdbcTemplate               : Executing prepared SQL statement [UPDATE `bd_facturacion`.`emisor`
SET
    `nombre` = ?,
    `nif_cif` = ?,
    `direccion` = ?,
    `email` = ?,
    `telefono` = ?,
    `logo` = ?
WHERE `idemisor` = ?;
]
2026-10-02T00:10:56.850+02:00 DEBUG 38254 --- [facturacion360] [http-nio-81-exec-10] o.s.jdbc.core.JdbcTemplate               : Executing prepared SQL query
2026-10-02T00:10:56.850+02:00 DEBUG 38254 --- [facturacion360] [http-nio-81-exec-10] o.s.jdbc.core.JdbcTemplate               : Executing prepared SQL statement [SELECT logo
FROM `bd_facturacion`.`emisor`
WHERE idemisor = ?
]
2026-10-02T00:10:58.465+02:00 DEBUG 38254 --- [facturacion360] [http-nio-81-exec-8] o.s.jdbc.core.JdbcTemplate               : Executing prepared SQL query
2026-10-02T00:10:58.465+02:00 DEBUG 38254 --- [facturacion360] [http-nio-81-exec-8] o.s.jdbc.core.JdbcTemplate               : Executing prepared SQL statement [SELECT logo
FROM `bd_facturacion`.`emisor`
WHERE idemisor = ?
]
2026-10-02T00:10:58.466+02:00  WARN 38254 --- [facturacion360] [http-nio-81-exec-4] .m.m.a.ExceptionHandlerExceptionResolver : Resolved [org.springframework.web.servlet.resource.NoResourceFoundException: No static resource img/KittyLoading.gif for request '/img/KittyLoading.gif'.]
2026-10-02T00:10:58.497+02:00 DEBUG 38254 --- [facturacion360] [http-nio-81-exec-9] o.s.jdbc.core.JdbcTemplate               : Executing prepared SQL query
2026-10-02T00:10:58.497+02:00 DEBUG 38254 --- [facturacion360] [http-nio-81-exec-9] o.s.jdbc.core.JdbcTemplate               : Executing prepared SQL statement [SELECT
    `nombre`,
    `nif_cif`,
    `direccion`,
    `email`,
    `telefono`
FROM `bd_facturacion`.`emisor`
WHERE `idemisor` = ?
]
2026-10-02T00:10:58.497+02:00 DEBUG 38254 --- [facturacion360] [http-nio-81-exec-4] o.s.jdbc.core.JdbcTemplate               : Executing prepared SQL query
2026-10-02T00:10:58.498+02:00 DEBUG 38254 --- [facturacion360] [http-nio-81-exec-4] o.s.jdbc.core.JdbcTemplate               : Executing prepared SQL statement [SELECT
	`idusuario`,
	`usuario`,
	`clave_hash`,
	`nombre`,
	`rol`,
	`activo`,
	`fecha_alta`,
	`ultimo_acceso`
FROM `bd_facturacion`.`usuarios`
WHERE `usuario` = ?
]
2026-10-02T00:10:58.500+02:00 DEBUG 38254 --- [facturacion360] [http-nio-81-exec-8] o.s.jdbc.core.JdbcTemplate               : Executing prepared SQL query
2026-10-02T00:10:58.501+02:00 DEBUG 38254 --- [facturacion360] [http-nio-81-exec-8] o.s.jdbc.core.JdbcTemplate               : Executing prepared SQL statement [SELECT logo
FROM `bd_facturacion`.`emisor`
WHERE idemisor = ?
]
2026-10-02T00:10:59.407+02:00 DEBUG 38254 --- [facturacion360] [http-nio-81-exec-4] o.s.jdbc.core.JdbcTemplate               : Executing prepared SQL query
2026-10-02T00:10:59.407+02:00 DEBUG 38254 --- [facturacion360] [http-nio-81-exec-4] o.s.jdbc.core.JdbcTemplate               : Executing prepared SQL statement [SELECT
	`idusuario`,
	`usuario`,
	`clave_hash`,
	`nombre`,
	`rol`,
	`activo`,
	`fecha_alta`,
	`ultimo_acceso`
FROM `bd_facturacion`.`usuarios`
WHERE `usuario` = ?
]
2026-10-02T00:11:00.106+02:00 DEBUG 38254 --- [facturacion360] [http-nio-81-exec-5] o.s.jdbc.core.JdbcTemplate               : Executing SQL query [SELECT f.idfactura, f.idcliente, c.nombre AS nombre_cliente, f.num_factura, f.fecha_emision, f.estado, f.observaciones, f.subtotal, f.importe_iva, f.total FROM facturas f INNER JOIN clientes c ON f.idcliente = c.idcliente ORDER BY f.fecha_emision DESC, f.idfactura DESC]
2026-10-02T00:11:00.107+02:00 DEBUG 38254 --- [facturacion360] [http-nio-81-exec-10] o.s.jdbc.core.JdbcTemplate               : Executing prepared SQL query
2026-10-02T00:11:00.107+02:00 DEBUG 38254 --- [facturacion360] [http-nio-81-exec-10] o.s.jdbc.core.JdbcTemplate               : Executing prepared SQL statement [SELECT
	`idusuario`,
	`usuario`,
	`clave_hash`,
	`nombre`,
	`rol`,
	`activo`,
	`fecha_alta`,
	`ultimo_acceso`
FROM `bd_facturacion`.`usuarios`
WHERE `usuario` = ?
]
2026-10-02T00:11:00.107+02:00 DEBUG 38254 --- [facturacion360] [http-nio-81-exec-5] e.x.f.r.FacturaRepositoryJdbcImpl        : buscar() devuelve 1 facturas
2026-10-02T00:11:04.238+02:00 DEBUG 38254 --- [facturacion360] [http-nio-81-exec-2] o.s.jdbc.core.JdbcTemplate               : Executing prepared SQL query
2026-10-02T00:11:04.238+02:00 DEBUG 38254 --- [facturacion360] [http-nio-81-exec-2] o.s.jdbc.core.JdbcTemplate               : Executing prepared SQL statement [SELECT logo
FROM `bd_facturacion`.`emisor`
WHERE idemisor = ?
]
2026-10-02T00:11:04.264+02:00 DEBUG 38254 --- [facturacion360] [http-nio-81-exec-10] o.s.jdbc.core.JdbcTemplate               : Executing prepared SQL query
2026-10-02T00:11:04.264+02:00 DEBUG 38254 --- [facturacion360] [http-nio-81-exec-10] o.s.jdbc.core.JdbcTemplate               : Executing prepared SQL statement [SELECT
    `nombre`,
    `nif_cif`,
    `direccion`,
    `email`,
    `telefono`
FROM `bd_facturacion`.`emisor`
WHERE `idemisor` = ?
]
2026-10-02T00:11:04.265+02:00 DEBUG 38254 --- [facturacion360] [http-nio-81-exec-1] o.s.jdbc.core.JdbcTemplate               : Executing prepared SQL query
2026-10-02T00:11:04.265+02:00 DEBUG 38254 --- [facturacion360] [http-nio-81-exec-1] o.s.jdbc.core.JdbcTemplate               : Executing prepared SQL statement [SELECT f.idfactura, f.idcliente, c.nombre AS nombre_cliente, f.num_factura, f.fecha_emision, f.estado, f.observaciones, f.subtotal, f.importe_iva, f.total FROM facturas f INNER JOIN clientes c ON f.idcliente = c.idcliente WHERE f.idfactura = ?]
2026-10-02T00:11:04.265+02:00 DEBUG 38254 --- [facturacion360] [http-nio-81-exec-1] o.s.jdbc.core.JdbcTemplate               : Executing prepared SQL query
2026-10-02T00:11:04.265+02:00 DEBUG 38254 --- [facturacion360] [http-nio-81-exec-1] o.s.jdbc.core.JdbcTemplate               : Executing prepared SQL statement [SELECT idcliente, nombre, nif_cif, direccion, codigopostal, poblacion, provincia, telefono, email FROM clientes WHERE idcliente = ?]
2026-10-02T00:11:04.266+02:00 DEBUG 38254 --- [facturacion360] [http-nio-81-exec-1] o.s.jdbc.core.JdbcTemplate               : Executing prepared SQL query
2026-10-02T00:11:04.266+02:00 DEBUG 38254 --- [facturacion360] [http-nio-81-exec-1] o.s.jdbc.core.JdbcTemplate               : Executing prepared SQL statement [SELECT idconcepto, descripcion, cantidad, precio_unitario, descuento, porcentaje_iva, importe_iva, base_imponible, total, clave_regimen, calificacion FROM conceptos WHERE idfactura = ? ORDER BY idconcepto]
2026-10-02T00:11:04.266+02:00 DEBUG 38254 --- [facturacion360] [http-nio-81-exec-1] o.s.jdbc.core.JdbcTemplate               : Executing prepared SQL query
2026-10-02T00:11:04.266+02:00 DEBUG 38254 --- [facturacion360] [http-nio-81-exec-1] o.s.jdbc.core.JdbcTemplate               : Executing prepared SQL statement [SELECT impuesto, clave_regimen, calificacion, tipo_impositivo, base_imponible, cuota_repercutida FROM desglose_impositivo WHERE idfactura = ? ORDER BY impuesto, clave_regimen, calificacion, tipo_impositivo]
2026-10-02T00:11:28.017+02:00 DEBUG 38254 --- [facturacion360] [http-nio-81-exec-3] o.s.jdbc.core.JdbcTemplate               : Executing prepared SQL query
2026-10-02T00:11:28.017+02:00 DEBUG 38254 --- [facturacion360] [http-nio-81-exec-3] o.s.jdbc.core.JdbcTemplate               : Executing prepared SQL statement [SELECT f.idfactura, f.idcliente, c.nombre AS nombre_cliente, f.num_factura, f.fecha_emision, f.estado, f.observaciones, f.subtotal, f.importe_iva, f.total FROM facturas f INNER JOIN clientes c ON f.idcliente = c.idcliente WHERE f.idfactura = ?]
2026-10-02T00:11:28.018+02:00 DEBUG 38254 --- [facturacion360] [http-nio-81-exec-3] o.s.jdbc.core.JdbcTemplate               : Executing prepared SQL query
2026-10-02T00:11:28.018+02:00 DEBUG 38254 --- [facturacion360] [http-nio-81-exec-3] o.s.jdbc.core.JdbcTemplate               : Executing prepared SQL statement [SELECT idcliente, nombre, nif_cif, direccion, codigopostal, poblacion, provincia, telefono, email FROM clientes WHERE idcliente = ?]
2026-10-02T00:11:28.019+02:00 DEBUG 38254 --- [facturacion360] [http-nio-81-exec-3] o.s.jdbc.core.JdbcTemplate               : Executing prepared SQL query
2026-10-02T00:11:28.019+02:00 DEBUG 38254 --- [facturacion360] [http-nio-81-exec-3] o.s.jdbc.core.JdbcTemplate               : Executing prepared SQL statement [SELECT idconcepto, descripcion, cantidad, precio_unitario, descuento, porcentaje_iva, importe_iva, base_imponible, total, clave_regimen, calificacion FROM conceptos WHERE idfactura = ? ORDER BY idconcepto]
2026-10-02T00:11:28.019+02:00 DEBUG 38254 --- [facturacion360] [http-nio-81-exec-3] o.s.jdbc.core.JdbcTemplate               : Executing prepared SQL query
2026-10-02T00:11:28.019+02:00 DEBUG 38254 --- [facturacion360] [http-nio-81-exec-3] o.s.jdbc.core.JdbcTemplate               : Executing prepared SQL statement [SELECT impuesto, clave_regimen, calificacion, tipo_impositivo, base_imponible, cuota_repercutida FROM desglose_impositivo WHERE idfactura = ? ORDER BY impuesto, clave_regimen, calificacion, tipo_impositivo]
2026-10-02T00:11:28.020+02:00 DEBUG 38254 --- [facturacion360] [http-nio-81-exec-3] o.s.jdbc.core.JdbcTemplate               : Executing prepared SQL query
2026-10-02T00:11:28.020+02:00 DEBUG 38254 --- [facturacion360] [http-nio-81-exec-3] o.s.jdbc.core.JdbcTemplate               : Executing prepared SQL statement [SELECT
    `nombre`,
    `nif_cif`,
    `direccion`,
    `email`,
    `telefono`
FROM `bd_facturacion`.`emisor`
WHERE `idemisor` = ?
]
2026-10-02T00:11:28.287+02:00  WARN 38254 --- [facturacion360] [http-nio-81-exec-3] o.a.p.p.font.FileSystemFontProvider      : New fonts found, font cache will be re-built
2026-10-02T00:11:28.287+02:00  WARN 38254 --- [facturacion360] [http-nio-81-exec-3] o.a.p.p.font.FileSystemFontProvider      : Building on-disk font cache, this may take a while
2026-10-02T00:11:29.121+02:00  WARN 38254 --- [facturacion360] [http-nio-81-exec-3] o.a.p.p.font.FileSystemFontProvider      : Finished building on-disk font cache, found 533 fonts
2026-10-02T00:11:29.140+02:00  WARN 38254 --- [facturacion360] [http-nio-81-exec-3] o.a.pdfbox.pdmodel.font.PDType1Font      : Using fallback font LiberationSans for base font Symbol
2026-10-02T00:11:29.141+02:00  WARN 38254 --- [facturacion360] [http-nio-81-exec-3] o.a.pdfbox.pdmodel.font.PDType1Font      : Using fallback font LiberationSans for base font ZapfDingbats
2026-10-02T00:11:29.345+02:00 DEBUG 38254 --- [facturacion360] [http-nio-81-exec-3] e.x.f.pdf.FacturaPdfService              : PDF generado para la factura F-2026-0001 en A4 (4609 bytes)
2026-10-02T00:12:28.679+02:00 DEBUG 38254 --- [facturacion360] [http-nio-81-exec-4] o.s.jdbc.core.JdbcTemplate               : Executing prepared SQL query
2026-10-02T00:12:28.679+02:00 DEBUG 38254 --- [facturacion360] [http-nio-81-exec-4] o.s.jdbc.core.JdbcTemplate               : Executing prepared SQL statement [SELECT f.idfactura, f.idcliente, c.nombre AS nombre_cliente, f.num_factura, f.fecha_emision, f.estado, f.observaciones, f.subtotal, f.importe_iva, f.total FROM facturas f INNER JOIN clientes c ON f.idcliente = c.idcliente WHERE f.estado = ? ORDER BY f.fecha_emision DESC, f.idfactura DESC]
2026-10-02T00:12:28.682+02:00 DEBUG 38254 --- [facturacion360] [http-nio-81-exec-4] e.x.f.r.FacturaRepositoryJdbcImpl        : buscar(, estado=BORRADOR) devuelve 0 facturas
2026-10-02T00:14:01.500+02:00  INFO 38254 --- [facturacion360] [SpringApplicationShutdownHook] o.s.boot.tomcat.GracefulShutdown         : Commencing graceful shutdown. Waiting for active requests to complete
2026-10-02T00:14:01.502+02:00  INFO 38254 --- [facturacion360] [tomcat-shutdown] o.s.boot.tomcat.GracefulShutdown         : Graceful shutdown complete
2026-10-02T00:14:01.505+02:00  INFO 38254 --- [facturacion360] [SpringApplicationShutdownHook] com.zaxxer.hikari.HikariDataSource       : HikariPool-3 - Shutdown initiated...
2026-10-02T00:14:01.507+02:00  INFO 38254 --- [facturacion360] [SpringApplicationShutdownHook] com.zaxxer.hikari.HikariDataSource       : HikariPool-3 - Shutdown completed.
2026-10-02T09:08:47.785+02:00  INFO 3838 --- [facturacion360] [restartedMain] e.x.f.Facturacion360Application          : Starting Facturacion360Application using Java 21.0.12 with PID 3838 (/root/git/facturacion360-Proyecto-de-facturacion/facturacion360/target/classes started by root in /root/git/facturacion360-Proyecto-de-facturacion/facturacion360)
2026-10-02T09:08:47.786+02:00 DEBUG 3838 --- [facturacion360] [restartedMain] e.x.f.Facturacion360Application          : Running with Spring Boot v4.1.0, Spring v7.0.8
2026-10-02T09:08:47.787+02:00  INFO 3838 --- [facturacion360] [restartedMain] e.x.f.Facturacion360Application          : No active profile set, falling back to 1 default profile: "default"
2026-10-02T09:08:47.807+02:00  INFO 3838 --- [facturacion360] [restartedMain] .e.DevToolsPropertyDefaultsPostProcessor : Devtools property defaults active! Set 'spring.devtools.add-properties' to 'false' to disable
2026-10-02T09:08:47.807+02:00  INFO 3838 --- [facturacion360] [restartedMain] .e.DevToolsPropertyDefaultsPostProcessor : For additional web related logging consider setting the 'logging.level.web' property to 'DEBUG'
2026-10-02T09:08:48.422+02:00  INFO 3838 --- [facturacion360] [restartedMain] o.s.boot.tomcat.TomcatWebServer          : Tomcat initialized with port 81 (http)
2026-10-02T09:08:48.430+02:00  INFO 3838 --- [facturacion360] [restartedMain] o.apache.catalina.core.StandardService   : Starting service [Tomcat]
2026-10-02T09:08:48.430+02:00  INFO 3838 --- [facturacion360] [restartedMain] o.apache.catalina.core.StandardEngine    : Starting Servlet engine: [Apache Tomcat/11.0.22]
2026-10-02T09:08:48.448+02:00  INFO 3838 --- [facturacion360] [restartedMain] b.w.c.s.WebApplicationContextInitializer : Root WebApplicationContext: initialization completed in 640 ms
2026-10-02T09:08:48.553+02:00  INFO 3838 --- [facturacion360] [restartedMain] r$InitializeUserDetailsManagerConfigurer : Global AuthenticationManager configured with UserDetailsService bean with name usuariosDetailsService
2026-10-02T09:08:48.751+02:00  INFO 3838 --- [facturacion360] [restartedMain] o.s.b.w.a.WelcomePageHandlerMapping      : Adding welcome page: class path resource [static/index.html]
2026-10-02T09:08:48.966+02:00  INFO 3838 --- [facturacion360] [restartedMain] o.s.boot.tomcat.TomcatWebServer          : Tomcat started on port 81 (http) with context path '/'
2026-10-02T09:08:48.970+02:00  INFO 3838 --- [facturacion360] [restartedMain] e.x.f.Facturacion360Application          : Started Facturacion360Application in 1.437 seconds (process running for 1.689)
2026-10-02T09:08:48.971+02:00  WARN 3838 --- [facturacion360] [restartedMain] o.s.core.events.SpringDocAppInitializer  : SpringDoc /v3/api-docs endpoint is enabled by default. To disable it in production, set the property 'springdoc.api-docs.enabled=false'
2026-10-02T09:08:48.972+02:00  WARN 3838 --- [facturacion360] [restartedMain] o.s.core.events.SpringDocAppInitializer  : SpringDoc /swagger-ui.html endpoint is enabled by default. To disable it in production, set the property 'springdoc.swagger-ui.enabled=false'
2026-10-02T09:08:54.914+02:00  INFO 3838 --- [facturacion360] [http-nio-81-exec-1] o.a.c.c.C.[Tomcat].[localhost].[/]       : Initializing Spring DispatcherServlet 'dispatcherServlet'
2026-10-02T09:08:54.915+02:00  INFO 3838 --- [facturacion360] [http-nio-81-exec-1] o.s.web.servlet.DispatcherServlet        : Initializing Servlet 'dispatcherServlet'
2026-10-02T09:08:54.916+02:00  INFO 3838 --- [facturacion360] [http-nio-81-exec-1] o.s.web.servlet.DispatcherServlet        : Completed initialization in 1 ms
2026-10-02T09:08:54.934+02:00  INFO 3838 --- [facturacion360] [http-nio-81-exec-1] e.x.f.s.PuntoEntradaNoAutenticada        : Petición sin sesión a /factura-imprimir.html: se redirige al login
2026-10-02T09:08:55.269+02:00  INFO 3838 --- [facturacion360] [http-nio-81-exec-7] e.x.f.s.PuntoEntradaNoAutenticada        : Petición sin sesión a /auth/yo: se responde 401
2026-10-02T09:09:18.873+02:00 DEBUG 3838 --- [facturacion360] [http-nio-81-exec-10] o.s.jdbc.core.JdbcTemplate               : Executing prepared SQL query
2026-10-02T09:09:18.874+02:00 DEBUG 3838 --- [facturacion360] [http-nio-81-exec-10] o.s.jdbc.core.JdbcTemplate               : Executing prepared SQL statement [SELECT
	`idusuario`,
	`usuario`,
	`clave_hash`,
	`nombre`,
	`rol`,
	`activo`,
	`fecha_alta`,
	`ultimo_acceso`
FROM `bd_facturacion`.`usuarios`
WHERE `usuario` = ?
]
2026-10-02T09:09:18.876+02:00  INFO 3838 --- [facturacion360] [http-nio-81-exec-10] com.zaxxer.hikari.HikariDataSource       : HikariPool-1 - Starting...
2026-10-02T09:09:18.955+02:00  INFO 3838 --- [facturacion360] [http-nio-81-exec-10] com.zaxxer.hikari.pool.HikariPool        : HikariPool-1 - Added connection com.mysql.cj.jdbc.ConnectionImpl@34ac9e06
2026-10-02T09:09:18.956+02:00  INFO 3838 --- [facturacion360] [http-nio-81-exec-10] com.zaxxer.hikari.HikariDataSource       : HikariPool-1 - Start completed.
2026-10-02T09:09:18.974+02:00 DEBUG 3838 --- [facturacion360] [http-nio-81-exec-10] e.x.f.seguridad.UsuariosDetailsService   : Usuario cargado: admin (ADMIN)
2026-10-02T09:09:19.033+02:00 DEBUG 3838 --- [facturacion360] [http-nio-81-exec-10] o.s.jdbc.core.JdbcTemplate               : Executing prepared SQL query
2026-10-02T09:09:19.034+02:00 DEBUG 3838 --- [facturacion360] [http-nio-81-exec-10] o.s.jdbc.core.JdbcTemplate               : Executing prepared SQL statement [SELECT
	`idusuario`,
	`usuario`,
	`clave_hash`,
	`nombre`,
	`rol`,
	`activo`,
	`fecha_alta`,
	`ultimo_acceso`
FROM `bd_facturacion`.`usuarios`
WHERE `usuario` = ?
]
2026-10-02T09:09:19.035+02:00 DEBUG 3838 --- [facturacion360] [http-nio-81-exec-10] o.s.jdbc.core.JdbcTemplate               : Executing prepared SQL update
2026-10-02T09:09:19.035+02:00 DEBUG 3838 --- [facturacion360] [http-nio-81-exec-10] o.s.jdbc.core.JdbcTemplate               : Executing prepared SQL statement [UPDATE `bd_facturacion`.`usuarios`
SET `ultimo_acceso` = NOW()
WHERE `idusuario` = ?
]
2026-10-02T09:09:19.038+02:00  INFO 3838 --- [facturacion360] [http-nio-81-exec-10] e.x.f.controller.AuthController          : Inicio de sesión correcto: admin ([ROLE_ADMIN, FactorGrantedAuthority [authority=FACTOR_PASSWORD, issuedAt=2026-10-02T07:09:19.033308989Z]])
2026-10-02T09:09:19.098+02:00 DEBUG 3838 --- [facturacion360] [http-nio-81-exec-7] o.s.jdbc.core.JdbcTemplate               : Executing prepared SQL query
2026-10-02T09:09:19.099+02:00 DEBUG 3838 --- [facturacion360] [http-nio-81-exec-7] o.s.jdbc.core.JdbcTemplate               : Executing prepared SQL statement [SELECT
	`idusuario`,
	`usuario`,
	`clave_hash`,
	`nombre`,
	`rol`,
	`activo`,
	`fecha_alta`,
	`ultimo_acceso`
FROM `bd_facturacion`.`usuarios`
WHERE `usuario` = ?
]
2026-10-02T09:09:23.483+02:00 DEBUG 3838 --- [facturacion360] [http-nio-81-exec-4] o.s.jdbc.core.JdbcTemplate               : Executing prepared SQL query
2026-10-02T09:09:23.483+02:00 DEBUG 3838 --- [facturacion360] [http-nio-81-exec-4] o.s.jdbc.core.JdbcTemplate               : Executing prepared SQL statement [SELECT logo
FROM `bd_facturacion`.`emisor`
WHERE idemisor = ?
]
2026-10-02T09:09:23.490+02:00  WARN 3838 --- [facturacion360] [http-nio-81-exec-1] .m.m.a.ExceptionHandlerExceptionResolver : Resolved [org.springframework.web.servlet.resource.NoResourceFoundException: No static resource img/KittyLoading.gif for request '/img/KittyLoading.gif'.]
2026-10-02T09:09:23.527+02:00 DEBUG 3838 --- [facturacion360] [http-nio-81-exec-2] o.s.jdbc.core.JdbcTemplate               : Executing prepared SQL query
2026-10-02T09:09:23.527+02:00 DEBUG 3838 --- [facturacion360] [http-nio-81-exec-2] o.s.jdbc.core.JdbcTemplate               : Executing prepared SQL statement [SELECT
	`idusuario`,
	`usuario`,
	`clave_hash`,
	`nombre`,
	`rol`,
	`activo`,
	`fecha_alta`,
	`ultimo_acceso`
FROM `bd_facturacion`.`usuarios`
WHERE `usuario` = ?
]
2026-10-02T09:09:23.528+02:00 DEBUG 3838 --- [facturacion360] [http-nio-81-exec-3] o.s.jdbc.core.JdbcTemplate               : Executing prepared SQL query
2026-10-02T09:09:23.528+02:00 DEBUG 3838 --- [facturacion360] [http-nio-81-exec-3] o.s.jdbc.core.JdbcTemplate               : Executing prepared SQL statement [SELECT
    `nombre`,
    `nif_cif`,
    `direccion`,
    `email`,
    `telefono`
FROM `bd_facturacion`.`emisor`
WHERE `idemisor` = ?
]
2026-10-02T09:09:23.537+02:00 DEBUG 3838 --- [facturacion360] [http-nio-81-exec-5] o.s.jdbc.core.JdbcTemplate               : Executing prepared SQL query
2026-10-02T09:09:23.537+02:00 DEBUG 3838 --- [facturacion360] [http-nio-81-exec-5] o.s.jdbc.core.JdbcTemplate               : Executing prepared SQL statement [SELECT logo
FROM `bd_facturacion`.`emisor`
WHERE idemisor = ?
]
2026-10-02T09:09:25.547+02:00 DEBUG 3838 --- [facturacion360] [http-nio-81-exec-3] o.s.jdbc.core.JdbcTemplate               : Executing prepared SQL query
2026-10-02T09:09:25.547+02:00 DEBUG 3838 --- [facturacion360] [http-nio-81-exec-3] o.s.jdbc.core.JdbcTemplate               : Executing prepared SQL statement [SELECT
	`idusuario`,
	`usuario`,
	`clave_hash`,
	`nombre`,
	`rol`,
	`activo`,
	`fecha_alta`,
	`ultimo_acceso`
FROM `bd_facturacion`.`usuarios`
WHERE `usuario` = ?
]
2026-10-02T09:09:26.838+02:00 DEBUG 3838 --- [facturacion360] [http-nio-81-exec-6] o.s.jdbc.core.JdbcTemplate               : Executing prepared SQL query
2026-10-02T09:09:26.839+02:00 DEBUG 3838 --- [facturacion360] [http-nio-81-exec-6] o.s.jdbc.core.JdbcTemplate               : Executing prepared SQL statement [SELECT
	`idusuario`,
	`usuario`,
	`clave_hash`,
	`nombre`,
	`rol`,
	`activo`,
	`fecha_alta`,
	`ultimo_acceso`
FROM `bd_facturacion`.`usuarios`
WHERE `usuario` = ?
]
2026-10-02T09:09:26.839+02:00 DEBUG 3838 --- [facturacion360] [http-nio-81-exec-1] o.s.jdbc.core.JdbcTemplate               : Executing SQL query [SELECT f.idfactura, f.idcliente, c.nombre AS nombre_cliente, f.num_factura, f.fecha_emision, f.estado, f.observaciones, f.subtotal, f.importe_iva, f.total FROM facturas f INNER JOIN clientes c ON f.idcliente = c.idcliente ORDER BY f.fecha_emision DESC, f.idfactura DESC]
2026-10-02T09:09:26.843+02:00 DEBUG 3838 --- [facturacion360] [http-nio-81-exec-1] e.x.f.r.FacturaRepositoryJdbcImpl        : buscar() devuelve 1 facturas
2026-10-02T09:09:31.584+02:00 DEBUG 3838 --- [facturacion360] [http-nio-81-exec-4] o.s.jdbc.core.JdbcTemplate               : Executing prepared SQL query
2026-10-02T09:09:31.584+02:00 DEBUG 3838 --- [facturacion360] [http-nio-81-exec-4] o.s.jdbc.core.JdbcTemplate               : Executing prepared SQL statement [SELECT logo
FROM `bd_facturacion`.`emisor`
WHERE idemisor = ?
]
2026-10-02T09:09:31.584+02:00  WARN 3838 --- [facturacion360] [http-nio-81-exec-3] .m.m.a.ExceptionHandlerExceptionResolver : Resolved [org.springframework.web.servlet.resource.NoResourceFoundException: No static resource img/KittyLoading.gif for request '/img/KittyLoading.gif'.]
2026-10-02T09:09:31.613+02:00 DEBUG 3838 --- [facturacion360] [http-nio-81-exec-8] o.s.jdbc.core.JdbcTemplate               : Executing prepared SQL query
2026-10-02T09:09:31.613+02:00 DEBUG 3838 --- [facturacion360] [http-nio-81-exec-8] o.s.jdbc.core.JdbcTemplate               : Executing prepared SQL statement [SELECT
    `nombre`,
    `nif_cif`,
    `direccion`,
    `email`,
    `telefono`
FROM `bd_facturacion`.`emisor`
WHERE `idemisor` = ?
]
2026-10-02T09:09:31.613+02:00 DEBUG 3838 --- [facturacion360] [http-nio-81-exec-2] o.s.jdbc.core.JdbcTemplate               : Executing prepared SQL query
2026-10-02T09:09:31.613+02:00 DEBUG 3838 --- [facturacion360] [http-nio-81-exec-2] o.s.jdbc.core.JdbcTemplate               : Executing prepared SQL statement [SELECT
	`idusuario`,
	`usuario`,
	`clave_hash`,
	`nombre`,
	`rol`,
	`activo`,
	`fecha_alta`,
	`ultimo_acceso`
FROM `bd_facturacion`.`usuarios`
WHERE `usuario` = ?
]
2026-10-02T09:09:31.618+02:00 DEBUG 3838 --- [facturacion360] [http-nio-81-exec-5] o.s.jdbc.core.JdbcTemplate               : Executing prepared SQL query
2026-10-02T09:09:31.618+02:00 DEBUG 3838 --- [facturacion360] [http-nio-81-exec-5] o.s.jdbc.core.JdbcTemplate               : Executing prepared SQL statement [SELECT logo
FROM `bd_facturacion`.`emisor`
WHERE idemisor = ?
]
2026-10-02T09:09:32.858+02:00 DEBUG 3838 --- [facturacion360] [http-nio-81-exec-8] o.s.jdbc.core.JdbcTemplate               : Executing prepared SQL query
2026-10-02T09:09:32.858+02:00 DEBUG 3838 --- [facturacion360] [http-nio-81-exec-8] o.s.jdbc.core.JdbcTemplate               : Executing prepared SQL statement [SELECT
	`idusuario`,
	`usuario`,
	`clave_hash`,
	`nombre`,
	`rol`,
	`activo`,
	`fecha_alta`,
	`ultimo_acceso`
FROM `bd_facturacion`.`usuarios`
WHERE `usuario` = ?
]
2026-10-02T09:09:37.509+02:00 DEBUG 3838 --- [facturacion360] [http-nio-81-exec-9] o.s.jdbc.core.JdbcTemplate               : Executing prepared SQL query
2026-10-02T09:09:37.509+02:00 DEBUG 3838 --- [facturacion360] [http-nio-81-exec-9] o.s.jdbc.core.JdbcTemplate               : Executing prepared SQL statement [SELECT
	`idusuario`,
	`usuario`,
	`clave_hash`,
	`nombre`,
	`rol`,
	`activo`,
	`fecha_alta`,
	`ultimo_acceso`
FROM `bd_facturacion`.`usuarios`
WHERE `usuario` = ?
]
2026-10-02T09:09:46.615+02:00 DEBUG 3838 --- [facturacion360] [http-nio-81-exec-5] o.s.jdbc.core.JdbcTemplate               : Executing SQL query [SELECT f.idfactura, f.idcliente, c.nombre AS nombre_cliente, f.num_factura, f.fecha_emision, f.estado, f.observaciones, f.subtotal, f.importe_iva, f.total FROM facturas f INNER JOIN clientes c ON f.idcliente = c.idcliente ORDER BY f.fecha_emision DESC, f.idfactura DESC]
2026-10-02T09:09:46.616+02:00 DEBUG 3838 --- [facturacion360] [http-nio-81-exec-7] o.s.jdbc.core.JdbcTemplate               : Executing prepared SQL query
2026-10-02T09:09:46.616+02:00 DEBUG 3838 --- [facturacion360] [http-nio-81-exec-7] o.s.jdbc.core.JdbcTemplate               : Executing prepared SQL statement [SELECT
	`idusuario`,
	`usuario`,
	`clave_hash`,
	`nombre`,
	`rol`,
	`activo`,
	`fecha_alta`,
	`ultimo_acceso`
FROM `bd_facturacion`.`usuarios`
WHERE `usuario` = ?
]
2026-10-02T09:09:46.617+02:00 DEBUG 3838 --- [facturacion360] [http-nio-81-exec-5] e.x.f.r.FacturaRepositoryJdbcImpl        : buscar() devuelve 1 facturas
2026-10-02T09:09:48.586+02:00  WARN 3838 --- [facturacion360] [http-nio-81-exec-2] .m.m.a.ExceptionHandlerExceptionResolver : Resolved [org.springframework.web.servlet.resource.NoResourceFoundException: No static resource img/KittyLoading.gif for request '/img/KittyLoading.gif'.]
2026-10-02T09:09:48.630+02:00  INFO 3838 --- [facturacion360] [http-nio-81-exec-6] e.x.f.controller.ClienteController       : GET /cliente/provincias
2026-10-02T09:09:48.630+02:00  INFO 3838 --- [facturacion360] [http-nio-81-exec-7] e.x.f.controller.ClienteController       : GET /cliente/poblaciones?provincia=null
2026-10-02T09:09:48.630+02:00 DEBUG 3838 --- [facturacion360] [http-nio-81-exec-3] o.s.jdbc.core.JdbcTemplate               : Executing prepared SQL query
2026-10-02T09:09:48.630+02:00 DEBUG 3838 --- [facturacion360] [http-nio-81-exec-3] o.s.jdbc.core.JdbcTemplate               : Executing prepared SQL statement [SELECT
	`idusuario`,
	`usuario`,
	`clave_hash`,
	`nombre`,
	`rol`,
	`activo`,
	`fecha_alta`,
	`ultimo_acceso`
FROM `bd_facturacion`.`usuarios`
WHERE `usuario` = ?
]
2026-10-02T09:09:48.631+02:00 DEBUG 3838 --- [facturacion360] [http-nio-81-exec-6] o.s.jdbc.core.JdbcTemplate               : Executing SQL query [SELECT DISTINCT provincia FROM clientes WHERE provincia IS NOT NULL AND provincia <> '' ORDER BY provincia]
2026-10-02T09:09:48.631+02:00 DEBUG 3838 --- [facturacion360] [http-nio-81-exec-7] o.s.jdbc.core.JdbcTemplate               : Executing prepared SQL query
2026-10-02T09:09:48.631+02:00 DEBUG 3838 --- [facturacion360] [http-nio-81-exec-7] o.s.jdbc.core.JdbcTemplate               : Executing prepared SQL statement [SELECT DISTINCT poblacion FROM clientes WHERE poblacion IS NOT NULL AND poblacion <> '' ORDER BY poblacion]
2026-10-02T09:09:48.632+02:00 DEBUG 3838 --- [facturacion360] [http-nio-81-exec-6] e.x.f.r.ClienteRepositoryJdbcImpl        : findProvincias() -> 1 provincias
2026-10-02T09:09:48.632+02:00  INFO 3838 --- [facturacion360] [http-nio-81-exec-6] e.x.f.service.ClienteServiceImpl         : listarProvincias() -> 1 provincias
2026-10-02T09:09:48.632+02:00  INFO 3838 --- [facturacion360] [http-nio-81-exec-6] e.x.f.controller.ClienteController       : GET /cliente/provincias -> 200 (1 provincias)
2026-10-02T09:09:48.632+02:00 DEBUG 3838 --- [facturacion360] [http-nio-81-exec-7] e.x.f.r.ClienteRepositoryJdbcImpl        : findPoblaciones(provincia=null) -> 1 poblaciones
2026-10-02T09:09:48.632+02:00  INFO 3838 --- [facturacion360] [http-nio-81-exec-7] e.x.f.service.ClienteServiceImpl         : listarPoblaciones(provincia=null) -> 1 poblaciones
2026-10-02T09:09:48.633+02:00  INFO 3838 --- [facturacion360] [http-nio-81-exec-7] e.x.f.controller.ClienteController       : GET /cliente/poblaciones -> 200 (1 poblaciones)
2026-10-02T09:09:48.639+02:00  INFO 3838 --- [facturacion360] [http-nio-81-exec-5] e.x.f.controller.ClienteController       : GET /cliente/listar-pagina -> CriteriosCliente[pagina=0, tamano=10, busqueda=null, provincia=null, poblacion=null, ordenarPor=fecha_alta, direccion=desc]
2026-10-02T09:09:48.645+02:00 DEBUG 3838 --- [facturacion360] [http-nio-81-exec-5] o.s.jdbc.core.JdbcTemplate               : Executing prepared SQL query
2026-10-02T09:09:48.645+02:00 DEBUG 3838 --- [facturacion360] [http-nio-81-exec-5] o.s.jdbc.core.JdbcTemplate               : Executing prepared SQL statement [SELECT idcliente, nombre, nif_cif, direccion, codigopostal, poblacion, provincia, telefono, email, fecha_alta FROM clientes ORDER BY fecha_alta IS NULL, fecha_alta DESC, idcliente DESC LIMIT ? OFFSET ?]
2026-10-02T09:09:48.646+02:00 DEBUG 3838 --- [facturacion360] [http-nio-81-exec-5] e.x.f.r.ClienteRepositoryJdbcImpl        : findPagina(CriteriosCliente[pagina=0, tamano=10, busqueda=null, provincia=null, poblacion=null, ordenarPor=fecha_alta, direccion=desc]) -> 1 filas
2026-10-02T09:09:48.646+02:00 DEBUG 3838 --- [facturacion360] [http-nio-81-exec-5] o.s.jdbc.core.JdbcTemplate               : Executing prepared SQL query
2026-10-02T09:09:48.646+02:00 DEBUG 3838 --- [facturacion360] [http-nio-81-exec-5] o.s.jdbc.core.JdbcTemplate               : Executing prepared SQL statement [SELECT COUNT(*) FROM clientes]
2026-10-02T09:09:48.647+02:00 DEBUG 3838 --- [facturacion360] [http-nio-81-exec-5] e.x.f.r.ClienteRepositoryJdbcImpl        : contarTotal(CriteriosCliente[pagina=0, tamano=10, busqueda=null, provincia=null, poblacion=null, ordenarPor=fecha_alta, direccion=desc]) -> 1 clientes
2026-10-02T09:09:48.647+02:00  INFO 3838 --- [facturacion360] [http-nio-81-exec-5] e.x.f.service.ClienteServiceImpl         : listarPagina(CriteriosCliente[pagina=0, tamano=10, busqueda=null, provincia=null, poblacion=null, ordenarPor=fecha_alta, direccion=desc]) -> pagina 1/1, 1 elementos
2026-10-02T09:09:48.648+02:00  INFO 3838 --- [facturacion360] [http-nio-81-exec-5] e.x.f.controller.ClienteController       : GET /cliente/listar-pagina -> 200 (pagina 1 de 1)
2026-10-02T09:09:50.437+02:00 DEBUG 3838 --- [facturacion360] [http-nio-81-exec-6] o.s.jdbc.core.JdbcTemplate               : Executing prepared SQL query
2026-10-02T09:09:50.437+02:00 DEBUG 3838 --- [facturacion360] [http-nio-81-exec-6] o.s.jdbc.core.JdbcTemplate               : Executing prepared SQL statement [SELECT
	`idusuario`,
	`usuario`,
	`clave_hash`,
	`nombre`,
	`rol`,
	`activo`,
	`fecha_alta`,
	`ultimo_acceso`
FROM `bd_facturacion`.`usuarios`
WHERE `usuario` = ?
]
2026-10-02T09:09:55.792+02:00  WARN 3838 --- [facturacion360] [http-nio-81-exec-10] .m.m.a.ExceptionHandlerExceptionResolver : Resolved [org.springframework.web.servlet.resource.NoResourceFoundException: No static resource img/KittyLoading.gif for request '/img/KittyLoading.gif'.]
2026-10-02T09:09:55.825+02:00  INFO 3838 --- [facturacion360] [http-nio-81-exec-8] e.x.f.controller.ClienteController       : GET /cliente/provincias
2026-10-02T09:09:55.825+02:00  INFO 3838 --- [facturacion360] [http-nio-81-exec-3] e.x.f.controller.ClienteController       : GET /cliente/poblaciones?provincia=null
2026-10-02T09:09:55.825+02:00 DEBUG 3838 --- [facturacion360] [http-nio-81-exec-8] o.s.jdbc.core.JdbcTemplate               : Executing SQL query [SELECT DISTINCT provincia FROM clientes WHERE provincia IS NOT NULL AND provincia <> '' ORDER BY provincia]
2026-10-02T09:09:55.826+02:00 DEBUG 3838 --- [facturacion360] [http-nio-81-exec-3] o.s.jdbc.core.JdbcTemplate               : Executing prepared SQL query
2026-10-02T09:09:55.826+02:00 DEBUG 3838 --- [facturacion360] [http-nio-81-exec-3] o.s.jdbc.core.JdbcTemplate               : Executing prepared SQL statement [SELECT DISTINCT poblacion FROM clientes WHERE poblacion IS NOT NULL AND poblacion <> '' ORDER BY poblacion]
2026-10-02T09:09:55.826+02:00 DEBUG 3838 --- [facturacion360] [http-nio-81-exec-8] e.x.f.r.ClienteRepositoryJdbcImpl        : findProvincias() -> 1 provincias
2026-10-02T09:09:55.826+02:00 DEBUG 3838 --- [facturacion360] [http-nio-81-exec-3] e.x.f.r.ClienteRepositoryJdbcImpl        : findPoblaciones(provincia=null) -> 1 poblaciones
2026-10-02T09:09:55.826+02:00  INFO 3838 --- [facturacion360] [http-nio-81-exec-8] e.x.f.service.ClienteServiceImpl         : listarProvincias() -> 1 provincias
2026-10-02T09:09:55.826+02:00  INFO 3838 --- [facturacion360] [http-nio-81-exec-3] e.x.f.service.ClienteServiceImpl         : listarPoblaciones(provincia=null) -> 1 poblaciones
2026-10-02T09:09:55.826+02:00  INFO 3838 --- [facturacion360] [http-nio-81-exec-8] e.x.f.controller.ClienteController       : GET /cliente/provincias -> 200 (1 provincias)
2026-10-02T09:09:55.826+02:00  INFO 3838 --- [facturacion360] [http-nio-81-exec-3] e.x.f.controller.ClienteController       : GET /cliente/poblaciones -> 200 (1 poblaciones)
2026-10-02T09:09:55.827+02:00 DEBUG 3838 --- [facturacion360] [http-nio-81-exec-6] o.s.jdbc.core.JdbcTemplate               : Executing prepared SQL query
2026-10-02T09:09:55.827+02:00 DEBUG 3838 --- [facturacion360] [http-nio-81-exec-6] o.s.jdbc.core.JdbcTemplate               : Executing prepared SQL statement [SELECT
	`idusuario`,
	`usuario`,
	`clave_hash`,
	`nombre`,
	`rol`,
	`activo`,
	`fecha_alta`,
	`ultimo_acceso`
FROM `bd_facturacion`.`usuarios`
WHERE `usuario` = ?
]
2026-10-02T09:09:55.827+02:00  INFO 3838 --- [facturacion360] [http-nio-81-exec-7] e.x.f.controller.ClienteController       : GET /cliente/listar-pagina -> CriteriosCliente[pagina=0, tamano=10, busqueda=null, provincia=null, poblacion=null, ordenarPor=fecha_alta, direccion=desc]
2026-10-02T09:09:55.827+02:00 DEBUG 3838 --- [facturacion360] [http-nio-81-exec-7] o.s.jdbc.core.JdbcTemplate               : Executing prepared SQL query
2026-10-02T09:09:55.828+02:00 DEBUG 3838 --- [facturacion360] [http-nio-81-exec-7] o.s.jdbc.core.JdbcTemplate               : Executing prepared SQL statement [SELECT idcliente, nombre, nif_cif, direccion, codigopostal, poblacion, provincia, telefono, email, fecha_alta FROM clientes ORDER BY fecha_alta IS NULL, fecha_alta DESC, idcliente DESC LIMIT ? OFFSET ?]
2026-10-02T09:09:55.828+02:00 DEBUG 3838 --- [facturacion360] [http-nio-81-exec-7] e.x.f.r.ClienteRepositoryJdbcImpl        : findPagina(CriteriosCliente[pagina=0, tamano=10, busqueda=null, provincia=null, poblacion=null, ordenarPor=fecha_alta, direccion=desc]) -> 1 filas
2026-10-02T09:09:55.828+02:00 DEBUG 3838 --- [facturacion360] [http-nio-81-exec-7] o.s.jdbc.core.JdbcTemplate               : Executing prepared SQL query
2026-10-02T09:09:55.828+02:00 DEBUG 3838 --- [facturacion360] [http-nio-81-exec-7] o.s.jdbc.core.JdbcTemplate               : Executing prepared SQL statement [SELECT COUNT(*) FROM clientes]
2026-10-02T09:09:55.829+02:00 DEBUG 3838 --- [facturacion360] [http-nio-81-exec-7] e.x.f.r.ClienteRepositoryJdbcImpl        : contarTotal(CriteriosCliente[pagina=0, tamano=10, busqueda=null, provincia=null, poblacion=null, ordenarPor=fecha_alta, direccion=desc]) -> 1 clientes
2026-10-02T09:09:55.829+02:00  INFO 3838 --- [facturacion360] [http-nio-81-exec-7] e.x.f.service.ClienteServiceImpl         : listarPagina(CriteriosCliente[pagina=0, tamano=10, busqueda=null, provincia=null, poblacion=null, ordenarPor=fecha_alta, direccion=desc]) -> pagina 1/1, 1 elementos
2026-10-02T09:09:55.829+02:00  INFO 3838 --- [facturacion360] [http-nio-81-exec-7] e.x.f.controller.ClienteController       : GET /cliente/listar-pagina -> 200 (pagina 1 de 1)
2026-10-02T09:09:58.410+02:00 DEBUG 3838 --- [facturacion360] [http-nio-81-exec-5] o.s.jdbc.core.JdbcTemplate               : Executing SQL query [SELECT f.idfactura, f.idcliente, c.nombre AS nombre_cliente, f.num_factura, f.fecha_emision, f.estado, f.observaciones, f.subtotal, f.importe_iva, f.total FROM facturas f INNER JOIN clientes c ON f.idcliente = c.idcliente ORDER BY f.fecha_emision DESC, f.idfactura DESC]
2026-10-02T09:09:58.410+02:00 DEBUG 3838 --- [facturacion360] [http-nio-81-exec-10] o.s.jdbc.core.JdbcTemplate               : Executing prepared SQL query
2026-10-02T09:09:58.410+02:00 DEBUG 3838 --- [facturacion360] [http-nio-81-exec-10] o.s.jdbc.core.JdbcTemplate               : Executing prepared SQL statement [SELECT
	`idusuario`,
	`usuario`,
	`clave_hash`,
	`nombre`,
	`rol`,
	`activo`,
	`fecha_alta`,
	`ultimo_acceso`
FROM `bd_facturacion`.`usuarios`
WHERE `usuario` = ?
]
2026-10-02T09:09:58.411+02:00 DEBUG 3838 --- [facturacion360] [http-nio-81-exec-5] e.x.f.r.FacturaRepositoryJdbcImpl        : buscar() devuelve 1 facturas
2026-10-02T09:09:59.525+02:00 DEBUG 3838 --- [facturacion360] [http-nio-81-exec-10] o.s.jdbc.core.JdbcTemplate               : Executing prepared SQL query
2026-10-02T09:09:59.525+02:00 DEBUG 3838 --- [facturacion360] [http-nio-81-exec-10] o.s.jdbc.core.JdbcTemplate               : Executing prepared SQL statement [SELECT
	`idusuario`,
	`usuario`,
	`clave_hash`,
	`nombre`,
	`rol`,
	`activo`,
	`fecha_alta`,
	`ultimo_acceso`
FROM `bd_facturacion`.`usuarios`
WHERE `usuario` = ?
]
2026-10-02T09:10:01.715+02:00 DEBUG 3838 --- [facturacion360] [http-nio-81-exec-8] o.s.jdbc.core.JdbcTemplate               : Executing prepared SQL query
2026-10-02T09:10:01.715+02:00 DEBUG 3838 --- [facturacion360] [http-nio-81-exec-8] o.s.jdbc.core.JdbcTemplate               : Executing prepared SQL statement [SELECT logo
FROM `bd_facturacion`.`emisor`
WHERE idemisor = ?
]
2026-10-02T09:10:01.717+02:00  WARN 3838 --- [facturacion360] [http-nio-81-exec-1] .m.m.a.ExceptionHandlerExceptionResolver : Resolved [org.springframework.web.servlet.resource.NoResourceFoundException: No static resource img/KittyLoading.gif for request '/img/KittyLoading.gif'.]
2026-10-02T09:10:01.743+02:00 DEBUG 3838 --- [facturacion360] [http-nio-81-exec-3] o.s.jdbc.core.JdbcTemplate               : Executing prepared SQL query
2026-10-02T09:10:01.744+02:00 DEBUG 3838 --- [facturacion360] [http-nio-81-exec-3] o.s.jdbc.core.JdbcTemplate               : Executing prepared SQL statement [SELECT
    `nombre`,
    `nif_cif`,
    `direccion`,
    `email`,
    `telefono`
FROM `bd_facturacion`.`emisor`
WHERE `idemisor` = ?
]
2026-10-02T09:10:01.744+02:00 DEBUG 3838 --- [facturacion360] [http-nio-81-exec-7] o.s.jdbc.core.JdbcTemplate               : Executing prepared SQL query
2026-10-02T09:10:01.744+02:00 DEBUG 3838 --- [facturacion360] [http-nio-81-exec-7] o.s.jdbc.core.JdbcTemplate               : Executing prepared SQL statement [SELECT
	`idusuario`,
	`usuario`,
	`clave_hash`,
	`nombre`,
	`rol`,
	`activo`,
	`fecha_alta`,
	`ultimo_acceso`
FROM `bd_facturacion`.`usuarios`
WHERE `usuario` = ?
]
2026-10-02T09:10:01.751+02:00 DEBUG 3838 --- [facturacion360] [http-nio-81-exec-1] o.s.jdbc.core.JdbcTemplate               : Executing prepared SQL query
2026-10-02T09:10:01.751+02:00 DEBUG 3838 --- [facturacion360] [http-nio-81-exec-1] o.s.jdbc.core.JdbcTemplate               : Executing prepared SQL statement [SELECT logo
FROM `bd_facturacion`.`emisor`
WHERE idemisor = ?
]
2026-10-02T09:10:04.458+02:00 DEBUG 3838 --- [facturacion360] [http-nio-81-exec-3] o.s.jdbc.core.JdbcTemplate               : Executing prepared SQL query
2026-10-02T09:10:04.459+02:00 DEBUG 3838 --- [facturacion360] [http-nio-81-exec-3] o.s.jdbc.core.JdbcTemplate               : Executing prepared SQL statement [SELECT
	`idusuario`,
	`usuario`,
	`clave_hash`,
	`nombre`,
	`rol`,
	`activo`,
	`fecha_alta`,
	`ultimo_acceso`
FROM `bd_facturacion`.`usuarios`
WHERE `usuario` = ?
]
2026-10-02T09:10:07.687+02:00 DEBUG 3838 --- [facturacion360] [http-nio-81-exec-4] o.s.jdbc.core.JdbcTemplate               : Executing prepared SQL query
2026-10-02T09:10:07.688+02:00 DEBUG 3838 --- [facturacion360] [http-nio-81-exec-4] o.s.jdbc.core.JdbcTemplate               : Executing prepared SQL statement [SELECT logo
FROM `bd_facturacion`.`emisor`
WHERE idemisor = ?
]
2026-10-02T09:10:07.688+02:00  WARN 3838 --- [facturacion360] [http-nio-81-exec-9] .m.m.a.ExceptionHandlerExceptionResolver : Resolved [org.springframework.web.servlet.resource.NoResourceFoundException: No static resource img/KittyLoading.gif for request '/img/KittyLoading.gif'.]
2026-10-02T09:10:07.719+02:00 DEBUG 3838 --- [facturacion360] [http-nio-81-exec-8] o.s.jdbc.core.JdbcTemplate               : Executing prepared SQL query
2026-10-02T09:10:07.719+02:00 DEBUG 3838 --- [facturacion360] [http-nio-81-exec-8] o.s.jdbc.core.JdbcTemplate               : Executing prepared SQL statement [SELECT
    `nombre`,
    `nif_cif`,
    `direccion`,
    `email`,
    `telefono`
FROM `bd_facturacion`.`emisor`
WHERE `idemisor` = ?
]
2026-10-02T09:10:07.720+02:00 DEBUG 3838 --- [facturacion360] [http-nio-81-exec-5] o.s.jdbc.core.JdbcTemplate               : Executing prepared SQL query
2026-10-02T09:10:07.720+02:00 DEBUG 3838 --- [facturacion360] [http-nio-81-exec-5] o.s.jdbc.core.JdbcTemplate               : Executing prepared SQL statement [SELECT
	`idusuario`,
	`usuario`,
	`clave_hash`,
	`nombre`,
	`rol`,
	`activo`,
	`fecha_alta`,
	`ultimo_acceso`
FROM `bd_facturacion`.`usuarios`
WHERE `usuario` = ?
]
2026-10-02T09:10:07.724+02:00 DEBUG 3838 --- [facturacion360] [http-nio-81-exec-9] o.s.jdbc.core.JdbcTemplate               : Executing prepared SQL query
2026-10-02T09:10:07.724+02:00 DEBUG 3838 --- [facturacion360] [http-nio-81-exec-9] o.s.jdbc.core.JdbcTemplate               : Executing prepared SQL statement [SELECT logo
FROM `bd_facturacion`.`emisor`
WHERE idemisor = ?
]
2026-10-02T09:10:10.838+02:00 DEBUG 3838 --- [facturacion360] [http-nio-81-exec-5] o.s.jdbc.core.JdbcTemplate               : Executing prepared SQL query
2026-10-02T09:10:10.838+02:00 DEBUG 3838 --- [facturacion360] [http-nio-81-exec-5] o.s.jdbc.core.JdbcTemplate               : Executing prepared SQL statement [SELECT
	`idusuario`,
	`usuario`,
	`clave_hash`,
	`nombre`,
	`rol`,
	`activo`,
	`fecha_alta`,
	`ultimo_acceso`
FROM `bd_facturacion`.`usuarios`
WHERE `usuario` = ?
]
2026-10-02T11:09:41.898+02:00  INFO 23268 --- [facturacion360] [restartedMain] e.x.f.Facturacion360Application          : Starting Facturacion360Application using Java 21.0.12 with PID 23268 (/root/git/facturacion360-Proyecto-de-facturacion/facturacion360/target/classes started by root in /root/git/facturacion360-Proyecto-de-facturacion/facturacion360)
2026-10-02T11:09:41.899+02:00 DEBUG 23268 --- [facturacion360] [restartedMain] e.x.f.Facturacion360Application          : Running with Spring Boot v4.1.0, Spring v7.0.8
2026-10-02T11:09:41.900+02:00  INFO 23268 --- [facturacion360] [restartedMain] e.x.f.Facturacion360Application          : No active profile set, falling back to 1 default profile: "default"
2026-10-02T11:09:41.922+02:00  INFO 23268 --- [facturacion360] [restartedMain] .e.DevToolsPropertyDefaultsPostProcessor : Devtools property defaults active! Set 'spring.devtools.add-properties' to 'false' to disable
2026-10-02T11:09:41.922+02:00  INFO 23268 --- [facturacion360] [restartedMain] .e.DevToolsPropertyDefaultsPostProcessor : For additional web related logging consider setting the 'logging.level.web' property to 'DEBUG'
2026-10-02T11:09:42.531+02:00  INFO 23268 --- [facturacion360] [restartedMain] o.s.boot.tomcat.TomcatWebServer          : Tomcat initialized with port 81 (http)
2026-10-02T11:09:42.539+02:00  INFO 23268 --- [facturacion360] [restartedMain] o.apache.catalina.core.StandardService   : Starting service [Tomcat]
2026-10-02T11:09:42.539+02:00  INFO 23268 --- [facturacion360] [restartedMain] o.apache.catalina.core.StandardEngine    : Starting Servlet engine: [Apache Tomcat/11.0.22]
2026-10-02T11:09:42.557+02:00  INFO 23268 --- [facturacion360] [restartedMain] b.w.c.s.WebApplicationContextInitializer : Root WebApplicationContext: initialization completed in 635 ms
2026-10-02T11:09:42.682+02:00  INFO 23268 --- [facturacion360] [restartedMain] r$InitializeUserDetailsManagerConfigurer : Global AuthenticationManager configured with UserDetailsService bean with name usuariosDetailsService
2026-10-02T11:09:42.865+02:00  INFO 23268 --- [facturacion360] [restartedMain] o.s.b.w.a.WelcomePageHandlerMapping      : Adding welcome page: class path resource [static/index.html]
2026-10-02T11:09:43.040+02:00  INFO 23268 --- [facturacion360] [restartedMain] o.s.boot.tomcat.TomcatWebServer          : Tomcat started on port 81 (http) with context path '/'
2026-10-02T11:09:43.045+02:00  INFO 23268 --- [facturacion360] [restartedMain] e.x.f.Facturacion360Application          : Started Facturacion360Application in 1.399 seconds (process running for 1.609)
2026-10-02T11:09:43.047+02:00  WARN 23268 --- [facturacion360] [restartedMain] o.s.core.events.SpringDocAppInitializer  : SpringDoc /v3/api-docs endpoint is enabled by default. To disable it in production, set the property 'springdoc.api-docs.enabled=false'
2026-10-02T11:09:43.047+02:00  WARN 23268 --- [facturacion360] [restartedMain] o.s.core.events.SpringDocAppInitializer  : SpringDoc /swagger-ui.html endpoint is enabled by default. To disable it in production, set the property 'springdoc.swagger-ui.enabled=false'
2026-10-02T11:09:49.995+02:00  INFO 23268 --- [facturacion360] [http-nio-81-exec-1] o.a.c.c.C.[Tomcat].[localhost].[/]       : Initializing Spring DispatcherServlet 'dispatcherServlet'
2026-10-02T11:09:49.995+02:00  INFO 23268 --- [facturacion360] [http-nio-81-exec-1] o.s.web.servlet.DispatcherServlet        : Initializing Servlet 'dispatcherServlet'
2026-10-02T11:09:49.996+02:00  INFO 23268 --- [facturacion360] [http-nio-81-exec-1] o.s.web.servlet.DispatcherServlet        : Completed initialization in 1 ms
2026-10-02T11:09:50.008+02:00  INFO 23268 --- [facturacion360] [http-nio-81-exec-1] e.x.f.s.PuntoEntradaNoAutenticada        : Petición sin sesión a /facturas.html: se redirige al login
2026-10-02T11:09:50.045+02:00  INFO 23268 --- [facturacion360] [http-nio-81-exec-8] e.x.f.s.PuntoEntradaNoAutenticada        : Petición sin sesión a /auth/yo: se responde 401
2026-10-02T11:10:05.503+02:00 DEBUG 23268 --- [facturacion360] [http-nio-81-exec-1] o.s.jdbc.core.JdbcTemplate               : Executing prepared SQL query
2026-10-02T11:10:05.503+02:00 DEBUG 23268 --- [facturacion360] [http-nio-81-exec-1] o.s.jdbc.core.JdbcTemplate               : Executing prepared SQL statement [SELECT
	`idusuario`,
	`usuario`,
	`clave_hash`,
	`nombre`,
	`rol`,
	`activo`,
	`fecha_alta`,
	`ultimo_acceso`
FROM `bd_facturacion`.`usuarios`
WHERE `usuario` = ?
]
2026-10-02T11:10:05.505+02:00  INFO 23268 --- [facturacion360] [http-nio-81-exec-1] com.zaxxer.hikari.HikariDataSource       : HikariPool-1 - Starting...
2026-10-02T11:10:05.585+02:00  INFO 23268 --- [facturacion360] [http-nio-81-exec-1] com.zaxxer.hikari.pool.HikariPool        : HikariPool-1 - Added connection com.mysql.cj.jdbc.ConnectionImpl@14a2599a
2026-10-02T11:10:05.587+02:00  INFO 23268 --- [facturacion360] [http-nio-81-exec-1] com.zaxxer.hikari.HikariDataSource       : HikariPool-1 - Start completed.
2026-10-02T11:10:05.615+02:00 DEBUG 23268 --- [facturacion360] [http-nio-81-exec-1] e.x.f.seguridad.UsuariosDetailsService   : Usuario cargado: admin (ADMIN)
2026-10-02T11:10:05.678+02:00  WARN 23268 --- [facturacion360] [http-nio-81-exec-1] e.x.f.controller.ManejadorExcepciones    : Intento de acceso rechazado: usuario o contraseña incorrectos
2026-10-02T11:10:05.684+02:00  WARN 23268 --- [facturacion360] [http-nio-81-exec-1] .m.m.a.ExceptionHandlerExceptionResolver : Resolved [org.springframework.security.authentication.BadCredentialsException: Credenciales erróneas]
2026-10-02T11:10:19.735+02:00 DEBUG 23268 --- [facturacion360] [http-nio-81-exec-2] o.s.jdbc.core.JdbcTemplate               : Executing prepared SQL query
2026-10-02T11:10:19.735+02:00 DEBUG 23268 --- [facturacion360] [http-nio-81-exec-2] o.s.jdbc.core.JdbcTemplate               : Executing prepared SQL statement [SELECT
	`idusuario`,
	`usuario`,
	`clave_hash`,
	`nombre`,
	`rol`,
	`activo`,
	`fecha_alta`,
	`ultimo_acceso`
FROM `bd_facturacion`.`usuarios`
WHERE `usuario` = ?
]
2026-10-02T11:10:19.737+02:00 DEBUG 23268 --- [facturacion360] [http-nio-81-exec-2] e.x.f.seguridad.UsuariosDetailsService   : Usuario cargado: admin (ADMIN)
2026-10-02T11:10:19.795+02:00 DEBUG 23268 --- [facturacion360] [http-nio-81-exec-2] o.s.jdbc.core.JdbcTemplate               : Executing prepared SQL query
2026-10-02T11:10:19.795+02:00 DEBUG 23268 --- [facturacion360] [http-nio-81-exec-2] o.s.jdbc.core.JdbcTemplate               : Executing prepared SQL statement [SELECT
	`idusuario`,
	`usuario`,
	`clave_hash`,
	`nombre`,
	`rol`,
	`activo`,
	`fecha_alta`,
	`ultimo_acceso`
FROM `bd_facturacion`.`usuarios`
WHERE `usuario` = ?
]
2026-10-02T11:10:19.796+02:00 DEBUG 23268 --- [facturacion360] [http-nio-81-exec-2] o.s.jdbc.core.JdbcTemplate               : Executing prepared SQL update
2026-10-02T11:10:19.796+02:00 DEBUG 23268 --- [facturacion360] [http-nio-81-exec-2] o.s.jdbc.core.JdbcTemplate               : Executing prepared SQL statement [UPDATE `bd_facturacion`.`usuarios`
SET `ultimo_acceso` = NOW()
WHERE `idusuario` = ?
]
2026-10-02T11:10:19.800+02:00  INFO 23268 --- [facturacion360] [http-nio-81-exec-2] e.x.f.controller.AuthController          : Inicio de sesión correcto: admin ([ROLE_ADMIN, FactorGrantedAuthority [authority=FACTOR_PASSWORD, issuedAt=2026-10-02T09:10:19.794876158Z]])
2026-10-02T11:10:19.858+02:00 DEBUG 23268 --- [facturacion360] [http-nio-81-exec-10] o.s.jdbc.core.JdbcTemplate               : Executing prepared SQL query
2026-10-02T11:10:19.859+02:00 DEBUG 23268 --- [facturacion360] [http-nio-81-exec-10] o.s.jdbc.core.JdbcTemplate               : Executing prepared SQL statement [SELECT
	`idusuario`,
	`usuario`,
	`clave_hash`,
	`nombre`,
	`rol`,
	`activo`,
	`fecha_alta`,
	`ultimo_acceso`
FROM `bd_facturacion`.`usuarios`
WHERE `usuario` = ?
]
2026-10-02T11:10:24.477+02:00 DEBUG 23268 --- [facturacion360] [http-nio-81-exec-4] o.s.jdbc.core.JdbcTemplate               : Executing prepared SQL query
2026-10-02T11:10:24.477+02:00 DEBUG 23268 --- [facturacion360] [http-nio-81-exec-4] o.s.jdbc.core.JdbcTemplate               : Executing prepared SQL statement [SELECT
	`idusuario`,
	`usuario`,
	`clave_hash`,
	`nombre`,
	`rol`,
	`activo`,
	`fecha_alta`,
	`ultimo_acceso`
FROM `bd_facturacion`.`usuarios`
WHERE `usuario` = ?
]
2026-10-02T11:10:24.481+02:00 DEBUG 23268 --- [facturacion360] [http-nio-81-exec-5] o.s.jdbc.core.JdbcTemplate               : Executing SQL query [SELECT f.idfactura, f.idcliente, c.nombre AS nombre_cliente, f.num_factura, f.fecha_emision, f.estado, f.observaciones, f.subtotal, f.importe_iva, f.total FROM facturas f INNER JOIN clientes c ON f.idcliente = c.idcliente ORDER BY f.fecha_emision DESC, f.idfactura DESC]
2026-10-02T11:10:24.483+02:00 DEBUG 23268 --- [facturacion360] [http-nio-81-exec-5] e.x.f.r.FacturaRepositoryJdbcImpl        : buscar() devuelve 1 facturas
2026-10-02T11:10:27.956+02:00 DEBUG 23268 --- [facturacion360] [http-nio-81-exec-2] o.s.jdbc.core.JdbcTemplate               : Executing prepared SQL query
2026-10-02T11:10:27.957+02:00 DEBUG 23268 --- [facturacion360] [http-nio-81-exec-2] o.s.jdbc.core.JdbcTemplate               : Executing prepared SQL statement [SELECT logo
FROM `bd_facturacion`.`emisor`
WHERE idemisor = ?
]
2026-10-02T11:10:27.986+02:00 DEBUG 23268 --- [facturacion360] [http-nio-81-exec-5] o.s.jdbc.core.JdbcTemplate               : Executing prepared SQL query
2026-10-02T11:10:27.986+02:00 DEBUG 23268 --- [facturacion360] [http-nio-81-exec-5] o.s.jdbc.core.JdbcTemplate               : Executing prepared SQL statement [SELECT
    `nombre`,
    `nif_cif`,
    `direccion`,
    `email`,
    `telefono`
FROM `bd_facturacion`.`emisor`
WHERE `idemisor` = ?
]
2026-10-02T11:10:27.990+02:00 DEBUG 23268 --- [facturacion360] [http-nio-81-exec-4] o.s.jdbc.core.JdbcTemplate               : Executing prepared SQL query
2026-10-02T11:10:27.990+02:00 DEBUG 23268 --- [facturacion360] [http-nio-81-exec-4] o.s.jdbc.core.JdbcTemplate               : Executing prepared SQL statement [SELECT f.idfactura, f.idcliente, c.nombre AS nombre_cliente, f.num_factura, f.fecha_emision, f.estado, f.observaciones, f.subtotal, f.importe_iva, f.total FROM facturas f INNER JOIN clientes c ON f.idcliente = c.idcliente WHERE f.idfactura = ?]
2026-10-02T11:10:27.991+02:00 DEBUG 23268 --- [facturacion360] [http-nio-81-exec-4] o.s.jdbc.core.JdbcTemplate               : Executing prepared SQL query
2026-10-02T11:10:27.991+02:00 DEBUG 23268 --- [facturacion360] [http-nio-81-exec-4] o.s.jdbc.core.JdbcTemplate               : Executing prepared SQL statement [SELECT idcliente, nombre, nif_cif, direccion, codigopostal, poblacion, provincia, telefono, email FROM clientes WHERE idcliente = ?]
2026-10-02T11:10:27.992+02:00 DEBUG 23268 --- [facturacion360] [http-nio-81-exec-4] o.s.jdbc.core.JdbcTemplate               : Executing prepared SQL query
2026-10-02T11:10:27.992+02:00 DEBUG 23268 --- [facturacion360] [http-nio-81-exec-4] o.s.jdbc.core.JdbcTemplate               : Executing prepared SQL statement [SELECT idconcepto, descripcion, cantidad, precio_unitario, descuento, porcentaje_iva, importe_iva, base_imponible, total, clave_regimen, calificacion FROM conceptos WHERE idfactura = ? ORDER BY idconcepto]
2026-10-02T11:10:27.993+02:00 DEBUG 23268 --- [facturacion360] [http-nio-81-exec-4] o.s.jdbc.core.JdbcTemplate               : Executing prepared SQL query
2026-10-02T11:10:27.993+02:00 DEBUG 23268 --- [facturacion360] [http-nio-81-exec-4] o.s.jdbc.core.JdbcTemplate               : Executing prepared SQL statement [SELECT impuesto, clave_regimen, calificacion, tipo_impositivo, base_imponible, cuota_repercutida FROM desglose_impositivo WHERE idfactura = ? ORDER BY impuesto, clave_regimen, calificacion, tipo_impositivo]
2026-10-02T11:10:28.005+02:00 DEBUG 23268 --- [facturacion360] [http-nio-81-exec-6] o.s.jdbc.core.JdbcTemplate               : Executing prepared SQL query
2026-10-02T11:10:28.005+02:00 DEBUG 23268 --- [facturacion360] [http-nio-81-exec-6] o.s.jdbc.core.JdbcTemplate               : Executing prepared SQL statement [SELECT f.idfactura, f.idcliente, c.nombre AS nombre_cliente, f.num_factura, f.fecha_emision, f.estado, f.observaciones, f.subtotal, f.importe_iva, f.total FROM facturas f INNER JOIN clientes c ON f.idcliente = c.idcliente WHERE f.idfactura = ?]
2026-10-02T11:10:28.006+02:00 DEBUG 23268 --- [facturacion360] [http-nio-81-exec-6] o.s.jdbc.core.JdbcTemplate               : Executing prepared SQL query
2026-10-02T11:10:28.006+02:00 DEBUG 23268 --- [facturacion360] [http-nio-81-exec-6] o.s.jdbc.core.JdbcTemplate               : Executing prepared SQL statement [SELECT
    `nombre`,
    `nif_cif`,
    `direccion`,
    `email`,
    `telefono`
FROM `bd_facturacion`.`emisor`
WHERE `idemisor` = ?
]
2026-10-02T11:10:28.060+02:00 DEBUG 23268 --- [facturacion360] [http-nio-81-exec-6] e.x.f.controller.VerifactuQrController   : QR generado para factura F-2026-0001 (https://prewww2.aeat.es/wlpl/TIKE-CONT/ValidarQR?nif=A12345678&numserie=F-2026-0001&fecha=02-10-2026&importe=1681.90)
2026-10-02T11:10:37.312+02:00 DEBUG 23268 --- [facturacion360] [http-nio-81-exec-1] o.s.jdbc.core.JdbcTemplate               : Executing SQL query [SELECT f.idfactura, f.idcliente, c.nombre AS nombre_cliente, f.num_factura, f.fecha_emision, f.estado, f.observaciones, f.subtotal, f.importe_iva, f.total FROM facturas f INNER JOIN clientes c ON f.idcliente = c.idcliente ORDER BY f.fecha_emision DESC, f.idfactura DESC]
2026-10-02T11:10:37.312+02:00 DEBUG 23268 --- [facturacion360] [http-nio-81-exec-2] o.s.jdbc.core.JdbcTemplate               : Executing prepared SQL query
2026-10-02T11:10:37.312+02:00 DEBUG 23268 --- [facturacion360] [http-nio-81-exec-2] o.s.jdbc.core.JdbcTemplate               : Executing prepared SQL statement [SELECT
	`idusuario`,
	`usuario`,
	`clave_hash`,
	`nombre`,
	`rol`,
	`activo`,
	`fecha_alta`,
	`ultimo_acceso`
FROM `bd_facturacion`.`usuarios`
WHERE `usuario` = ?
]
2026-10-02T11:10:37.313+02:00 DEBUG 23268 --- [facturacion360] [http-nio-81-exec-1] e.x.f.r.FacturaRepositoryJdbcImpl        : buscar() devuelve 1 facturas
2026-10-02T11:10:41.565+02:00  WARN 23268 --- [facturacion360] [http-nio-81-exec-7] .m.m.a.ExceptionHandlerExceptionResolver : Resolved [org.springframework.web.servlet.resource.NoResourceFoundException: No static resource img/KittyLoading.gif for request '/img/KittyLoading.gif'.]
2026-10-02T11:10:41.599+02:00  INFO 23268 --- [facturacion360] [http-nio-81-exec-7] e.x.f.controller.ClienteController       : GET /cliente/poblaciones?provincia=null
2026-10-02T11:10:41.599+02:00  INFO 23268 --- [facturacion360] [http-nio-81-exec-3] e.x.f.controller.ClienteController       : GET /cliente/provincias
2026-10-02T11:10:41.599+02:00 DEBUG 23268 --- [facturacion360] [http-nio-81-exec-2] o.s.jdbc.core.JdbcTemplate               : Executing prepared SQL query
2026-10-02T11:10:41.600+02:00 DEBUG 23268 --- [facturacion360] [http-nio-81-exec-2] o.s.jdbc.core.JdbcTemplate               : Executing prepared SQL statement [SELECT
	`idusuario`,
	`usuario`,
	`clave_hash`,
	`nombre`,
	`rol`,
	`activo`,
	`fecha_alta`,
	`ultimo_acceso`
FROM `bd_facturacion`.`usuarios`
WHERE `usuario` = ?
]
2026-10-02T11:10:41.600+02:00 DEBUG 23268 --- [facturacion360] [http-nio-81-exec-7] o.s.jdbc.core.JdbcTemplate               : Executing prepared SQL query
2026-10-02T11:10:41.600+02:00 DEBUG 23268 --- [facturacion360] [http-nio-81-exec-3] o.s.jdbc.core.JdbcTemplate               : Executing SQL query [SELECT DISTINCT provincia FROM clientes WHERE provincia IS NOT NULL AND provincia <> '' ORDER BY provincia]
2026-10-02T11:10:41.600+02:00 DEBUG 23268 --- [facturacion360] [http-nio-81-exec-7] o.s.jdbc.core.JdbcTemplate               : Executing prepared SQL statement [SELECT DISTINCT poblacion FROM clientes WHERE poblacion IS NOT NULL AND poblacion <> '' ORDER BY poblacion]
2026-10-02T11:10:41.602+02:00 DEBUG 23268 --- [facturacion360] [http-nio-81-exec-7] e.x.f.r.ClienteRepositoryJdbcImpl        : findPoblaciones(provincia=null) -> 1 poblaciones
2026-10-02T11:10:41.602+02:00 DEBUG 23268 --- [facturacion360] [http-nio-81-exec-3] e.x.f.r.ClienteRepositoryJdbcImpl        : findProvincias() -> 1 provincias
2026-10-02T11:10:41.602+02:00  INFO 23268 --- [facturacion360] [http-nio-81-exec-3] e.x.f.service.ClienteServiceImpl         : listarProvincias() -> 1 provincias
2026-10-02T11:10:41.602+02:00  INFO 23268 --- [facturacion360] [http-nio-81-exec-7] e.x.f.service.ClienteServiceImpl         : listarPoblaciones(provincia=null) -> 1 poblaciones
2026-10-02T11:10:41.602+02:00  INFO 23268 --- [facturacion360] [http-nio-81-exec-3] e.x.f.controller.ClienteController       : GET /cliente/provincias -> 200 (1 provincias)
2026-10-02T11:10:41.602+02:00  INFO 23268 --- [facturacion360] [http-nio-81-exec-7] e.x.f.controller.ClienteController       : GET /cliente/poblaciones -> 200 (1 poblaciones)
2026-10-02T11:10:41.607+02:00  INFO 23268 --- [facturacion360] [http-nio-81-exec-9] e.x.f.controller.ClienteController       : GET /cliente/listar-pagina -> CriteriosCliente[pagina=0, tamano=10, busqueda=null, provincia=null, poblacion=null, ordenarPor=fecha_alta, direccion=desc]
2026-10-02T11:10:41.611+02:00 DEBUG 23268 --- [facturacion360] [http-nio-81-exec-9] o.s.jdbc.core.JdbcTemplate               : Executing prepared SQL query
2026-10-02T11:10:41.611+02:00 DEBUG 23268 --- [facturacion360] [http-nio-81-exec-9] o.s.jdbc.core.JdbcTemplate               : Executing prepared SQL statement [SELECT idcliente, nombre, nif_cif, direccion, codigopostal, poblacion, provincia, telefono, email, fecha_alta FROM clientes ORDER BY fecha_alta IS NULL, fecha_alta DESC, idcliente DESC LIMIT ? OFFSET ?]
2026-10-02T11:10:41.612+02:00 DEBUG 23268 --- [facturacion360] [http-nio-81-exec-9] e.x.f.r.ClienteRepositoryJdbcImpl        : findPagina(CriteriosCliente[pagina=0, tamano=10, busqueda=null, provincia=null, poblacion=null, ordenarPor=fecha_alta, direccion=desc]) -> 1 filas
2026-10-02T11:10:41.613+02:00 DEBUG 23268 --- [facturacion360] [http-nio-81-exec-9] o.s.jdbc.core.JdbcTemplate               : Executing prepared SQL query
2026-10-02T11:10:41.613+02:00 DEBUG 23268 --- [facturacion360] [http-nio-81-exec-9] o.s.jdbc.core.JdbcTemplate               : Executing prepared SQL statement [SELECT COUNT(*) FROM clientes]
2026-10-02T11:10:41.613+02:00 DEBUG 23268 --- [facturacion360] [http-nio-81-exec-9] e.x.f.r.ClienteRepositoryJdbcImpl        : contarTotal(CriteriosCliente[pagina=0, tamano=10, busqueda=null, provincia=null, poblacion=null, ordenarPor=fecha_alta, direccion=desc]) -> 1 clientes
2026-10-02T11:10:41.613+02:00  INFO 23268 --- [facturacion360] [http-nio-81-exec-9] e.x.f.service.ClienteServiceImpl         : listarPagina(CriteriosCliente[pagina=0, tamano=10, busqueda=null, provincia=null, poblacion=null, ordenarPor=fecha_alta, direccion=desc]) -> pagina 1/1, 1 elementos
2026-10-02T11:10:41.614+02:00  INFO 23268 --- [facturacion360] [http-nio-81-exec-9] e.x.f.controller.ClienteController       : GET /cliente/listar-pagina -> 200 (pagina 1 de 1)
2026-10-02T11:10:42.564+02:00 DEBUG 23268 --- [facturacion360] [http-nio-81-exec-3] o.s.jdbc.core.JdbcTemplate               : Executing prepared SQL query
2026-10-02T11:10:42.565+02:00 DEBUG 23268 --- [facturacion360] [http-nio-81-exec-3] o.s.jdbc.core.JdbcTemplate               : Executing prepared SQL statement [SELECT
	`idusuario`,
	`usuario`,
	`clave_hash`,
	`nombre`,
	`rol`,
	`activo`,
	`fecha_alta`,
	`ultimo_acceso`
FROM `bd_facturacion`.`usuarios`
WHERE `usuario` = ?
]
2026-10-02T11:10:43.310+02:00  WARN 23268 --- [facturacion360] [http-nio-81-exec-6] .m.m.a.ExceptionHandlerExceptionResolver : Resolved [org.springframework.web.servlet.resource.NoResourceFoundException: No static resource img/KittyLoading.gif for request '/img/KittyLoading.gif'.]
2026-10-02T11:10:43.349+02:00  INFO 23268 --- [facturacion360] [http-nio-81-exec-7] e.x.f.controller.ClienteController       : GET /cliente/provincias
2026-10-02T11:10:43.349+02:00  INFO 23268 --- [facturacion360] [http-nio-81-exec-6] e.x.f.controller.ClienteController       : GET /cliente/poblaciones?provincia=null
2026-10-02T11:10:43.349+02:00 DEBUG 23268 --- [facturacion360] [http-nio-81-exec-7] o.s.jdbc.core.JdbcTemplate               : Executing SQL query [SELECT DISTINCT provincia FROM clientes WHERE provincia IS NOT NULL AND provincia <> '' ORDER BY provincia]
2026-10-02T11:10:43.349+02:00 DEBUG 23268 --- [facturacion360] [http-nio-81-exec-6] o.s.jdbc.core.JdbcTemplate               : Executing prepared SQL query
2026-10-02T11:10:43.349+02:00 DEBUG 23268 --- [facturacion360] [http-nio-81-exec-6] o.s.jdbc.core.JdbcTemplate               : Executing prepared SQL statement [SELECT DISTINCT poblacion FROM clientes WHERE poblacion IS NOT NULL AND poblacion <> '' ORDER BY poblacion]
2026-10-02T11:10:43.349+02:00 DEBUG 23268 --- [facturacion360] [http-nio-81-exec-4] o.s.jdbc.core.JdbcTemplate               : Executing prepared SQL query
2026-10-02T11:10:43.349+02:00 DEBUG 23268 --- [facturacion360] [http-nio-81-exec-4] o.s.jdbc.core.JdbcTemplate               : Executing prepared SQL statement [SELECT
	`idusuario`,
	`usuario`,
	`clave_hash`,
	`nombre`,
	`rol`,
	`activo`,
	`fecha_alta`,
	`ultimo_acceso`
FROM `bd_facturacion`.`usuarios`
WHERE `usuario` = ?
]
2026-10-02T11:10:43.350+02:00 DEBUG 23268 --- [facturacion360] [http-nio-81-exec-7] e.x.f.r.ClienteRepositoryJdbcImpl        : findProvincias() -> 1 provincias
2026-10-02T11:10:43.350+02:00 DEBUG 23268 --- [facturacion360] [http-nio-81-exec-6] e.x.f.r.ClienteRepositoryJdbcImpl        : findPoblaciones(provincia=null) -> 1 poblaciones
2026-10-02T11:10:43.350+02:00  INFO 23268 --- [facturacion360] [http-nio-81-exec-6] e.x.f.service.ClienteServiceImpl         : listarPoblaciones(provincia=null) -> 1 poblaciones
2026-10-02T11:10:43.350+02:00  INFO 23268 --- [facturacion360] [http-nio-81-exec-7] e.x.f.service.ClienteServiceImpl         : listarProvincias() -> 1 provincias
2026-10-02T11:10:43.350+02:00  INFO 23268 --- [facturacion360] [http-nio-81-exec-6] e.x.f.controller.ClienteController       : GET /cliente/poblaciones -> 200 (1 poblaciones)
2026-10-02T11:10:43.350+02:00  INFO 23268 --- [facturacion360] [http-nio-81-exec-7] e.x.f.controller.ClienteController       : GET /cliente/provincias -> 200 (1 provincias)
2026-10-02T11:10:43.350+02:00  INFO 23268 --- [facturacion360] [http-nio-81-exec-9] e.x.f.controller.ClienteController       : GET /cliente/listar-pagina -> CriteriosCliente[pagina=0, tamano=10, busqueda=null, provincia=null, poblacion=null, ordenarPor=fecha_alta, direccion=desc]
2026-10-02T11:10:43.350+02:00 DEBUG 23268 --- [facturacion360] [http-nio-81-exec-9] o.s.jdbc.core.JdbcTemplate               : Executing prepared SQL query
2026-10-02T11:10:43.351+02:00 DEBUG 23268 --- [facturacion360] [http-nio-81-exec-9] o.s.jdbc.core.JdbcTemplate               : Executing prepared SQL statement [SELECT idcliente, nombre, nif_cif, direccion, codigopostal, poblacion, provincia, telefono, email, fecha_alta FROM clientes ORDER BY fecha_alta IS NULL, fecha_alta DESC, idcliente DESC LIMIT ? OFFSET ?]
2026-10-02T11:10:43.351+02:00 DEBUG 23268 --- [facturacion360] [http-nio-81-exec-9] e.x.f.r.ClienteRepositoryJdbcImpl        : findPagina(CriteriosCliente[pagina=0, tamano=10, busqueda=null, provincia=null, poblacion=null, ordenarPor=fecha_alta, direccion=desc]) -> 1 filas
2026-10-02T11:10:43.351+02:00 DEBUG 23268 --- [facturacion360] [http-nio-81-exec-9] o.s.jdbc.core.JdbcTemplate               : Executing prepared SQL query
2026-10-02T11:10:43.351+02:00 DEBUG 23268 --- [facturacion360] [http-nio-81-exec-9] o.s.jdbc.core.JdbcTemplate               : Executing prepared SQL statement [SELECT COUNT(*) FROM clientes]
2026-10-02T11:10:43.352+02:00 DEBUG 23268 --- [facturacion360] [http-nio-81-exec-9] e.x.f.r.ClienteRepositoryJdbcImpl        : contarTotal(CriteriosCliente[pagina=0, tamano=10, busqueda=null, provincia=null, poblacion=null, ordenarPor=fecha_alta, direccion=desc]) -> 1 clientes
2026-10-02T11:10:43.352+02:00  INFO 23268 --- [facturacion360] [http-nio-81-exec-9] e.x.f.service.ClienteServiceImpl         : listarPagina(CriteriosCliente[pagina=0, tamano=10, busqueda=null, provincia=null, poblacion=null, ordenarPor=fecha_alta, direccion=desc]) -> pagina 1/1, 1 elementos
2026-10-02T11:10:43.352+02:00  INFO 23268 --- [facturacion360] [http-nio-81-exec-9] e.x.f.controller.ClienteController       : GET /cliente/listar-pagina -> 200 (pagina 1 de 1)
2026-10-02T11:10:43.990+02:00 DEBUG 23268 --- [facturacion360] [http-nio-81-exec-5] o.s.jdbc.core.JdbcTemplate               : Executing prepared SQL query
2026-10-02T11:10:43.990+02:00 DEBUG 23268 --- [facturacion360] [http-nio-81-exec-8] o.s.jdbc.core.JdbcTemplate               : Executing SQL query [SELECT f.idfactura, f.idcliente, c.nombre AS nombre_cliente, f.num_factura, f.fecha_emision, f.estado, f.observaciones, f.subtotal, f.importe_iva, f.total FROM facturas f INNER JOIN clientes c ON f.idcliente = c.idcliente ORDER BY f.fecha_emision DESC, f.idfactura DESC]
2026-10-02T11:10:43.990+02:00 DEBUG 23268 --- [facturacion360] [http-nio-81-exec-5] o.s.jdbc.core.JdbcTemplate               : Executing prepared SQL statement [SELECT
	`idusuario`,
	`usuario`,
	`clave_hash`,
	`nombre`,
	`rol`,
	`activo`,
	`fecha_alta`,
	`ultimo_acceso`
FROM `bd_facturacion`.`usuarios`
WHERE `usuario` = ?
]
2026-10-02T11:10:43.991+02:00 DEBUG 23268 --- [facturacion360] [http-nio-81-exec-8] e.x.f.r.FacturaRepositoryJdbcImpl        : buscar() devuelve 1 facturas
2026-10-02T11:10:44.888+02:00  WARN 23268 --- [facturacion360] [http-nio-81-exec-4] .m.m.a.ExceptionHandlerExceptionResolver : Resolved [org.springframework.web.servlet.resource.NoResourceFoundException: No static resource img/KittyLoading.gif for request '/img/KittyLoading.gif'.]
2026-10-02T11:10:44.920+02:00  INFO 23268 --- [facturacion360] [http-nio-81-exec-1] e.x.f.controller.ClienteController       : GET /cliente/provincias
2026-10-02T11:10:44.920+02:00 DEBUG 23268 --- [facturacion360] [http-nio-81-exec-1] o.s.jdbc.core.JdbcTemplate               : Executing SQL query [SELECT DISTINCT provincia FROM clientes WHERE provincia IS NOT NULL AND provincia <> '' ORDER BY provincia]
2026-10-02T11:10:44.921+02:00  INFO 23268 --- [facturacion360] [http-nio-81-exec-5] e.x.f.controller.ClienteController       : GET /cliente/poblaciones?provincia=null
2026-10-02T11:10:44.921+02:00 DEBUG 23268 --- [facturacion360] [http-nio-81-exec-5] o.s.jdbc.core.JdbcTemplate               : Executing prepared SQL query
2026-10-02T11:10:44.921+02:00 DEBUG 23268 --- [facturacion360] [http-nio-81-exec-5] o.s.jdbc.core.JdbcTemplate               : Executing prepared SQL statement [SELECT DISTINCT poblacion FROM clientes WHERE poblacion IS NOT NULL AND poblacion <> '' ORDER BY poblacion]
2026-10-02T11:10:44.921+02:00 DEBUG 23268 --- [facturacion360] [http-nio-81-exec-10] o.s.jdbc.core.JdbcTemplate               : Executing prepared SQL query
2026-10-02T11:10:44.921+02:00 DEBUG 23268 --- [facturacion360] [http-nio-81-exec-10] o.s.jdbc.core.JdbcTemplate               : Executing prepared SQL statement [SELECT
	`idusuario`,
	`usuario`,
	`clave_hash`,
	`nombre`,
	`rol`,
	`activo`,
	`fecha_alta`,
	`ultimo_acceso`
FROM `bd_facturacion`.`usuarios`
WHERE `usuario` = ?
]
2026-10-02T11:10:44.924+02:00 DEBUG 23268 --- [facturacion360] [http-nio-81-exec-1] e.x.f.r.ClienteRepositoryJdbcImpl        : findProvincias() -> 1 provincias
2026-10-02T11:10:44.924+02:00 DEBUG 23268 --- [facturacion360] [http-nio-81-exec-5] e.x.f.r.ClienteRepositoryJdbcImpl        : findPoblaciones(provincia=null) -> 1 poblaciones
2026-10-02T11:10:44.924+02:00  INFO 23268 --- [facturacion360] [http-nio-81-exec-1] e.x.f.service.ClienteServiceImpl         : listarProvincias() -> 1 provincias
2026-10-02T11:10:44.924+02:00  INFO 23268 --- [facturacion360] [http-nio-81-exec-5] e.x.f.service.ClienteServiceImpl         : listarPoblaciones(provincia=null) -> 1 poblaciones
2026-10-02T11:10:44.924+02:00  INFO 23268 --- [facturacion360] [http-nio-81-exec-1] e.x.f.controller.ClienteController       : GET /cliente/provincias -> 200 (1 provincias)
2026-10-02T11:10:44.924+02:00  INFO 23268 --- [facturacion360] [http-nio-81-exec-5] e.x.f.controller.ClienteController       : GET /cliente/poblaciones -> 200 (1 poblaciones)
2026-10-02T11:10:44.924+02:00  INFO 23268 --- [facturacion360] [http-nio-81-exec-8] e.x.f.controller.ClienteController       : GET /cliente/listar-pagina -> CriteriosCliente[pagina=0, tamano=10, busqueda=null, provincia=null, poblacion=null, ordenarPor=fecha_alta, direccion=desc]
2026-10-02T11:10:44.925+02:00 DEBUG 23268 --- [facturacion360] [http-nio-81-exec-8] o.s.jdbc.core.JdbcTemplate               : Executing prepared SQL query
2026-10-02T11:10:44.925+02:00 DEBUG 23268 --- [facturacion360] [http-nio-81-exec-8] o.s.jdbc.core.JdbcTemplate               : Executing prepared SQL statement [SELECT idcliente, nombre, nif_cif, direccion, codigopostal, poblacion, provincia, telefono, email, fecha_alta FROM clientes ORDER BY fecha_alta IS NULL, fecha_alta DESC, idcliente DESC LIMIT ? OFFSET ?]
2026-10-02T11:10:44.925+02:00 DEBUG 23268 --- [facturacion360] [http-nio-81-exec-8] e.x.f.r.ClienteRepositoryJdbcImpl        : findPagina(CriteriosCliente[pagina=0, tamano=10, busqueda=null, provincia=null, poblacion=null, ordenarPor=fecha_alta, direccion=desc]) -> 1 filas
2026-10-02T11:10:44.925+02:00 DEBUG 23268 --- [facturacion360] [http-nio-81-exec-8] o.s.jdbc.core.JdbcTemplate               : Executing prepared SQL query
2026-10-02T11:10:44.926+02:00 DEBUG 23268 --- [facturacion360] [http-nio-81-exec-8] o.s.jdbc.core.JdbcTemplate               : Executing prepared SQL statement [SELECT COUNT(*) FROM clientes]
2026-10-02T11:10:44.926+02:00 DEBUG 23268 --- [facturacion360] [http-nio-81-exec-8] e.x.f.r.ClienteRepositoryJdbcImpl        : contarTotal(CriteriosCliente[pagina=0, tamano=10, busqueda=null, provincia=null, poblacion=null, ordenarPor=fecha_alta, direccion=desc]) -> 1 clientes
2026-10-02T11:10:44.926+02:00  INFO 23268 --- [facturacion360] [http-nio-81-exec-8] e.x.f.service.ClienteServiceImpl         : listarPagina(CriteriosCliente[pagina=0, tamano=10, busqueda=null, provincia=null, poblacion=null, ordenarPor=fecha_alta, direccion=desc]) -> pagina 1/1, 1 elementos
2026-10-02T11:10:44.926+02:00  INFO 23268 --- [facturacion360] [http-nio-81-exec-8] e.x.f.controller.ClienteController       : GET /cliente/listar-pagina -> 200 (pagina 1 de 1)
2026-10-02T11:10:46.052+02:00 DEBUG 23268 --- [facturacion360] [http-nio-81-exec-10] o.s.jdbc.core.JdbcTemplate               : Executing prepared SQL query
2026-10-02T11:10:46.053+02:00 DEBUG 23268 --- [facturacion360] [http-nio-81-exec-10] o.s.jdbc.core.JdbcTemplate               : Executing prepared SQL statement [SELECT
	`idusuario`,
	`usuario`,
	`clave_hash`,
	`nombre`,
	`rol`,
	`activo`,
	`fecha_alta`,
	`ultimo_acceso`
FROM `bd_facturacion`.`usuarios`
WHERE `usuario` = ?
]
2026-10-02T11:10:48.014+02:00 DEBUG 23268 --- [facturacion360] [http-nio-81-exec-3] o.s.jdbc.core.JdbcTemplate               : Executing SQL query [SELECT f.idfactura, f.idcliente, c.nombre AS nombre_cliente, f.num_factura, f.fecha_emision, f.estado, f.observaciones, f.subtotal, f.importe_iva, f.total FROM facturas f INNER JOIN clientes c ON f.idcliente = c.idcliente ORDER BY f.fecha_emision DESC, f.idfactura DESC]
2026-10-02T11:10:48.014+02:00 DEBUG 23268 --- [facturacion360] [http-nio-81-exec-7] o.s.jdbc.core.JdbcTemplate               : Executing prepared SQL query
2026-10-02T11:10:48.014+02:00 DEBUG 23268 --- [facturacion360] [http-nio-81-exec-7] o.s.jdbc.core.JdbcTemplate               : Executing prepared SQL statement [SELECT
	`idusuario`,
	`usuario`,
	`clave_hash`,
	`nombre`,
	`rol`,
	`activo`,
	`fecha_alta`,
	`ultimo_acceso`
FROM `bd_facturacion`.`usuarios`
WHERE `usuario` = ?
]
2026-10-02T11:10:48.015+02:00 DEBUG 23268 --- [facturacion360] [http-nio-81-exec-3] e.x.f.r.FacturaRepositoryJdbcImpl        : buscar() devuelve 1 facturas
2026-10-02T11:10:49.264+02:00 DEBUG 23268 --- [facturacion360] [http-nio-81-exec-3] o.s.jdbc.core.JdbcTemplate               : Executing prepared SQL query
2026-10-02T11:10:49.264+02:00 DEBUG 23268 --- [facturacion360] [http-nio-81-exec-3] o.s.jdbc.core.JdbcTemplate               : Executing prepared SQL statement [SELECT
	`idusuario`,
	`usuario`,
	`clave_hash`,
	`nombre`,
	`rol`,
	`activo`,
	`fecha_alta`,
	`ultimo_acceso`
FROM `bd_facturacion`.`usuarios`
WHERE `usuario` = ?
]
2026-10-02T14:14:20.846+02:00  INFO 23268 --- [facturacion360] [http-nio-81-exec-8] e.x.f.s.PuntoEntradaNoAutenticada        : Petición sin sesión a /clientes.html: se redirige al login
2026-10-02T14:14:20.887+02:00  INFO 23268 --- [facturacion360] [http-nio-81-exec-10] e.x.f.s.PuntoEntradaNoAutenticada        : Petición sin sesión a /auth/yo: se responde 401
2026-10-02T14:14:31.377+02:00  WARN 23268 --- [facturacion360] [http-nio-81-exec-8] .m.m.a.ExceptionHandlerExceptionResolver : Resolved [org.springframework.web.servlet.resource.NoResourceFoundException: No static resource favicon.ico for request '/favicon.ico'.]
2026-10-02T14:14:47.972+02:00  WARN 23268 --- [facturacion360] [http-nio-81-exec-6] .m.m.a.ExceptionHandlerExceptionResolver : Resolved [org.springframework.web.servlet.resource.NoResourceFoundException: No static resource img for request '/img/'.]
2026-10-02T14:14:47.994+02:00  WARN 23268 --- [facturacion360] [http-nio-81-exec-7] .m.m.a.ExceptionHandlerExceptionResolver : Resolved [org.springframework.web.servlet.resource.NoResourceFoundException: No static resource favicon.ico for request '/favicon.ico'.]
2026-10-02T14:15:23.583+02:00  WARN 23268 --- [facturacion360] [http-nio-81-exec-10] .m.m.a.ExceptionHandlerExceptionResolver : Resolved [org.springframework.web.servlet.resource.NoResourceFoundException: No static resource favicon.ico for request '/favicon.ico'.]
2026-10-02T14:16:05.671+02:00  WARN 23268 --- [facturacion360] [http-nio-81-exec-1] e.x.f.controller.ManejadorExcepciones    : Datos no válidos: {usuario=El usuario es obligatorio, clave=La contraseña es obligatoria}
2026-10-02T14:16:05.673+02:00  WARN 23268 --- [facturacion360] [http-nio-81-exec-1] .m.m.a.ExceptionHandlerExceptionResolver : Resolved [org.springframework.web.bind.MethodArgumentNotValidException: Validation failed for argument [0] in public edu.xtd.facturacion360.dto.UsuarioResponse edu.xtd.facturacion360.controller.AuthController.login(edu.xtd.facturacion360.dto.LoginRequest,jakarta.servlet.http.HttpServletRequest,jakarta.servlet.http.HttpServletResponse) with 2 errors: [Field error in object 'loginRequest' on field 'usuario': rejected value []; codes [NotBlank.loginRequest.usuario,NotBlank.usuario,NotBlank.java.lang.String,NotBlank]; arguments [org.springframework.context.support.DefaultMessageSourceResolvable: codes [loginRequest.usuario,usuario]; arguments []; default message [usuario]]; default message [El usuario es obligatorio]] [Field error in object 'loginRequest' on field 'clave': rejected value []; codes [NotBlank.loginRequest.clave,NotBlank.clave,NotBlank.java.lang.String,NotBlank]; arguments [org.springframework.context.support.DefaultMessageSourceResolvable: codes [loginRequest.clave,clave]; arguments []; default message [clave]]; default message [La contraseña es obligatoria]] ]
2026-10-02T14:16:07.162+02:00  WARN 23268 --- [facturacion360] [http-nio-81-exec-8] e.x.f.controller.ManejadorExcepciones    : Datos no válidos: {usuario=El usuario es obligatorio, clave=La contraseña es obligatoria}
2026-10-02T14:16:07.163+02:00  WARN 23268 --- [facturacion360] [http-nio-81-exec-8] .m.m.a.ExceptionHandlerExceptionResolver : Resolved [org.springframework.web.bind.MethodArgumentNotValidException: Validation failed for argument [0] in public edu.xtd.facturacion360.dto.UsuarioResponse edu.xtd.facturacion360.controller.AuthController.login(edu.xtd.facturacion360.dto.LoginRequest,jakarta.servlet.http.HttpServletRequest,jakarta.servlet.http.HttpServletResponse) with 2 errors: [Field error in object 'loginRequest' on field 'usuario': rejected value []; codes [NotBlank.loginRequest.usuario,NotBlank.usuario,NotBlank.java.lang.String,NotBlank]; arguments [org.springframework.context.support.DefaultMessageSourceResolvable: codes [loginRequest.usuario,usuario]; arguments []; default message [usuario]]; default message [El usuario es obligatorio]] [Field error in object 'loginRequest' on field 'clave': rejected value []; codes [NotBlank.loginRequest.clave,NotBlank.clave,NotBlank.java.lang.String,NotBlank]; arguments [org.springframework.context.support.DefaultMessageSourceResolvable: codes [loginRequest.clave,clave]; arguments []; default message [clave]]; default message [La contraseña es obligatoria]] ]
2026-10-02T14:16:07.882+02:00  WARN 23268 --- [facturacion360] [http-nio-81-exec-6] e.x.f.controller.ManejadorExcepciones    : Datos no válidos: {usuario=El usuario es obligatorio, clave=La contraseña es obligatoria}
2026-10-02T14:16:07.883+02:00  WARN 23268 --- [facturacion360] [http-nio-81-exec-6] .m.m.a.ExceptionHandlerExceptionResolver : Resolved [org.springframework.web.bind.MethodArgumentNotValidException: Validation failed for argument [0] in public edu.xtd.facturacion360.dto.UsuarioResponse edu.xtd.facturacion360.controller.AuthController.login(edu.xtd.facturacion360.dto.LoginRequest,jakarta.servlet.http.HttpServletRequest,jakarta.servlet.http.HttpServletResponse) with 2 errors: [Field error in object 'loginRequest' on field 'usuario': rejected value []; codes [NotBlank.loginRequest.usuario,NotBlank.usuario,NotBlank.java.lang.String,NotBlank]; arguments [org.springframework.context.support.DefaultMessageSourceResolvable: codes [loginRequest.usuario,usuario]; arguments []; default message [usuario]]; default message [El usuario es obligatorio]] [Field error in object 'loginRequest' on field 'clave': rejected value []; codes [NotBlank.loginRequest.clave,NotBlank.clave,NotBlank.java.lang.String,NotBlank]; arguments [org.springframework.context.support.DefaultMessageSourceResolvable: codes [loginRequest.clave,clave]; arguments []; default message [clave]]; default message [La contraseña es obligatoria]] ]
2026-10-02T14:17:45.662+02:00  INFO 23268 --- [facturacion360] [http-nio-81-exec-7] e.x.f.s.PuntoEntradaNoAutenticada        : Petición sin sesión a /perfil.html: se redirige al login
2026-10-02T14:17:45.759+02:00  INFO 23268 --- [facturacion360] [http-nio-81-exec-5] e.x.f.s.PuntoEntradaNoAutenticada        : Petición sin sesión a /auth/yo: se responde 401
2026-10-02T14:17:55.600+02:00  WARN 23268 --- [facturacion360] [http-nio-81-exec-7] .m.m.a.ExceptionHandlerExceptionResolver : Resolved [org.springframework.web.servlet.resource.NoResourceFoundException: No static resource favicon.ico for request '/favicon.ico'.]
2026-10-02T14:18:05.622+02:00  INFO 23268 --- [facturacion360] [http-nio-81-exec-3] e.x.f.s.PuntoEntradaNoAutenticada        : Petición sin sesión a /cuenta.html: se redirige al login
2026-10-02T14:18:05.670+02:00  INFO 23268 --- [facturacion360] [http-nio-81-exec-8] e.x.f.s.PuntoEntradaNoAutenticada        : Petición sin sesión a /auth/yo: se responde 401
2026-10-02T14:18:09.534+02:00  INFO 23268 --- [facturacion360] [http-nio-81-exec-7] e.x.f.s.PuntoEntradaNoAutenticada        : Petición sin sesión a /index.html: se redirige al login
2026-10-02T14:18:09.579+02:00  INFO 23268 --- [facturacion360] [http-nio-81-exec-1] e.x.f.s.PuntoEntradaNoAutenticada        : Petición sin sesión a /auth/yo: se responde 401
2026-10-02T14:18:12.431+02:00  INFO 23268 --- [facturacion360] [http-nio-81-exec-6] e.x.f.s.PuntoEntradaNoAutenticada        : Petición sin sesión a /clientes.html: se redirige al login
2026-10-02T14:18:12.480+02:00  INFO 23268 --- [facturacion360] [http-nio-81-exec-5] e.x.f.s.PuntoEntradaNoAutenticada        : Petición sin sesión a /auth/yo: se responde 401
2026-10-02T15:02:42.446+02:00  WARN 23268 --- [facturacion360] [http-nio-81-exec-9] e.x.f.controller.ManejadorExcepciones    : Datos no válidos: {usuario=El usuario es obligatorio, clave=La contraseña es obligatoria}
2026-10-02T15:02:42.448+02:00  WARN 23268 --- [facturacion360] [http-nio-81-exec-9] .m.m.a.ExceptionHandlerExceptionResolver : Resolved [org.springframework.web.bind.MethodArgumentNotValidException: Validation failed for argument [0] in public edu.xtd.facturacion360.dto.UsuarioResponse edu.xtd.facturacion360.controller.AuthController.login(edu.xtd.facturacion360.dto.LoginRequest,jakarta.servlet.http.HttpServletRequest,jakarta.servlet.http.HttpServletResponse) with 2 errors: [Field error in object 'loginRequest' on field 'usuario': rejected value []; codes [NotBlank.loginRequest.usuario,NotBlank.usuario,NotBlank.java.lang.String,NotBlank]; arguments [org.springframework.context.support.DefaultMessageSourceResolvable: codes [loginRequest.usuario,usuario]; arguments []; default message [usuario]]; default message [El usuario es obligatorio]] [Field error in object 'loginRequest' on field 'clave': rejected value []; codes [NotBlank.loginRequest.clave,NotBlank.clave,NotBlank.java.lang.String,NotBlank]; arguments [org.springframework.context.support.DefaultMessageSourceResolvable: codes [loginRequest.clave,clave]; arguments []; default message [clave]]; default message [La contraseña es obligatoria]] ]
2026-10-02T15:10:37.058+02:00  INFO 23268 --- [facturacion360] [RMI TCP Connection(245)-127.0.0.1] inMXBeanRegistrar$SpringApplicationAdmin : Application shutdown requested.
2026-10-02T15:10:37.063+02:00  INFO 23268 --- [facturacion360] [RMI TCP Connection(245)-127.0.0.1] o.s.boot.tomcat.GracefulShutdown         : Commencing graceful shutdown. Waiting for active requests to complete
2026-10-02T15:10:37.064+02:00  INFO 23268 --- [facturacion360] [tomcat-shutdown] o.s.boot.tomcat.GracefulShutdown         : Graceful shutdown complete
2026-10-02T15:10:37.068+02:00  INFO 23268 --- [facturacion360] [RMI TCP Connection(245)-127.0.0.1] com.zaxxer.hikari.HikariDataSource       : HikariPool-1 - Shutdown initiated...
2026-10-02T15:10:37.069+02:00  INFO 23268 --- [facturacion360] [RMI TCP Connection(245)-127.0.0.1] com.zaxxer.hikari.HikariDataSource       : HikariPool-1 - Shutdown completed.
2026-10-02T15:27:06.117+02:00  INFO 56930 --- [facturacion360] [restartedMain] e.x.f.Facturacion360Application          : Starting Facturacion360Application using Java 21.0.12 with PID 56930 (/root/git/facturacion360-Proyecto-de-facturacion/facturacion360/target/classes started by root in /root/git/facturacion360-Proyecto-de-facturacion/facturacion360)
2026-10-02T15:27:06.118+02:00 DEBUG 56930 --- [facturacion360] [restartedMain] e.x.f.Facturacion360Application          : Running with Spring Boot v4.1.0, Spring v7.0.8
2026-10-02T15:27:06.119+02:00  INFO 56930 --- [facturacion360] [restartedMain] e.x.f.Facturacion360Application          : No active profile set, falling back to 1 default profile: "default"
2026-10-02T15:27:06.140+02:00  INFO 56930 --- [facturacion360] [restartedMain] .e.DevToolsPropertyDefaultsPostProcessor : Devtools property defaults active! Set 'spring.devtools.add-properties' to 'false' to disable
2026-10-02T15:27:06.140+02:00  INFO 56930 --- [facturacion360] [restartedMain] .e.DevToolsPropertyDefaultsPostProcessor : For additional web related logging consider setting the 'logging.level.web' property to 'DEBUG'
2026-10-02T15:27:06.752+02:00  INFO 56930 --- [facturacion360] [restartedMain] o.s.boot.tomcat.TomcatWebServer          : Tomcat initialized with port 81 (http)
2026-10-02T15:27:06.760+02:00  INFO 56930 --- [facturacion360] [restartedMain] o.apache.catalina.core.StandardService   : Starting service [Tomcat]
2026-10-02T15:27:06.760+02:00  INFO 56930 --- [facturacion360] [restartedMain] o.apache.catalina.core.StandardEngine    : Starting Servlet engine: [Apache Tomcat/11.0.22]
2026-10-02T15:27:06.781+02:00  INFO 56930 --- [facturacion360] [restartedMain] b.w.c.s.WebApplicationContextInitializer : Root WebApplicationContext: initialization completed in 641 ms
2026-10-02T15:27:06.902+02:00  INFO 56930 --- [facturacion360] [restartedMain] r$InitializeUserDetailsManagerConfigurer : Global AuthenticationManager configured with UserDetailsService bean with name usuariosDetailsService
2026-10-02T15:27:07.083+02:00  INFO 56930 --- [facturacion360] [restartedMain] o.s.b.w.a.WelcomePageHandlerMapping      : Adding welcome page: class path resource [static/index.html]
2026-10-02T15:27:07.255+02:00  INFO 56930 --- [facturacion360] [restartedMain] o.s.boot.tomcat.TomcatWebServer          : Tomcat started on port 81 (http) with context path '/'
2026-10-02T15:27:07.260+02:00  INFO 56930 --- [facturacion360] [restartedMain] e.x.f.Facturacion360Application          : Started Facturacion360Application in 1.402 seconds (process running for 1.619)
2026-10-02T15:27:07.262+02:00  WARN 56930 --- [facturacion360] [restartedMain] o.s.core.events.SpringDocAppInitializer  : SpringDoc /v3/api-docs endpoint is enabled by default. To disable it in production, set the property 'springdoc.api-docs.enabled=false'
2026-10-02T15:27:07.262+02:00  WARN 56930 --- [facturacion360] [restartedMain] o.s.core.events.SpringDocAppInitializer  : SpringDoc /swagger-ui.html endpoint is enabled by default. To disable it in production, set the property 'springdoc.swagger-ui.enabled=false'
2026-10-02T15:27:17.291+02:00  INFO 56930 --- [facturacion360] [http-nio-81-exec-1] o.a.c.c.C.[Tomcat].[localhost].[/]       : Initializing Spring DispatcherServlet 'dispatcherServlet'
2026-10-02T15:27:17.291+02:00  INFO 56930 --- [facturacion360] [http-nio-81-exec-1] o.s.web.servlet.DispatcherServlet        : Initializing Servlet 'dispatcherServlet'
2026-10-02T15:27:17.292+02:00  INFO 56930 --- [facturacion360] [http-nio-81-exec-1] o.s.web.servlet.DispatcherServlet        : Completed initialization in 0 ms
2026-10-02T15:27:17.339+02:00  INFO 56930 --- [facturacion360] [http-nio-81-exec-6] e.x.f.s.PuntoEntradaNoAutenticada        : Petición sin sesión a /auth/yo: se responde 401
2026-10-02T15:27:17.884+02:00  INFO 56930 --- [facturacion360] [http-nio-81-exec-4] e.x.f.s.PuntoEntradaNoAutenticada        : Petición sin sesión a /auth/yo: se responde 401
2026-10-02T15:27:36.999+02:00 DEBUG 56930 --- [facturacion360] [http-nio-81-exec-6] o.s.jdbc.core.JdbcTemplate               : Executing prepared SQL query
2026-10-02T15:27:36.999+02:00 DEBUG 56930 --- [facturacion360] [http-nio-81-exec-6] o.s.jdbc.core.JdbcTemplate               : Executing prepared SQL statement [SELECT
	`idusuario`,
	`usuario`,
	`clave_hash`,
	`nombre`,
	`rol`,
	`activo`,
	`fecha_alta`,
	`ultimo_acceso`
FROM `bd_facturacion`.`usuarios`
WHERE `usuario` = ?
]
2026-10-02T15:27:37.001+02:00  INFO 56930 --- [facturacion360] [http-nio-81-exec-6] com.zaxxer.hikari.HikariDataSource       : HikariPool-1 - Starting...
2026-10-02T15:27:37.077+02:00  INFO 56930 --- [facturacion360] [http-nio-81-exec-6] com.zaxxer.hikari.pool.HikariPool        : HikariPool-1 - Added connection com.mysql.cj.jdbc.ConnectionImpl@229c5d35
2026-10-02T15:27:37.078+02:00  INFO 56930 --- [facturacion360] [http-nio-81-exec-6] com.zaxxer.hikari.HikariDataSource       : HikariPool-1 - Start completed.
2026-10-02T15:27:37.096+02:00 DEBUG 56930 --- [facturacion360] [http-nio-81-exec-6] e.x.f.seguridad.UsuariosDetailsService   : Usuario cargado: admin (ADMIN)
2026-10-02T15:27:37.155+02:00 DEBUG 56930 --- [facturacion360] [http-nio-81-exec-6] o.s.jdbc.core.JdbcTemplate               : Executing prepared SQL query
2026-10-02T15:27:37.156+02:00 DEBUG 56930 --- [facturacion360] [http-nio-81-exec-6] o.s.jdbc.core.JdbcTemplate               : Executing prepared SQL statement [SELECT
	`idusuario`,
	`usuario`,
	`clave_hash`,
	`nombre`,
	`rol`,
	`activo`,
	`fecha_alta`,
	`ultimo_acceso`
FROM `bd_facturacion`.`usuarios`
WHERE `usuario` = ?
]
2026-10-02T15:27:37.157+02:00 DEBUG 56930 --- [facturacion360] [http-nio-81-exec-6] o.s.jdbc.core.JdbcTemplate               : Executing prepared SQL update
2026-10-02T15:27:37.157+02:00 DEBUG 56930 --- [facturacion360] [http-nio-81-exec-6] o.s.jdbc.core.JdbcTemplate               : Executing prepared SQL statement [UPDATE `bd_facturacion`.`usuarios`
SET `ultimo_acceso` = NOW()
WHERE `idusuario` = ?
]
2026-10-02T15:27:37.159+02:00  INFO 56930 --- [facturacion360] [http-nio-81-exec-6] e.x.f.controller.AuthController          : Inicio de sesión correcto: admin ([ROLE_ADMIN, FactorGrantedAuthority [authority=FACTOR_PASSWORD, issuedAt=2026-10-02T13:27:37.153813228Z]])
2026-10-02T15:27:37.219+02:00 DEBUG 56930 --- [facturacion360] [http-nio-81-exec-3] o.s.jdbc.core.JdbcTemplate               : Executing prepared SQL query
2026-10-02T15:27:37.219+02:00 DEBUG 56930 --- [facturacion360] [http-nio-81-exec-3] o.s.jdbc.core.JdbcTemplate               : Executing prepared SQL statement [SELECT
	`idusuario`,
	`usuario`,
	`clave_hash`,
	`nombre`,
	`rol`,
	`activo`,
	`fecha_alta`,
	`ultimo_acceso`
FROM `bd_facturacion`.`usuarios`
WHERE `usuario` = ?
]
2026-10-02T15:27:39.808+02:00 DEBUG 56930 --- [facturacion360] [http-nio-81-exec-9] o.s.jdbc.core.JdbcTemplate               : Executing prepared SQL query
2026-10-02T15:27:39.808+02:00 DEBUG 56930 --- [facturacion360] [http-nio-81-exec-9] o.s.jdbc.core.JdbcTemplate               : Executing prepared SQL statement [SELECT logo
FROM `bd_facturacion`.`emisor`
WHERE idemisor = ?
]
2026-10-02T15:27:39.817+02:00  WARN 56930 --- [facturacion360] [http-nio-81-exec-1] .m.m.a.ExceptionHandlerExceptionResolver : Resolved [org.springframework.web.servlet.resource.NoResourceFoundException: No static resource img/KittyLoading.gif for request '/img/KittyLoading.gif'.]
2026-10-02T15:27:39.840+02:00 DEBUG 56930 --- [facturacion360] [http-nio-81-exec-10] o.s.jdbc.core.JdbcTemplate               : Executing prepared SQL query
2026-10-02T15:27:39.840+02:00 DEBUG 56930 --- [facturacion360] [http-nio-81-exec-7] o.s.jdbc.core.JdbcTemplate               : Executing prepared SQL query
2026-10-02T15:27:39.841+02:00 DEBUG 56930 --- [facturacion360] [http-nio-81-exec-10] o.s.jdbc.core.JdbcTemplate               : Executing prepared SQL statement [SELECT
	`idusuario`,
	`usuario`,
	`clave_hash`,
	`nombre`,
	`rol`,
	`activo`,
	`fecha_alta`,
	`ultimo_acceso`
FROM `bd_facturacion`.`usuarios`
WHERE `usuario` = ?
]
2026-10-02T15:27:39.841+02:00 DEBUG 56930 --- [facturacion360] [http-nio-81-exec-7] o.s.jdbc.core.JdbcTemplate               : Executing prepared SQL statement [SELECT
    `nombre`,
    `nif_cif`,
    `direccion`,
    `email`,
    `telefono`
FROM `bd_facturacion`.`emisor`
WHERE `idemisor` = ?
]
2026-10-02T15:27:39.863+02:00 DEBUG 56930 --- [facturacion360] [http-nio-81-exec-9] o.s.jdbc.core.JdbcTemplate               : Executing prepared SQL query
2026-10-02T15:27:39.863+02:00 DEBUG 56930 --- [facturacion360] [http-nio-81-exec-9] o.s.jdbc.core.JdbcTemplate               : Executing prepared SQL statement [SELECT logo
FROM `bd_facturacion`.`emisor`
WHERE idemisor = ?
]
2026-10-02T15:27:41.058+02:00 DEBUG 56930 --- [facturacion360] [http-nio-81-exec-2] o.s.jdbc.core.JdbcTemplate               : Executing prepared SQL query
2026-10-02T15:27:41.059+02:00 DEBUG 56930 --- [facturacion360] [http-nio-81-exec-2] o.s.jdbc.core.JdbcTemplate               : Executing prepared SQL statement [SELECT
	`idusuario`,
	`usuario`,
	`clave_hash`,
	`nombre`,
	`rol`,
	`activo`,
	`fecha_alta`,
	`ultimo_acceso`
FROM `bd_facturacion`.`usuarios`
WHERE `usuario` = ?
]
2026-10-02T15:27:42.064+02:00 DEBUG 56930 --- [facturacion360] [http-nio-81-exec-4] o.s.jdbc.core.JdbcTemplate               : Executing prepared SQL query
2026-10-02T15:27:42.064+02:00 DEBUG 56930 --- [facturacion360] [http-nio-81-exec-4] o.s.jdbc.core.JdbcTemplate               : Executing prepared SQL statement [SELECT
	`idusuario`,
	`usuario`,
	`clave_hash`,
	`nombre`,
	`rol`,
	`activo`,
	`fecha_alta`,
	`ultimo_acceso`
FROM `bd_facturacion`.`usuarios`
WHERE `usuario` = ?
]
2026-10-02T15:27:42.066+02:00 DEBUG 56930 --- [facturacion360] [http-nio-81-exec-5] o.s.jdbc.core.JdbcTemplate               : Executing SQL query [SELECT f.idfactura, f.idcliente, c.nombre AS nombre_cliente, f.num_factura, f.fecha_emision, f.estado, f.observaciones, f.subtotal, f.importe_iva, f.total FROM facturas f INNER JOIN clientes c ON f.idcliente = c.idcliente ORDER BY f.fecha_emision DESC, f.idfactura DESC]
2026-10-02T15:27:42.069+02:00 DEBUG 56930 --- [facturacion360] [http-nio-81-exec-5] e.x.f.r.FacturaRepositoryJdbcImpl        : buscar() devuelve 1 facturas
2026-10-02T15:27:45.557+02:00 DEBUG 56930 --- [facturacion360] [http-nio-81-exec-10] o.s.jdbc.core.JdbcTemplate               : Executing prepared SQL query
2026-10-02T15:27:45.557+02:00 DEBUG 56930 --- [facturacion360] [http-nio-81-exec-10] o.s.jdbc.core.JdbcTemplate               : Executing prepared SQL statement [SELECT logo
FROM `bd_facturacion`.`emisor`
WHERE idemisor = ?
]
2026-10-02T15:27:45.587+02:00 DEBUG 56930 --- [facturacion360] [http-nio-81-exec-4] o.s.jdbc.core.JdbcTemplate               : Executing prepared SQL query
2026-10-02T15:27:45.587+02:00 DEBUG 56930 --- [facturacion360] [http-nio-81-exec-4] o.s.jdbc.core.JdbcTemplate               : Executing prepared SQL statement [SELECT
    `nombre`,
    `nif_cif`,
    `direccion`,
    `email`,
    `telefono`
FROM `bd_facturacion`.`emisor`
WHERE `idemisor` = ?
]
2026-10-02T15:27:45.591+02:00 DEBUG 56930 --- [facturacion360] [http-nio-81-exec-1] o.s.jdbc.core.JdbcTemplate               : Executing prepared SQL query
2026-10-02T15:27:45.592+02:00 DEBUG 56930 --- [facturacion360] [http-nio-81-exec-1] o.s.jdbc.core.JdbcTemplate               : Executing prepared SQL statement [SELECT f.idfactura, f.idcliente, c.nombre AS nombre_cliente, f.num_factura, f.fecha_emision, f.estado, f.observaciones, f.subtotal, f.importe_iva, f.total FROM facturas f INNER JOIN clientes c ON f.idcliente = c.idcliente WHERE f.idfactura = ?]
2026-10-02T15:27:45.593+02:00 DEBUG 56930 --- [facturacion360] [http-nio-81-exec-1] o.s.jdbc.core.JdbcTemplate               : Executing prepared SQL query
2026-10-02T15:27:45.593+02:00 DEBUG 56930 --- [facturacion360] [http-nio-81-exec-1] o.s.jdbc.core.JdbcTemplate               : Executing prepared SQL statement [SELECT idcliente, nombre, nif_cif, direccion, codigopostal, poblacion, provincia, telefono, email FROM clientes WHERE idcliente = ?]
2026-10-02T15:27:45.593+02:00 DEBUG 56930 --- [facturacion360] [http-nio-81-exec-1] o.s.jdbc.core.JdbcTemplate               : Executing prepared SQL query
2026-10-02T15:27:45.593+02:00 DEBUG 56930 --- [facturacion360] [http-nio-81-exec-1] o.s.jdbc.core.JdbcTemplate               : Executing prepared SQL statement [SELECT idconcepto, descripcion, cantidad, precio_unitario, descuento, porcentaje_iva, importe_iva, base_imponible, total, clave_regimen, calificacion FROM conceptos WHERE idfactura = ? ORDER BY idconcepto]
2026-10-02T15:27:45.594+02:00 DEBUG 56930 --- [facturacion360] [http-nio-81-exec-1] o.s.jdbc.core.JdbcTemplate               : Executing prepared SQL query
2026-10-02T15:27:45.594+02:00 DEBUG 56930 --- [facturacion360] [http-nio-81-exec-1] o.s.jdbc.core.JdbcTemplate               : Executing prepared SQL statement [SELECT impuesto, clave_regimen, calificacion, tipo_impositivo, base_imponible, cuota_repercutida FROM desglose_impositivo WHERE idfactura = ? ORDER BY impuesto, clave_regimen, calificacion, tipo_impositivo]
2026-10-02T15:28:04.397+02:00 DEBUG 56930 --- [facturacion360] [http-nio-81-exec-10] o.s.jdbc.core.JdbcTemplate               : Executing SQL query [SELECT f.idfactura, f.idcliente, c.nombre AS nombre_cliente, f.num_factura, f.fecha_emision, f.estado, f.observaciones, f.subtotal, f.importe_iva, f.total FROM facturas f INNER JOIN clientes c ON f.idcliente = c.idcliente ORDER BY f.fecha_emision DESC, f.idfactura DESC]
2026-10-02T15:28:04.397+02:00 DEBUG 56930 --- [facturacion360] [http-nio-81-exec-6] o.s.jdbc.core.JdbcTemplate               : Executing prepared SQL query
2026-10-02T15:28:04.397+02:00 DEBUG 56930 --- [facturacion360] [http-nio-81-exec-6] o.s.jdbc.core.JdbcTemplate               : Executing prepared SQL statement [SELECT
	`idusuario`,
	`usuario`,
	`clave_hash`,
	`nombre`,
	`rol`,
	`activo`,
	`fecha_alta`,
	`ultimo_acceso`
FROM `bd_facturacion`.`usuarios`
WHERE `usuario` = ?
]
2026-10-02T15:28:04.399+02:00 DEBUG 56930 --- [facturacion360] [http-nio-81-exec-10] e.x.f.r.FacturaRepositoryJdbcImpl        : buscar() devuelve 1 facturas
2026-10-02T16:33:23.777+02:00  INFO 4780 --- [facturacion360] [restartedMain] e.x.f.Facturacion360Application          : Starting Facturacion360Application using Java 21.0.12 with PID 4780 (/root/git/facturacion360-Proyecto-de-facturacion/facturacion360/target/classes started by root in /root/git/facturacion360-Proyecto-de-facturacion/facturacion360)
2026-10-02T16:33:23.778+02:00 DEBUG 4780 --- [facturacion360] [restartedMain] e.x.f.Facturacion360Application          : Running with Spring Boot v4.1.0, Spring v7.0.8
2026-10-02T16:33:23.778+02:00  INFO 4780 --- [facturacion360] [restartedMain] e.x.f.Facturacion360Application          : No active profile set, falling back to 1 default profile: "default"
2026-10-02T16:33:23.801+02:00  INFO 4780 --- [facturacion360] [restartedMain] .e.DevToolsPropertyDefaultsPostProcessor : Devtools property defaults active! Set 'spring.devtools.add-properties' to 'false' to disable
2026-10-02T16:33:23.801+02:00  INFO 4780 --- [facturacion360] [restartedMain] .e.DevToolsPropertyDefaultsPostProcessor : For additional web related logging consider setting the 'logging.level.web' property to 'DEBUG'
2026-10-02T16:33:24.413+02:00  INFO 4780 --- [facturacion360] [restartedMain] o.s.boot.tomcat.TomcatWebServer          : Tomcat initialized with port 81 (http)
2026-10-02T16:33:24.421+02:00  INFO 4780 --- [facturacion360] [restartedMain] o.apache.catalina.core.StandardService   : Starting service [Tomcat]
2026-10-02T16:33:24.421+02:00  INFO 4780 --- [facturacion360] [restartedMain] o.apache.catalina.core.StandardEngine    : Starting Servlet engine: [Apache Tomcat/11.0.22]
2026-10-02T16:33:24.438+02:00  INFO 4780 --- [facturacion360] [restartedMain] b.w.c.s.WebApplicationContextInitializer : Root WebApplicationContext: initialization completed in 637 ms
2026-10-02T16:33:24.542+02:00  INFO 4780 --- [facturacion360] [restartedMain] r$InitializeUserDetailsManagerConfigurer : Global AuthenticationManager configured with UserDetailsService bean with name usuariosDetailsService
2026-10-02T16:33:24.728+02:00  INFO 4780 --- [facturacion360] [restartedMain] o.s.b.w.a.WelcomePageHandlerMapping      : Adding welcome page: class path resource [static/index.html]
2026-10-02T16:33:24.901+02:00  INFO 4780 --- [facturacion360] [restartedMain] o.s.boot.tomcat.TomcatWebServer          : Tomcat started on port 81 (http) with context path '/'
2026-10-02T16:33:24.906+02:00  INFO 4780 --- [facturacion360] [restartedMain] e.x.f.Facturacion360Application          : Started Facturacion360Application in 1.391 seconds (process running for 1.638)
2026-10-02T16:33:24.908+02:00  WARN 4780 --- [facturacion360] [restartedMain] o.s.core.events.SpringDocAppInitializer  : SpringDoc /v3/api-docs endpoint is enabled by default. To disable it in production, set the property 'springdoc.api-docs.enabled=false'
2026-10-02T16:33:24.908+02:00  WARN 4780 --- [facturacion360] [restartedMain] o.s.core.events.SpringDocAppInitializer  : SpringDoc /swagger-ui.html endpoint is enabled by default. To disable it in production, set the property 'springdoc.swagger-ui.enabled=false'
2026-10-02T16:33:34.204+02:00  INFO 4780 --- [facturacion360] [http-nio-81-exec-1] o.a.c.c.C.[Tomcat].[localhost].[/]       : Initializing Spring DispatcherServlet 'dispatcherServlet'
2026-10-02T16:33:34.204+02:00  INFO 4780 --- [facturacion360] [http-nio-81-exec-1] o.s.web.servlet.DispatcherServlet        : Initializing Servlet 'dispatcherServlet'
2026-10-02T16:33:34.205+02:00  INFO 4780 --- [facturacion360] [http-nio-81-exec-1] o.s.web.servlet.DispatcherServlet        : Completed initialization in 1 ms
2026-10-02T16:33:34.219+02:00  INFO 4780 --- [facturacion360] [http-nio-81-exec-1] e.x.f.s.PuntoEntradaNoAutenticada        : Petición sin sesión a /: se redirige al login
2026-10-02T16:33:34.277+02:00  INFO 4780 --- [facturacion360] [http-nio-81-exec-7] e.x.f.s.PuntoEntradaNoAutenticada        : Petición sin sesión a /auth/yo: se responde 401
2026-10-02T16:33:46.156+02:00  INFO 4780 --- [facturacion360] [RMI TCP Connection(2)-127.0.0.1] inMXBeanRegistrar$SpringApplicationAdmin : Application shutdown requested.
2026-10-02T16:33:46.158+02:00  INFO 4780 --- [facturacion360] [RMI TCP Connection(2)-127.0.0.1] o.s.boot.tomcat.GracefulShutdown         : Commencing graceful shutdown. Waiting for active requests to complete
2026-10-02T16:33:46.162+02:00  INFO 4780 --- [facturacion360] [tomcat-shutdown] o.s.boot.tomcat.GracefulShutdown         : Graceful shutdown complete
2026-10-02T16:47:49.505+02:00  INFO 7534 --- [main] e.x.f.seguridad.AccesoSinSesionTests     : Starting AccesoSinSesionTests using Java 21.0.12 with PID 7534 (started by root in /root/git/facturacion360-Proyecto-de-facturacion/facturacion360)
2026-10-02T16:47:49.507+02:00  INFO 7534 --- [main] e.x.f.seguridad.AccesoSinSesionTests     : No active profile set, falling back to 1 default profile: "default"
2026-10-02T16:47:50.247+02:00  INFO 7534 --- [main] com.zaxxer.hikari.HikariDataSource       : HikariPool-1 - Starting...
2026-10-02T16:47:50.375+02:00  INFO 7534 --- [main] com.zaxxer.hikari.pool.HikariPool        : HikariPool-1 - Added connection conn0: url=jdbc:h2:mem:bd_facturacion_test user=SA
2026-10-02T16:47:50.377+02:00  INFO 7534 --- [main] com.zaxxer.hikari.HikariDataSource       : HikariPool-1 - Start completed.
2026-10-02T16:47:50.424+02:00  INFO 7534 --- [main] r$InitializeUserDetailsManagerConfigurer : Global AuthenticationManager configured with UserDetailsService bean with name usuariosDetailsService
2026-10-02T16:47:50.792+02:00  INFO 7534 --- [main] o.s.b.w.a.WelcomePageHandlerMapping      : Adding welcome page: class path resource [static/index.html]
2026-10-02T16:47:51.045+02:00  INFO 7534 --- [main] o.s.b.t.m.w.SpringBootMockServletContext : Initializing Spring TestDispatcherServlet ''
2026-10-02T16:47:51.045+02:00  INFO 7534 --- [main] o.s.t.web.servlet.TestDispatcherServlet  : Initializing Servlet ''
2026-10-02T16:47:51.048+02:00  INFO 7534 --- [main] o.s.t.web.servlet.TestDispatcherServlet  : Completed initialization in 3 ms
2026-10-02T16:47:51.109+02:00  INFO 7534 --- [main] e.x.f.seguridad.AccesoSinSesionTests     : Started AccesoSinSesionTests in 1.856 seconds (process running for 2.556)
2026-10-02T16:47:51.112+02:00  WARN 7534 --- [main] o.s.core.events.SpringDocAppInitializer  : SpringDoc /v3/api-docs endpoint is enabled by default. To disable it in production, set the property 'springdoc.api-docs.enabled=false'
2026-10-02T16:47:51.113+02:00  WARN 7534 --- [main] o.s.core.events.SpringDocAppInitializer  : SpringDoc /swagger-ui.html endpoint is enabled by default. To disable it in production, set the property 'springdoc.swagger-ui.enabled=false'
2026-10-02T16:47:51.594+02:00  INFO 7534 --- [main] e.x.f.controller.AuthController          : Inicio de sesión correcto: datos ([ROLE_USUARIO, FactorGrantedAuthority [authority=FACTOR_PASSWORD, issuedAt=2026-10-02T14:47:51.588015372Z]])
2026-10-02T16:47:51.619+02:00  WARN 7534 --- [main] e.x.f.seguridad.AccesoDenegado           : Acceso denegado a /emisor por datos: No tienes permiso para hacer esta operación. Necesitas ser administrador.
2026-10-02T16:47:51.679+02:00  INFO 7534 --- [main] e.x.f.controller.AuthController          : Inicio de sesión correcto: admin ([ROLE_ADMIN, FactorGrantedAuthority [authority=FACTOR_PASSWORD, issuedAt=2026-10-02T14:47:51.678837968Z]])
2026-10-02T16:47:51.706+02:00  INFO 7534 --- [main] e.x.f.s.PuntoEntradaNoAutenticada        : Petición sin sesión a /cliente/listar-pagina: se responde 401
2026-10-02T16:47:51.708+02:00  INFO 7534 --- [main] e.x.f.s.PuntoEntradaNoAutenticada        : Petición sin sesión a /cliente/provincias: se responde 401
2026-10-02T16:47:51.709+02:00  INFO 7534 --- [main] e.x.f.s.PuntoEntradaNoAutenticada        : Petición sin sesión a /cliente/1: se responde 401
2026-10-02T16:47:51.710+02:00  INFO 7534 --- [main] e.x.f.s.PuntoEntradaNoAutenticada        : Petición sin sesión a /emisor: se responde 401
2026-10-02T16:47:51.710+02:00  INFO 7534 --- [main] e.x.f.s.PuntoEntradaNoAutenticada        : Petición sin sesión a /emisor/logo: se responde 401
2026-10-02T16:47:51.711+02:00  INFO 7534 --- [main] e.x.f.s.PuntoEntradaNoAutenticada        : Petición sin sesión a /factura/buscar: se responde 401
2026-10-02T16:47:51.712+02:00  INFO 7534 --- [main] e.x.f.s.PuntoEntradaNoAutenticada        : Petición sin sesión a /factura/trimestral: se responde 401
2026-10-02T16:47:51.712+02:00  INFO 7534 --- [main] e.x.f.s.PuntoEntradaNoAutenticada        : Petición sin sesión a /auth/yo: se responde 401
2026-10-02T16:47:51.713+02:00  INFO 7534 --- [main] e.x.f.s.PuntoEntradaNoAutenticada        : Petición sin sesión a /factura-imprimir.html: se responde 401
2026-10-02T16:47:51.717+02:00  INFO 7534 --- [main] e.x.f.s.PuntoEntradaNoAutenticada        : Petición sin sesión a /cliente/listar-pagina: se responde 401
2026-10-02T16:47:51.778+02:00  INFO 7534 --- [main] e.x.f.controller.AuthController          : Inicio de sesión correcto: datos ([ROLE_USUARIO, FactorGrantedAuthority [authority=FACTOR_PASSWORD, issuedAt=2026-10-02T14:47:51.777164687Z]])
2026-10-02T16:47:51.781+02:00  WARN 7534 --- [main] e.x.f.seguridad.AccesoDenegado           : Acceso denegado a /cliente/1 por datos: No tienes permiso para hacer esta operación. Necesitas ser administrador.
2026-10-02T16:47:51.836+02:00  INFO 7534 --- [main] e.x.f.controller.AuthController          : Inicio de sesión correcto: admin ([ROLE_ADMIN, FactorGrantedAuthority [authority=FACTOR_PASSWORD, issuedAt=2026-10-02T14:47:51.835801550Z]])
2026-10-02T16:47:51.840+02:00  INFO 7534 --- [main] e.x.f.controller.ClienteController       : Peticion DELETE recibida para eliminar el cliente con ID 1
2026-10-02T16:47:51.841+02:00  INFO 7534 --- [main] e.x.f.service.ClienteServiceImpl         : Intentando eliminar el cliente con ID 1
2026-10-02T16:47:51.842+02:00  INFO 7534 --- [main] e.x.f.service.ClienteServiceImpl         : Cliente 1 eliminado correctamente.
2026-10-02T16:47:51.842+02:00  INFO 7534 --- [main] e.x.f.controller.ClienteController       : Cliente con ID 1 eliminado correctamente.
2026-10-02T16:47:51.871+02:00  INFO 7534 --- [main] e.x.f.s.PuntoEntradaNoAutenticada        : Petición sin sesión a /clientes.html: se redirige al login
2026-10-02T16:47:51.873+02:00  INFO 7534 --- [main] e.x.f.s.PuntoEntradaNoAutenticada        : Petición sin sesión a /: se redirige al login
2026-10-02T16:47:51.930+02:00  INFO 7534 --- [main] e.x.f.controller.AuthController          : Inicio de sesión correcto: datos ([ROLE_USUARIO, FactorGrantedAuthority [authority=FACTOR_PASSWORD, issuedAt=2026-10-02T14:47:51.929681728Z]])
2026-10-02T16:47:51.932+02:00  INFO 7534 --- [main] e.x.f.controller.ClienteController       : GET /cliente/provincias
2026-10-02T16:47:51.934+02:00  INFO 7534 --- [main] e.x.f.service.ClienteServiceImpl         : listarProvincias() -> 0 provincias
2026-10-02T16:47:51.934+02:00  INFO 7534 --- [main] e.x.f.controller.ClienteController       : GET /cliente/provincias -> 200 (0 provincias)
2026-10-02T16:47:51.994+02:00  INFO 7534 --- [main] e.x.f.controller.AuthController          : Inicio de sesión correcto: admin ([ROLE_ADMIN, FactorGrantedAuthority [authority=FACTOR_PASSWORD, issuedAt=2026-10-02T14:47:51.993871255Z]])
2026-10-02T16:47:52.018+02:00  INFO 7534 --- [main] e.x.f.controller.ClienteController       : POST /cliente -> 201, cliente 2
2026-10-02T16:47:52.084+02:00  INFO 7534 --- [main] e.x.f.controller.AuthController          : Inicio de sesión correcto: admin ([ROLE_ADMIN, FactorGrantedAuthority [authority=FACTOR_PASSWORD, issuedAt=2026-10-02T14:47:52.083850151Z]])
2026-10-02T16:47:52.087+02:00  WARN 7534 --- [main] e.x.f.seguridad.AccesoDenegado           : Acceso denegado a /cliente por admin: No se ha podido comprobar que la petición venga de esta pantalla. Recarga la página e inténtalo de nuevo.
2026-10-02T16:47:52.091+02:00  INFO 7534 --- [main] e.x.f.seguridad.AccesoDenegado           : Petición sin sesión a /cliente rechazada por CSRF: se responde 401
2026-10-02T16:47:52.098+02:00  INFO 7534 --- [main] t.c.s.AnnotationConfigContextLoaderUtils : Could not detect default configuration classes for test class [edu.xtd.facturacion360.seguridad.AutenticacionTests]: AutenticacionTests does not declare any static, non-private, non-final, nested classes annotated with @Configuration.
2026-10-02T16:47:52.100+02:00  INFO 7534 --- [main] .b.t.c.SpringBootTestContextBootstrapper : Found @SpringBootConfiguration edu.xtd.facturacion360.Facturacion360Application for test class edu.xtd.facturacion360.seguridad.AutenticacionTests
2026-10-02T16:47:52.100+02:00  INFO 7534 --- [main] t.c.s.AnnotationConfigContextLoaderUtils : Could not detect default configuration classes for test class [edu.xtd.facturacion360.seguridad.AutenticacionTests]: AutenticacionTests does not declare any static, non-private, non-final, nested classes annotated with @Configuration.
2026-10-02T16:47:52.101+02:00  INFO 7534 --- [main] .b.t.c.SpringBootTestContextBootstrapper : Found @SpringBootConfiguration edu.xtd.facturacion360.Facturacion360Application for test class edu.xtd.facturacion360.seguridad.AutenticacionTests
2026-10-02T16:47:52.172+02:00  INFO 7534 --- [main] e.x.f.service.UsuarioServiceImpl         : Alta de usuario: actual-equivocada
2026-10-02T16:47:52.174+02:00  INFO 7534 --- [main] e.x.f.controller.AuthController          : Cuenta creada: actual-equivocada
2026-10-02T16:47:52.228+02:00  INFO 7534 --- [main] e.x.f.controller.AuthController          : Inicio de sesión correcto: actual-equivocada ([ROLE_USUARIO, FactorGrantedAuthority [authority=FACTOR_PASSWORD, issuedAt=2026-10-02T14:47:52.228155360Z]])
2026-10-02T16:47:52.290+02:00  WARN 7534 --- [main] e.x.f.service.UsuarioServiceImpl         : Intento de cambio de contraseña con la clave actual equivocada: actual-equivocada
2026-10-02T16:47:52.291+02:00  WARN 7534 --- [main] e.x.f.controller.ManejadorExcepciones    : Cambio de contraseña rechazado: la contraseña actual no es la correcta
2026-10-02T16:47:52.352+02:00  INFO 7534 --- [main] e.x.f.controller.AuthController          : Inicio de sesión correcto: actual-equivocada ([ROLE_USUARIO, FactorGrantedAuthority [authority=FACTOR_PASSWORD, issuedAt=2026-10-02T14:47:52.351316403Z]])
2026-10-02T16:47:52.413+02:00  WARN 7534 --- [main] e.x.f.controller.ManejadorExcepciones    : Intento de acceso a una cuenta desactivada
2026-10-02T16:47:52.471+02:00  INFO 7534 --- [main] e.x.f.service.UsuarioServiceImpl         : Alta de usuario: recien-creado
2026-10-02T16:47:52.472+02:00  INFO 7534 --- [main] e.x.f.controller.AuthController          : Cuenta creada: recien-creado
2026-10-02T16:47:52.527+02:00  INFO 7534 --- [main] e.x.f.controller.AuthController          : Inicio de sesión correcto: recien-creado ([ROLE_USUARIO, FactorGrantedAuthority [authority=FACTOR_PASSWORD, issuedAt=2026-10-02T14:47:52.526249400Z]])
2026-10-02T16:47:52.585+02:00  INFO 7534 --- [main] e.x.f.service.UsuarioServiceImpl         : Alta de usuario: cambio-de-clave
2026-10-02T16:47:52.586+02:00  INFO 7534 --- [main] e.x.f.controller.AuthController          : Cuenta creada: cambio-de-clave
2026-10-02T16:47:52.644+02:00  INFO 7534 --- [main] e.x.f.controller.AuthController          : Inicio de sesión correcto: cambio-de-clave ([ROLE_USUARIO, FactorGrantedAuthority [authority=FACTOR_PASSWORD, issuedAt=2026-10-02T14:47:52.643210032Z]])
2026-10-02T16:47:52.753+02:00  INFO 7534 --- [main] e.x.f.service.UsuarioServiceImpl         : Contraseña cambiada: cambio-de-clave
2026-10-02T16:47:52.810+02:00  INFO 7534 --- [main] e.x.f.controller.AuthController          : Inicio de sesión correcto: cambio-de-clave ([ROLE_USUARIO, FactorGrantedAuthority [authority=FACTOR_PASSWORD, issuedAt=2026-10-02T14:47:52.809358932Z]])
2026-10-02T16:47:52.866+02:00  WARN 7534 --- [main] e.x.f.controller.ManejadorExcepciones    : Intento de acceso rechazado: usuario o contraseña incorrectos
2026-10-02T16:47:52.924+02:00  INFO 7534 --- [main] e.x.f.controller.AuthController          : Inicio de sesión correcto: datos ([ROLE_USUARIO, FactorGrantedAuthority [authority=FACTOR_PASSWORD, issuedAt=2026-10-02T14:47:52.923979876Z]])
2026-10-02T16:47:52.982+02:00  INFO 7534 --- [main] e.x.f.service.UsuarioServiceImpl         : Alta de usuario: falso-admin
2026-10-02T16:47:52.983+02:00  INFO 7534 --- [main] e.x.f.controller.AuthController          : Cuenta creada: falso-admin
2026-10-02T16:47:52.988+02:00  WARN 7534 --- [main] e.x.f.seguridad.UsuariosDetailsService   : Intento de acceso con un usuario que no está dado de alta: no-existe
2026-10-02T16:47:53.040+02:00  WARN 7534 --- [main] e.x.f.controller.ManejadorExcepciones    : Intento de acceso rechazado: usuario o contraseña incorrectos
2026-10-02T16:47:53.097+02:00  WARN 7534 --- [main] e.x.f.controller.ManejadorExcepciones    : Intento de acceso rechazado: usuario o contraseña incorrectos
2026-10-02T16:47:53.158+02:00  INFO 7534 --- [main] e.x.f.service.UsuarioServiceImpl         : Alta de usuario: hash-guardado
2026-10-02T16:47:53.159+02:00  INFO 7534 --- [main] e.x.f.controller.AuthController          : Cuenta creada: hash-guardado
2026-10-02T16:47:53.214+02:00  INFO 7534 --- [main] e.x.f.controller.AuthController          : Inicio de sesión correcto: hash-guardado ([ROLE_USUARIO, FactorGrantedAuthority [authority=FACTOR_PASSWORD, issuedAt=2026-10-02T14:47:53.213188118Z]])
2026-10-02T16:47:53.320+02:00  INFO 7534 --- [main] e.x.f.service.UsuarioServiceImpl         : Contraseña cambiada: hash-guardado
2026-10-02T16:47:53.380+02:00  INFO 7534 --- [main] e.x.f.controller.AuthController          : Inicio de sesión correcto: admin ([ROLE_ADMIN, FactorGrantedAuthority [authority=FACTOR_PASSWORD, issuedAt=2026-10-02T14:47:53.379497063Z]])
2026-10-02T16:47:53.441+02:00  INFO 7534 --- [main] e.x.f.service.UsuarioServiceImpl         : Alta de usuario: admin
2026-10-02T16:47:53.446+02:00  WARN 7534 --- [main] e.x.f.controller.ManejadorExcepciones    : Alta de usuario repetida
2026-10-02T16:47:53.512+02:00  INFO 7534 --- [main] e.x.f.controller.AuthController          : Inicio de sesión correcto: datos ([ROLE_USUARIO, FactorGrantedAuthority [authority=FACTOR_PASSWORD, issuedAt=2026-10-02T14:47:53.511880324Z]])
2026-10-02T16:47:53.523+02:00  INFO 7534 --- [main] e.x.f.s.PuntoEntradaNoAutenticada        : Petición sin sesión a /auth/yo: se responde 401
2026-10-02T16:47:53.580+02:00  INFO 7534 --- [main] e.x.f.controller.AuthController          : Inicio de sesión correcto: datos ([ROLE_USUARIO, FactorGrantedAuthority [authority=FACTOR_PASSWORD, issuedAt=2026-10-02T14:47:53.579843277Z]])
2026-10-02T16:47:53.590+02:00  WARN 7534 --- [main] e.x.f.controller.ManejadorExcepciones    : Datos no válidos: {clave=La contraseña es obligatoria, usuario=El usuario es obligatorio}
2026-10-02T16:47:53.599+02:00  INFO 7534 --- [main] e.x.f.s.PuntoEntradaNoAutenticada        : Petición sin sesión a /auth/clave: se responde 401
2026-10-02T16:47:53.653+02:00  INFO 7534 --- [main] e.x.f.service.UsuarioServiceImpl         : Alta de usuario: clave-corta
2026-10-02T16:47:53.654+02:00  INFO 7534 --- [main] e.x.f.controller.AuthController          : Cuenta creada: clave-corta
2026-10-02T16:47:53.710+02:00  INFO 7534 --- [main] e.x.f.controller.AuthController          : Inicio de sesión correcto: clave-corta ([ROLE_USUARIO, FactorGrantedAuthority [authority=FACTOR_PASSWORD, issuedAt=2026-10-02T14:47:53.709209336Z]])
2026-10-02T16:47:53.713+02:00  WARN 7534 --- [main] e.x.f.controller.ManejadorExcepciones    : Datos no válidos: {nueva=La contraseña nueva debe tener entre 8 y 200 caracteres}
2026-10-02T16:47:53.730+02:00  INFO 7534 --- [SpringApplicationShutdownHook] com.zaxxer.hikari.HikariDataSource       : HikariPool-1 - Shutdown initiated...
2026-10-02T16:47:53.731+02:00  INFO 7534 --- [SpringApplicationShutdownHook] com.zaxxer.hikari.HikariDataSource       : HikariPool-1 - Shutdown completed.
2026-10-02T17:20:38.360+02:00  INFO 12753 --- [main] e.x.f.seguridad.PanelUsuariosTests       : Starting PanelUsuariosTests using Java 21.0.12 with PID 12753 (started by root in /root/git/facturacion360-Proyecto-de-facturacion/facturacion360)
2026-10-02T17:20:38.361+02:00  INFO 12753 --- [main] e.x.f.seguridad.PanelUsuariosTests       : No active profile set, falling back to 1 default profile: "default"
2026-10-02T17:20:39.059+02:00  INFO 12753 --- [main] com.zaxxer.hikari.HikariDataSource       : HikariPool-1 - Starting...
2026-10-02T17:20:39.176+02:00  INFO 12753 --- [main] com.zaxxer.hikari.pool.HikariPool        : HikariPool-1 - Added connection conn0: url=jdbc:h2:mem:bd_facturacion_test user=SA
2026-10-02T17:20:39.177+02:00  INFO 12753 --- [main] com.zaxxer.hikari.HikariDataSource       : HikariPool-1 - Start completed.
2026-10-02T17:20:39.223+02:00  INFO 12753 --- [main] r$InitializeUserDetailsManagerConfigurer : Global AuthenticationManager configured with UserDetailsService bean with name usuariosDetailsService
2026-10-02T17:20:39.531+02:00  INFO 12753 --- [main] o.s.b.w.a.WelcomePageHandlerMapping      : Adding welcome page: class path resource [static/index.html]
2026-10-02T17:20:39.755+02:00  INFO 12753 --- [main] o.s.b.t.m.w.SpringBootMockServletContext : Initializing Spring TestDispatcherServlet ''
2026-10-02T17:20:39.755+02:00  INFO 12753 --- [main] o.s.t.web.servlet.TestDispatcherServlet  : Initializing Servlet ''
2026-10-02T17:20:39.757+02:00  INFO 12753 --- [main] o.s.t.web.servlet.TestDispatcherServlet  : Completed initialization in 1 ms
2026-10-02T17:20:39.804+02:00  INFO 12753 --- [main] e.x.f.seguridad.PanelUsuariosTests       : Started PanelUsuariosTests in 1.692 seconds (process running for 2.361)
2026-10-02T17:20:39.806+02:00  WARN 12753 --- [main] o.s.core.events.SpringDocAppInitializer  : SpringDoc /v3/api-docs endpoint is enabled by default. To disable it in production, set the property 'springdoc.api-docs.enabled=false'
2026-10-02T17:20:39.806+02:00  WARN 12753 --- [main] o.s.core.events.SpringDocAppInitializer  : SpringDoc /swagger-ui.html endpoint is enabled by default. To disable it in production, set the property 'springdoc.swagger-ui.enabled=false'
2026-10-02T17:20:40.291+02:00  INFO 12753 --- [main] e.x.f.controller.AuthController          : Inicio de sesión correcto: admin ([ROLE_ADMIN, FactorGrantedAuthority [authority=FACTOR_PASSWORD, issuedAt=2026-10-02T15:20:40.287499693Z]])
2026-10-02T17:20:40.311+02:00  INFO 12753 --- [main] e.x.f.service.UsuarioServiceImpl         : Cuenta modificada: datos (rol ADMIN, activo true)
2026-10-02T17:20:40.312+02:00  INFO 12753 --- [main] e.x.f.controller.UsuarioAdminController  : Cuenta editada desde el panel: datos
2026-10-02T17:20:40.410+02:00  INFO 12753 --- [main] e.x.f.controller.AuthController          : Inicio de sesión correcto: datos ([ROLE_ADMIN, FactorGrantedAuthority [authority=FACTOR_PASSWORD, issuedAt=2026-10-02T15:20:40.409256629Z]])
2026-10-02T17:20:40.411+02:00  INFO 12753 --- [main] e.x.f.controller.UsuarioAdminController  : Listado de cuentas del panel
2026-10-02T17:20:40.471+02:00  INFO 12753 --- [main] e.x.f.controller.AuthController          : Inicio de sesión correcto: admin ([ROLE_ADMIN, FactorGrantedAuthority [authority=FACTOR_PASSWORD, issuedAt=2026-10-02T15:20:40.471165925Z]])
2026-10-02T17:20:40.477+02:00  INFO 12753 --- [main] e.x.f.service.UsuarioServiceImpl         : Cuenta modificada: datos (rol USUARIO, activo true)
2026-10-02T17:20:40.477+02:00  INFO 12753 --- [main] e.x.f.controller.UsuarioAdminController  : Cuenta editada desde el panel: datos
2026-10-02T17:20:40.489+02:00  INFO 12753 --- [main] e.x.f.s.PuntoEntradaNoAutenticada        : Petición sin sesión a /usuarios.html: se redirige al login
2026-10-02T17:20:40.549+02:00  INFO 12753 --- [main] e.x.f.controller.AuthController          : Inicio de sesión correcto: admin ([ROLE_ADMIN, FactorGrantedAuthority [authority=FACTOR_PASSWORD, issuedAt=2026-10-02T15:20:40.548114914Z]])
2026-10-02T17:20:40.621+02:00  INFO 12753 --- [main] e.x.f.controller.AuthController          : Inicio de sesión correcto: datos ([ROLE_USUARIO, FactorGrantedAuthority [authority=FACTOR_PASSWORD, issuedAt=2026-10-02T15:20:40.620583634Z]])
2026-10-02T17:20:40.623+02:00  WARN 12753 --- [main] e.x.f.seguridad.AccesoDenegado           : Acceso denegado a /usuarios por datos: No tienes permiso para hacer esta operación. Necesitas ser administrador.
2026-10-02T17:20:40.631+02:00  WARN 12753 --- [main] e.x.f.seguridad.AccesoDenegado           : Acceso denegado a /usuarios.html por datos: No tienes permiso para hacer esta operación. Necesitas ser administrador.
2026-10-02T17:20:40.691+02:00  INFO 12753 --- [main] e.x.f.controller.AuthController          : Inicio de sesión correcto: admin ([ROLE_ADMIN, FactorGrantedAuthority [authority=FACTOR_PASSWORD, issuedAt=2026-10-02T15:20:40.690285273Z]])
2026-10-02T17:20:40.702+02:00  WARN 12753 --- [main] e.x.f.controller.ManejadorExcepciones    : Datos no válidos: {nueva=La contraseña nueva debe tener entre 8 y 200 caracteres}
2026-10-02T17:20:40.767+02:00  INFO 12753 --- [main] e.x.f.controller.AuthController          : Inicio de sesión correcto: admin ([ROLE_ADMIN, FactorGrantedAuthority [authority=FACTOR_PASSWORD, issuedAt=2026-10-02T15:20:40.766622202Z]])
2026-10-02T17:20:40.770+02:00  WARN 12753 --- [main] e.x.f.seguridad.AccesoDenegado           : Acceso denegado a /usuarios por admin: No se ha podido comprobar que la petición venga de esta pantalla. Recarga la página e inténtalo de nuevo.
2026-10-02T17:20:40.829+02:00  INFO 12753 --- [main] e.x.f.controller.AuthController          : Inicio de sesión correcto: admin ([ROLE_ADMIN, FactorGrantedAuthority [authority=FACTOR_PASSWORD, issuedAt=2026-10-02T15:20:40.828889305Z]])
2026-10-02T17:20:40.831+02:00  INFO 12753 --- [main] e.x.f.controller.UsuarioAdminController  : Listado de cuentas del panel
2026-10-02T17:20:40.898+02:00  INFO 12753 --- [main] e.x.f.controller.AuthController          : Inicio de sesión correcto: admin ([ROLE_ADMIN, FactorGrantedAuthority [authority=FACTOR_PASSWORD, issuedAt=2026-10-02T15:20:40.898177585Z]])
2026-10-02T17:20:40.962+02:00  INFO 12753 --- [main] e.x.f.service.UsuarioServiceImpl         : Alta de usuario desde el panel: nuevo-admin con rol ADMIN
2026-10-02T17:20:40.964+02:00  INFO 12753 --- [main] e.x.f.controller.UsuarioAdminController  : Cuenta creada desde el panel: nuevo-admin
2026-10-02T17:20:41.021+02:00  INFO 12753 --- [main] e.x.f.controller.AuthController          : Inicio de sesión correcto: nuevo-admin ([ROLE_ADMIN, FactorGrantedAuthority [authority=FACTOR_PASSWORD, issuedAt=2026-10-02T15:20:41.020243155Z]])
2026-10-02T17:20:41.022+02:00  INFO 12753 --- [main] e.x.f.controller.UsuarioAdminController  : Listado de cuentas del panel
2026-10-02T17:20:41.080+02:00  INFO 12753 --- [main] e.x.f.controller.AuthController          : Inicio de sesión correcto: admin ([ROLE_ADMIN, FactorGrantedAuthority [authority=FACTOR_PASSWORD, issuedAt=2026-10-02T15:20:41.079827013Z]])
2026-10-02T17:20:41.081+02:00  INFO 12753 --- [main] e.x.f.controller.UsuarioAdminController  : Listado de cuentas del panel
2026-10-02T17:20:41.140+02:00  INFO 12753 --- [main] e.x.f.controller.AuthController          : Inicio de sesión correcto: admin ([ROLE_ADMIN, FactorGrantedAuthority [authority=FACTOR_PASSWORD, issuedAt=2026-10-02T15:20:41.139440967Z]])
2026-10-02T17:20:41.143+02:00  WARN 12753 --- [main] e.x.f.controller.ManejadorExcepciones    : Datos no válidos: {rol=El rol es obligatorio}
2026-10-02T17:20:41.203+02:00  INFO 12753 --- [main] e.x.f.controller.AuthController          : Inicio de sesión correcto: admin ([ROLE_ADMIN, FactorGrantedAuthority [authority=FACTOR_PASSWORD, issuedAt=2026-10-02T15:20:41.202982221Z]])
2026-10-02T17:20:41.257+02:00  INFO 12753 --- [main] e.x.f.service.UsuarioServiceImpl         : Alta de usuario desde el panel: segundo-admin con rol ADMIN
2026-10-02T17:20:41.258+02:00  INFO 12753 --- [main] e.x.f.controller.UsuarioAdminController  : Cuenta creada desde el panel: segundo-admin
2026-10-02T17:20:41.313+02:00  INFO 12753 --- [main] e.x.f.controller.AuthController          : Inicio de sesión correcto: admin ([ROLE_ADMIN, FactorGrantedAuthority [authority=FACTOR_PASSWORD, issuedAt=2026-10-02T15:20:41.312689910Z]])
2026-10-02T17:20:41.318+02:00  INFO 12753 --- [main] e.x.f.service.UsuarioServiceImpl         : Cuenta modificada: admin (rol USUARIO, activo true)
2026-10-02T17:20:41.318+02:00  INFO 12753 --- [main] e.x.f.controller.UsuarioAdminController  : Cuenta editada desde el panel: admin
2026-10-02T17:20:41.371+02:00  INFO 12753 --- [main] e.x.f.controller.AuthController          : Inicio de sesión correcto: admin ([ROLE_USUARIO, FactorGrantedAuthority [authority=FACTOR_PASSWORD, issuedAt=2026-10-02T15:20:41.371359237Z]])
2026-10-02T17:20:41.372+02:00  WARN 12753 --- [main] e.x.f.seguridad.AccesoDenegado           : Acceso denegado a /usuarios por admin: No tienes permiso para hacer esta operación. Necesitas ser administrador.
2026-10-02T17:20:41.430+02:00  INFO 12753 --- [main] e.x.f.controller.AuthController          : Inicio de sesión correcto: admin ([ROLE_USUARIO, FactorGrantedAuthority [authority=FACTOR_PASSWORD, issuedAt=2026-10-02T15:20:41.429304615Z]])
2026-10-02T17:20:41.432+02:00  WARN 12753 --- [main] e.x.f.seguridad.AccesoDenegado           : Acceso denegado a /usuarios por admin: No tienes permiso para hacer esta operación. Necesitas ser administrador.
2026-10-02T17:20:41.494+02:00  INFO 12753 --- [main] e.x.f.controller.AuthController          : Inicio de sesión correcto: admin ([ROLE_USUARIO, FactorGrantedAuthority [authority=FACTOR_PASSWORD, issuedAt=2026-10-02T15:20:41.493805906Z]])
2026-10-02T17:20:41.498+02:00  WARN 12753 --- [main] e.x.f.seguridad.AccesoDenegado           : Acceso denegado a /usuarios/1 por admin: No tienes permiso para hacer esta operación. Necesitas ser administrador.
2026-10-02T17:20:41.561+02:00  INFO 12753 --- [main] e.x.f.controller.AuthController          : Inicio de sesión correcto: admin ([ROLE_USUARIO, FactorGrantedAuthority [authority=FACTOR_PASSWORD, issuedAt=2026-10-02T15:20:41.560934446Z]])
2026-10-02T17:20:41.563+02:00  WARN 12753 --- [main] e.x.f.seguridad.AccesoDenegado           : Acceso denegado a /usuarios por admin: No tienes permiso para hacer esta operación. Necesitas ser administrador.
2026-10-02T17:20:41.623+02:00  INFO 12753 --- [main] e.x.f.controller.AuthController          : Inicio de sesión correcto: admin ([ROLE_USUARIO, FactorGrantedAuthority [authority=FACTOR_PASSWORD, issuedAt=2026-10-02T15:20:41.622434210Z]])
2026-10-02T17:20:41.631+02:00  WARN 12753 --- [main] e.x.f.seguridad.AccesoDenegado           : Acceso denegado a /usuarios/2 por admin: No tienes permiso para hacer esta operación. Necesitas ser administrador.
2026-10-02T17:20:41.637+02:00  INFO 12753 --- [main] e.x.f.s.PuntoEntradaNoAutenticada        : Petición sin sesión a /usuarios: se responde 401
2026-10-02T17:20:41.638+02:00  INFO 12753 --- [main] e.x.f.s.PuntoEntradaNoAutenticada        : Petición sin sesión a /usuarios: se responde 401
2026-10-02T17:20:41.694+02:00  INFO 12753 --- [main] e.x.f.controller.AuthController          : Inicio de sesión correcto: admin ([ROLE_USUARIO, FactorGrantedAuthority [authority=FACTOR_PASSWORD, issuedAt=2026-10-02T15:20:41.693707264Z]])
2026-10-02T17:20:41.696+02:00  WARN 12753 --- [main] e.x.f.seguridad.AccesoDenegado           : Acceso denegado a /usuarios por admin: No tienes permiso para hacer esta operación. Necesitas ser administrador.
2026-10-02T17:20:41.752+02:00  INFO 12753 --- [main] e.x.f.controller.AuthController          : Inicio de sesión correcto: datos ([ROLE_USUARIO, FactorGrantedAuthority [authority=FACTOR_PASSWORD, issuedAt=2026-10-02T15:20:41.752019356Z]])
2026-10-02T17:20:41.754+02:00  WARN 12753 --- [main] e.x.f.seguridad.AccesoDenegado           : Acceso denegado a /usuarios/1 por datos: No tienes permiso para hacer esta operación. Necesitas ser administrador.
2026-10-02T17:20:41.756+02:00  WARN 12753 --- [main] e.x.f.seguridad.AccesoDenegado           : Acceso denegado a /usuarios/1/clave por datos: No tienes permiso para hacer esta operación. Necesitas ser administrador.
2026-10-02T17:20:41.816+02:00  INFO 12753 --- [main] e.x.f.controller.AuthController          : Inicio de sesión correcto: admin ([ROLE_USUARIO, FactorGrantedAuthority [authority=FACTOR_PASSWORD, issuedAt=2026-10-02T15:20:41.815300185Z]])
2026-10-02T17:20:41.819+02:00  WARN 12753 --- [main] e.x.f.seguridad.AccesoDenegado           : Acceso denegado a /usuarios/9999 por admin: No tienes permiso para hacer esta operación. Necesitas ser administrador.
2026-10-02T17:20:41.876+02:00  INFO 12753 --- [main] e.x.f.controller.AuthController          : Inicio de sesión correcto: admin ([ROLE_USUARIO, FactorGrantedAuthority [authority=FACTOR_PASSWORD, issuedAt=2026-10-02T15:20:41.875620824Z]])
2026-10-02T17:20:41.878+02:00  WARN 12753 --- [main] e.x.f.seguridad.AccesoDenegado           : Acceso denegado a /usuarios/9999/clave por admin: No tienes permiso para hacer esta operación. Necesitas ser administrador.
2026-10-02T17:20:41.910+02:00  INFO 12753 --- [SpringApplicationShutdownHook] com.zaxxer.hikari.HikariDataSource       : HikariPool-1 - Shutdown initiated...
2026-10-02T17:20:41.912+02:00  INFO 12753 --- [SpringApplicationShutdownHook] com.zaxxer.hikari.HikariDataSource       : HikariPool-1 - Shutdown completed.
2026-10-02T17:21:45.563+02:00  INFO 13191 --- [main] e.x.f.seguridad.PanelUsuariosTests       : Starting PanelUsuariosTests using Java 21.0.12 with PID 13191 (started by root in /root/git/facturacion360-Proyecto-de-facturacion/facturacion360)
2026-10-02T17:21:45.564+02:00  INFO 13191 --- [main] e.x.f.seguridad.PanelUsuariosTests       : No active profile set, falling back to 1 default profile: "default"
2026-10-02T17:21:46.262+02:00  INFO 13191 --- [main] com.zaxxer.hikari.HikariDataSource       : HikariPool-1 - Starting...
2026-10-02T17:21:46.384+02:00  INFO 13191 --- [main] com.zaxxer.hikari.pool.HikariPool        : HikariPool-1 - Added connection conn0: url=jdbc:h2:mem:bd_facturacion_test user=SA
2026-10-02T17:21:46.385+02:00  INFO 13191 --- [main] com.zaxxer.hikari.HikariDataSource       : HikariPool-1 - Start completed.
2026-10-02T17:21:46.430+02:00  INFO 13191 --- [main] r$InitializeUserDetailsManagerConfigurer : Global AuthenticationManager configured with UserDetailsService bean with name usuariosDetailsService
2026-10-02T17:21:46.727+02:00  INFO 13191 --- [main] o.s.b.w.a.WelcomePageHandlerMapping      : Adding welcome page: class path resource [static/index.html]
2026-10-02T17:21:46.940+02:00  INFO 13191 --- [main] o.s.b.t.m.w.SpringBootMockServletContext : Initializing Spring TestDispatcherServlet ''
2026-10-02T17:21:46.941+02:00  INFO 13191 --- [main] o.s.t.web.servlet.TestDispatcherServlet  : Initializing Servlet ''
2026-10-02T17:21:46.943+02:00  INFO 13191 --- [main] o.s.t.web.servlet.TestDispatcherServlet  : Completed initialization in 2 ms
2026-10-02T17:21:46.994+02:00  INFO 13191 --- [main] e.x.f.seguridad.PanelUsuariosTests       : Started PanelUsuariosTests in 1.682 seconds (process running for 2.4)
2026-10-02T17:21:46.996+02:00  WARN 13191 --- [main] o.s.core.events.SpringDocAppInitializer  : SpringDoc /v3/api-docs endpoint is enabled by default. To disable it in production, set the property 'springdoc.api-docs.enabled=false'
2026-10-02T17:21:46.996+02:00  WARN 13191 --- [main] o.s.core.events.SpringDocAppInitializer  : SpringDoc /swagger-ui.html endpoint is enabled by default. To disable it in production, set the property 'springdoc.swagger-ui.enabled=false'
2026-10-02T17:21:47.485+02:00  INFO 13191 --- [main] e.x.f.controller.AuthController          : Inicio de sesión correcto: admin ([ROLE_ADMIN, FactorGrantedAuthority [authority=FACTOR_PASSWORD, issuedAt=2026-10-02T15:21:47.481374931Z]])
2026-10-02T17:21:47.503+02:00  INFO 13191 --- [main] e.x.f.service.UsuarioServiceImpl         : Cuenta modificada: datos (rol ADMIN, activo true)
2026-10-02T17:21:47.504+02:00  INFO 13191 --- [main] e.x.f.controller.UsuarioAdminController  : Cuenta editada desde el panel: datos
2026-10-02T17:21:47.601+02:00  INFO 13191 --- [main] e.x.f.controller.AuthController          : Inicio de sesión correcto: datos ([ROLE_ADMIN, FactorGrantedAuthority [authority=FACTOR_PASSWORD, issuedAt=2026-10-02T15:21:47.601052206Z]])
2026-10-02T17:21:47.603+02:00  INFO 13191 --- [main] e.x.f.controller.UsuarioAdminController  : Listado de cuentas del panel
2026-10-02T17:21:47.663+02:00  INFO 13191 --- [main] e.x.f.controller.AuthController          : Inicio de sesión correcto: admin ([ROLE_ADMIN, FactorGrantedAuthority [authority=FACTOR_PASSWORD, issuedAt=2026-10-02T15:21:47.662309514Z]])
2026-10-02T17:21:47.666+02:00  INFO 13191 --- [main] e.x.f.service.UsuarioServiceImpl         : Cuenta modificada: datos (rol USUARIO, activo true)
2026-10-02T17:21:47.667+02:00  INFO 13191 --- [main] e.x.f.controller.UsuarioAdminController  : Cuenta editada desde el panel: datos
2026-10-02T17:21:47.678+02:00  INFO 13191 --- [main] e.x.f.s.PuntoEntradaNoAutenticada        : Petición sin sesión a /usuarios.html: se redirige al login
2026-10-02T17:21:47.738+02:00  INFO 13191 --- [main] e.x.f.controller.AuthController          : Inicio de sesión correcto: admin ([ROLE_ADMIN, FactorGrantedAuthority [authority=FACTOR_PASSWORD, issuedAt=2026-10-02T15:21:47.737044897Z]])
2026-10-02T17:21:47.807+02:00  INFO 13191 --- [main] e.x.f.controller.AuthController          : Inicio de sesión correcto: datos ([ROLE_USUARIO, FactorGrantedAuthority [authority=FACTOR_PASSWORD, issuedAt=2026-10-02T15:21:47.806801763Z]])
2026-10-02T17:21:47.809+02:00  WARN 13191 --- [main] e.x.f.seguridad.AccesoDenegado           : Acceso denegado a /usuarios por datos: No tienes permiso para hacer esta operación. Necesitas ser administrador.
2026-10-02T17:21:47.816+02:00  WARN 13191 --- [main] e.x.f.seguridad.AccesoDenegado           : Acceso denegado a /usuarios.html por datos: No tienes permiso para hacer esta operación. Necesitas ser administrador.
2026-10-02T17:21:47.877+02:00  INFO 13191 --- [main] e.x.f.controller.AuthController          : Inicio de sesión correcto: admin ([ROLE_ADMIN, FactorGrantedAuthority [authority=FACTOR_PASSWORD, issuedAt=2026-10-02T15:21:47.876614764Z]])
2026-10-02T17:21:47.887+02:00  WARN 13191 --- [main] e.x.f.controller.ManejadorExcepciones    : Datos no válidos: {nueva=La contraseña nueva debe tener entre 8 y 200 caracteres}
2026-10-02T17:21:47.952+02:00  INFO 13191 --- [main] e.x.f.controller.AuthController          : Inicio de sesión correcto: admin ([ROLE_ADMIN, FactorGrantedAuthority [authority=FACTOR_PASSWORD, issuedAt=2026-10-02T15:21:47.951588701Z]])
2026-10-02T17:21:47.954+02:00  WARN 13191 --- [main] e.x.f.seguridad.AccesoDenegado           : Acceso denegado a /usuarios por admin: No se ha podido comprobar que la petición venga de esta pantalla. Recarga la página e inténtalo de nuevo.
2026-10-02T17:21:48.013+02:00  INFO 13191 --- [main] e.x.f.controller.AuthController          : Inicio de sesión correcto: admin ([ROLE_ADMIN, FactorGrantedAuthority [authority=FACTOR_PASSWORD, issuedAt=2026-10-02T15:21:48.012405960Z]])
2026-10-02T17:21:48.014+02:00  INFO 13191 --- [main] e.x.f.controller.UsuarioAdminController  : Listado de cuentas del panel
2026-10-02T17:21:48.086+02:00  INFO 13191 --- [main] e.x.f.controller.AuthController          : Inicio de sesión correcto: admin ([ROLE_ADMIN, FactorGrantedAuthority [authority=FACTOR_PASSWORD, issuedAt=2026-10-02T15:21:48.085733622Z]])
2026-10-02T17:21:48.147+02:00  INFO 13191 --- [main] e.x.f.service.UsuarioServiceImpl         : Alta de usuario desde el panel: nuevo-admin con rol ADMIN
2026-10-02T17:21:48.149+02:00  INFO 13191 --- [main] e.x.f.controller.UsuarioAdminController  : Cuenta creada desde el panel: nuevo-admin
2026-10-02T17:21:48.207+02:00  INFO 13191 --- [main] e.x.f.controller.AuthController          : Inicio de sesión correcto: nuevo-admin ([ROLE_ADMIN, FactorGrantedAuthority [authority=FACTOR_PASSWORD, issuedAt=2026-10-02T15:21:48.206525451Z]])
2026-10-02T17:21:48.208+02:00  INFO 13191 --- [main] e.x.f.controller.UsuarioAdminController  : Listado de cuentas del panel
2026-10-02T17:21:48.270+02:00  INFO 13191 --- [main] e.x.f.controller.AuthController          : Inicio de sesión correcto: admin ([ROLE_ADMIN, FactorGrantedAuthority [authority=FACTOR_PASSWORD, issuedAt=2026-10-02T15:21:48.269921940Z]])
2026-10-02T17:21:48.272+02:00  INFO 13191 --- [main] e.x.f.controller.UsuarioAdminController  : Listado de cuentas del panel
2026-10-02T17:21:48.330+02:00  INFO 13191 --- [main] e.x.f.controller.AuthController          : Inicio de sesión correcto: admin ([ROLE_ADMIN, FactorGrantedAuthority [authority=FACTOR_PASSWORD, issuedAt=2026-10-02T15:21:48.329319607Z]])
2026-10-02T17:21:48.333+02:00  WARN 13191 --- [main] e.x.f.controller.ManejadorExcepciones    : Datos no válidos: {rol=El rol es obligatorio}
2026-10-02T17:21:48.392+02:00  INFO 13191 --- [main] e.x.f.controller.AuthController          : Inicio de sesión correcto: admin ([ROLE_ADMIN, FactorGrantedAuthority [authority=FACTOR_PASSWORD, issuedAt=2026-10-02T15:21:48.392275516Z]])
2026-10-02T17:21:48.445+02:00  INFO 13191 --- [main] e.x.f.service.UsuarioServiceImpl         : Alta de usuario desde el panel: segundo-admin con rol ADMIN
2026-10-02T17:21:48.446+02:00  INFO 13191 --- [main] e.x.f.controller.UsuarioAdminController  : Cuenta creada desde el panel: segundo-admin
2026-10-02T17:21:48.501+02:00  INFO 13191 --- [main] e.x.f.controller.AuthController          : Inicio de sesión correcto: admin ([ROLE_ADMIN, FactorGrantedAuthority [authority=FACTOR_PASSWORD, issuedAt=2026-10-02T15:21:48.500584193Z]])
2026-10-02T17:21:48.504+02:00  INFO 13191 --- [main] e.x.f.service.UsuarioServiceImpl         : Cuenta modificada: admin (rol USUARIO, activo true)
2026-10-02T17:21:48.504+02:00  INFO 13191 --- [main] e.x.f.controller.UsuarioAdminController  : Cuenta editada desde el panel: admin
2026-10-02T17:21:48.558+02:00  INFO 13191 --- [main] e.x.f.controller.AuthController          : Inicio de sesión correcto: admin ([ROLE_USUARIO, FactorGrantedAuthority [authority=FACTOR_PASSWORD, issuedAt=2026-10-02T15:21:48.557781645Z]])
2026-10-02T17:21:48.559+02:00  WARN 13191 --- [main] e.x.f.seguridad.AccesoDenegado           : Acceso denegado a /usuarios por admin: No tienes permiso para hacer esta operación. Necesitas ser administrador.
2026-10-02T17:21:48.620+02:00  INFO 13191 --- [main] e.x.f.controller.AuthController          : Inicio de sesión correcto: admin ([ROLE_ADMIN, FactorGrantedAuthority [authority=FACTOR_PASSWORD, issuedAt=2026-10-02T15:21:48.620058530Z]])
2026-10-02T17:21:48.677+02:00  INFO 13191 --- [main] e.x.f.service.UsuarioServiceImpl         : Alta de usuario desde el panel: datos con rol ADMIN
2026-10-02T17:21:48.681+02:00  WARN 13191 --- [main] e.x.f.controller.ManejadorExcepciones    : Alta de usuario repetida
2026-10-02T17:21:48.741+02:00  INFO 13191 --- [main] e.x.f.controller.AuthController          : Inicio de sesión correcto: admin ([ROLE_ADMIN, FactorGrantedAuthority [authority=FACTOR_PASSWORD, issuedAt=2026-10-02T15:21:48.740355679Z]])
2026-10-02T17:21:48.743+02:00  WARN 13191 --- [main] e.x.f.service.UsuarioServiceImpl         : Se ha rechazado dejar la aplicación sin administradores: admin era la última cuenta con permisos de administrador
2026-10-02T17:21:48.744+02:00  WARN 13191 --- [main] e.x.f.controller.ManejadorExcepciones    : Se ha rechazado un cambio que dejaría la aplicación sin administradores
2026-10-02T17:21:48.798+02:00  INFO 13191 --- [main] e.x.f.controller.AuthController          : Inicio de sesión correcto: admin ([ROLE_ADMIN, FactorGrantedAuthority [authority=FACTOR_PASSWORD, issuedAt=2026-10-02T15:21:48.798007426Z]])
2026-10-02T17:21:48.801+02:00  WARN 13191 --- [main] e.x.f.service.UsuarioServiceImpl         : Se ha rechazado dejar la aplicación sin administradores: admin era la última cuenta con permisos de administrador
2026-10-02T17:21:48.801+02:00  WARN 13191 --- [main] e.x.f.controller.ManejadorExcepciones    : Se ha rechazado un cambio que dejaría la aplicación sin administradores
2026-10-02T17:21:48.859+02:00  INFO 13191 --- [main] e.x.f.controller.AuthController          : Inicio de sesión correcto: admin ([ROLE_ADMIN, FactorGrantedAuthority [authority=FACTOR_PASSWORD, issuedAt=2026-10-02T15:21:48.858473181Z]])
2026-10-02T17:21:48.861+02:00  WARN 13191 --- [main] e.x.f.controller.ManejadorExcepciones    : Datos no válidos: {clave=La contraseña debe tener entre 8 y 200 caracteres}
2026-10-02T17:21:48.918+02:00  INFO 13191 --- [main] e.x.f.controller.AuthController          : Inicio de sesión correcto: admin ([ROLE_ADMIN, FactorGrantedAuthority [authority=FACTOR_PASSWORD, issuedAt=2026-10-02T15:21:48.918086549Z]])
2026-10-02T17:21:48.921+02:00  INFO 13191 --- [main] e.x.f.service.UsuarioServiceImpl         : Cuenta modificada: datos (rol USUARIO, activo false)
2026-10-02T17:21:48.921+02:00  INFO 13191 --- [main] e.x.f.controller.UsuarioAdminController  : Cuenta editada desde el panel: datos
2026-10-02T17:21:48.975+02:00  WARN 13191 --- [main] e.x.f.controller.ManejadorExcepciones    : Intento de acceso a una cuenta desactivada
2026-10-02T17:21:48.984+02:00  INFO 13191 --- [main] e.x.f.s.PuntoEntradaNoAutenticada        : Petición sin sesión a /usuarios: se responde 401
2026-10-02T17:21:48.986+02:00  INFO 13191 --- [main] e.x.f.s.PuntoEntradaNoAutenticada        : Petición sin sesión a /usuarios: se responde 401
2026-10-02T17:21:49.045+02:00  INFO 13191 --- [main] e.x.f.controller.AuthController          : Inicio de sesión correcto: admin ([ROLE_ADMIN, FactorGrantedAuthority [authority=FACTOR_PASSWORD, issuedAt=2026-10-02T15:21:49.044918159Z]])
2026-10-02T17:21:49.100+02:00  INFO 13191 --- [main] e.x.f.service.UsuarioServiceImpl         : Alta de usuario desde el panel: olvido-la-clave con rol USUARIO
2026-10-02T17:21:49.101+02:00  INFO 13191 --- [main] e.x.f.controller.UsuarioAdminController  : Cuenta creada desde el panel: olvido-la-clave
2026-10-02T17:21:49.156+02:00  INFO 13191 --- [main] e.x.f.controller.AuthController          : Inicio de sesión correcto: admin ([ROLE_ADMIN, FactorGrantedAuthority [authority=FACTOR_PASSWORD, issuedAt=2026-10-02T15:21:49.155952178Z]])
2026-10-02T17:21:49.215+02:00  INFO 13191 --- [main] e.x.f.service.UsuarioServiceImpl         : Contraseña cambiada por un administrador: panel -> olvido-la-clave
2026-10-02T17:21:49.215+02:00  INFO 13191 --- [main] e.x.f.controller.UsuarioAdminController  : Contraseña puesta desde el panel a la cuenta olvido-la-clave
2026-10-02T17:21:49.273+02:00  INFO 13191 --- [main] e.x.f.controller.AuthController          : Inicio de sesión correcto: olvido-la-clave ([ROLE_USUARIO, FactorGrantedAuthority [authority=FACTOR_PASSWORD, issuedAt=2026-10-02T15:21:49.272600726Z]])
2026-10-02T17:21:49.327+02:00  WARN 13191 --- [main] e.x.f.controller.ManejadorExcepciones    : Intento de acceso rechazado: usuario o contraseña incorrectos
2026-10-02T17:21:49.382+02:00  INFO 13191 --- [main] e.x.f.controller.AuthController          : Inicio de sesión correcto: admin ([ROLE_ADMIN, FactorGrantedAuthority [authority=FACTOR_PASSWORD, issuedAt=2026-10-02T15:21:49.381240478Z]])
2026-10-02T17:21:49.440+02:00  WARN 13191 --- [main] e.x.f.controller.ManejadorExcepciones    : Intento de acceso a una cuenta desactivada
2026-10-02T17:21:49.499+02:00  INFO 13191 --- [main] e.x.f.controller.AuthController          : Inicio de sesión correcto: admin ([ROLE_ADMIN, FactorGrantedAuthority [authority=FACTOR_PASSWORD, issuedAt=2026-10-02T15:21:49.498923662Z]])
2026-10-02T17:21:49.502+02:00  WARN 13191 --- [main] e.x.f.controller.ManejadorExcepciones    : El panel ha pedido modificar una cuenta que no existe
2026-10-02T17:21:49.558+02:00  INFO 13191 --- [main] e.x.f.controller.AuthController          : Inicio de sesión correcto: admin ([ROLE_ADMIN, FactorGrantedAuthority [authority=FACTOR_PASSWORD, issuedAt=2026-10-02T15:21:49.557787455Z]])
2026-10-02T17:21:49.561+02:00  WARN 13191 --- [main] e.x.f.controller.ManejadorExcepciones    : El panel ha pedido modificar una cuenta que no existe
2026-10-02T17:21:49.601+02:00  INFO 13191 --- [SpringApplicationShutdownHook] com.zaxxer.hikari.HikariDataSource       : HikariPool-1 - Shutdown initiated...
2026-10-02T17:21:49.603+02:00  INFO 13191 --- [SpringApplicationShutdownHook] com.zaxxer.hikari.HikariDataSource       : HikariPool-1 - Shutdown completed.
2026-10-02T17:22:11.814+02:00  INFO 13436 --- [main] e.x.f.seguridad.PanelUsuariosTests       : Starting PanelUsuariosTests using Java 21.0.12 with PID 13436 (started by root in /root/git/facturacion360-Proyecto-de-facturacion/facturacion360)
2026-10-02T17:22:11.815+02:00  INFO 13436 --- [main] e.x.f.seguridad.PanelUsuariosTests       : No active profile set, falling back to 1 default profile: "default"
2026-10-02T17:22:12.546+02:00  INFO 13436 --- [main] com.zaxxer.hikari.HikariDataSource       : HikariPool-1 - Starting...
2026-10-02T17:22:12.677+02:00  INFO 13436 --- [main] com.zaxxer.hikari.pool.HikariPool        : HikariPool-1 - Added connection conn0: url=jdbc:h2:mem:bd_facturacion_test user=SA
2026-10-02T17:22:12.678+02:00  INFO 13436 --- [main] com.zaxxer.hikari.HikariDataSource       : HikariPool-1 - Start completed.
2026-10-02T17:22:12.725+02:00  INFO 13436 --- [main] r$InitializeUserDetailsManagerConfigurer : Global AuthenticationManager configured with UserDetailsService bean with name usuariosDetailsService
2026-10-02T17:22:13.047+02:00  INFO 13436 --- [main] o.s.b.w.a.WelcomePageHandlerMapping      : Adding welcome page: class path resource [static/index.html]
2026-10-02T17:22:13.275+02:00  INFO 13436 --- [main] o.s.b.t.m.w.SpringBootMockServletContext : Initializing Spring TestDispatcherServlet ''
2026-10-02T17:22:13.275+02:00  INFO 13436 --- [main] o.s.t.web.servlet.TestDispatcherServlet  : Initializing Servlet ''
2026-10-02T17:22:13.277+02:00  INFO 13436 --- [main] o.s.t.web.servlet.TestDispatcherServlet  : Completed initialization in 2 ms
2026-10-02T17:22:13.321+02:00  INFO 13436 --- [main] e.x.f.seguridad.PanelUsuariosTests       : Started PanelUsuariosTests in 1.76 seconds (process running for 2.454)
2026-10-02T17:22:13.323+02:00  WARN 13436 --- [main] o.s.core.events.SpringDocAppInitializer  : SpringDoc /v3/api-docs endpoint is enabled by default. To disable it in production, set the property 'springdoc.api-docs.enabled=false'
2026-10-02T17:22:13.323+02:00  WARN 13436 --- [main] o.s.core.events.SpringDocAppInitializer  : SpringDoc /swagger-ui.html endpoint is enabled by default. To disable it in production, set the property 'springdoc.swagger-ui.enabled=false'
2026-10-02T17:22:13.838+02:00  INFO 13436 --- [main] e.x.f.controller.AuthController          : Inicio de sesión correcto: admin ([ROLE_ADMIN, FactorGrantedAuthority [authority=FACTOR_PASSWORD, issuedAt=2026-10-02T15:22:13.834324199Z]])
2026-10-02T17:22:13.858+02:00  INFO 13436 --- [main] e.x.f.service.UsuarioServiceImpl         : Cuenta modificada: datos (rol ADMIN, activo true)
2026-10-02T17:22:13.858+02:00  INFO 13436 --- [main] e.x.f.controller.UsuarioAdminController  : Cuenta editada desde el panel: datos
2026-10-02T17:22:13.959+02:00  INFO 13436 --- [main] e.x.f.controller.AuthController          : Inicio de sesión correcto: datos ([ROLE_ADMIN, FactorGrantedAuthority [authority=FACTOR_PASSWORD, issuedAt=2026-10-02T15:22:13.958303146Z]])
2026-10-02T17:22:13.961+02:00  INFO 13436 --- [main] e.x.f.controller.UsuarioAdminController  : Listado de cuentas del panel
2026-10-02T17:22:14.022+02:00  INFO 13436 --- [main] e.x.f.controller.AuthController          : Inicio de sesión correcto: admin ([ROLE_ADMIN, FactorGrantedAuthority [authority=FACTOR_PASSWORD, issuedAt=2026-10-02T15:22:14.021332511Z]])
2026-10-02T17:22:14.027+02:00  INFO 13436 --- [main] e.x.f.service.UsuarioServiceImpl         : Cuenta modificada: datos (rol USUARIO, activo true)
2026-10-02T17:22:14.027+02:00  INFO 13436 --- [main] e.x.f.controller.UsuarioAdminController  : Cuenta editada desde el panel: datos
2026-10-02T17:22:14.042+02:00  INFO 13436 --- [main] e.x.f.s.PuntoEntradaNoAutenticada        : Petición sin sesión a /usuarios.html: se redirige al login
2026-10-02T17:22:14.107+02:00  INFO 13436 --- [main] e.x.f.controller.AuthController          : Inicio de sesión correcto: admin ([ROLE_ADMIN, FactorGrantedAuthority [authority=FACTOR_PASSWORD, issuedAt=2026-10-02T15:22:14.106174350Z]])
2026-10-02T17:22:14.187+02:00  INFO 13436 --- [main] e.x.f.controller.AuthController          : Inicio de sesión correcto: datos ([ROLE_USUARIO, FactorGrantedAuthority [authority=FACTOR_PASSWORD, issuedAt=2026-10-02T15:22:14.186211037Z]])
2026-10-02T17:22:14.188+02:00  WARN 13436 --- [main] e.x.f.seguridad.AccesoDenegado           : Acceso denegado a /usuarios por datos: No tienes permiso para hacer esta operación. Necesitas ser administrador.
2026-10-02T17:22:14.198+02:00  WARN 13436 --- [main] e.x.f.seguridad.AccesoDenegado           : Acceso denegado a /usuarios.html por datos: No tienes permiso para hacer esta operación. Necesitas ser administrador.
2026-10-02T17:22:14.263+02:00  INFO 13436 --- [main] e.x.f.controller.AuthController          : Inicio de sesión correcto: admin ([ROLE_ADMIN, FactorGrantedAuthority [authority=FACTOR_PASSWORD, issuedAt=2026-10-02T15:22:14.261853034Z]])
2026-10-02T17:22:14.275+02:00  WARN 13436 --- [main] e.x.f.controller.ManejadorExcepciones    : Datos no válidos: {nueva=La contraseña nueva debe tener entre 8 y 200 caracteres}
2026-10-02T17:22:14.342+02:00  INFO 13436 --- [main] e.x.f.controller.AuthController          : Inicio de sesión correcto: admin ([ROLE_ADMIN, FactorGrantedAuthority [authority=FACTOR_PASSWORD, issuedAt=2026-10-02T15:22:14.342026205Z]])
2026-10-02T17:22:14.345+02:00  WARN 13436 --- [main] e.x.f.seguridad.AccesoDenegado           : Acceso denegado a /usuarios por admin: No se ha podido comprobar que la petición venga de esta pantalla. Recarga la página e inténtalo de nuevo.
2026-10-02T17:22:14.403+02:00  INFO 13436 --- [main] e.x.f.controller.AuthController          : Inicio de sesión correcto: admin ([ROLE_ADMIN, FactorGrantedAuthority [authority=FACTOR_PASSWORD, issuedAt=2026-10-02T15:22:14.402536220Z]])
2026-10-02T17:22:14.405+02:00  INFO 13436 --- [main] e.x.f.controller.UsuarioAdminController  : Listado de cuentas del panel
2026-10-02T17:22:14.472+02:00  INFO 13436 --- [main] e.x.f.controller.AuthController          : Inicio de sesión correcto: admin ([ROLE_ADMIN, FactorGrantedAuthority [authority=FACTOR_PASSWORD, issuedAt=2026-10-02T15:22:14.471145830Z]])
2026-10-02T17:22:14.533+02:00  INFO 13436 --- [main] e.x.f.service.UsuarioServiceImpl         : Alta de usuario desde el panel: nuevo-admin con rol ADMIN
2026-10-02T17:22:14.535+02:00  INFO 13436 --- [main] e.x.f.controller.UsuarioAdminController  : Cuenta creada desde el panel: nuevo-admin
2026-10-02T17:22:14.591+02:00  INFO 13436 --- [main] e.x.f.controller.AuthController          : Inicio de sesión correcto: nuevo-admin ([ROLE_ADMIN, FactorGrantedAuthority [authority=FACTOR_PASSWORD, issuedAt=2026-10-02T15:22:14.590751839Z]])
2026-10-02T17:22:14.593+02:00  INFO 13436 --- [main] e.x.f.controller.UsuarioAdminController  : Listado de cuentas del panel
2026-10-02T17:22:14.655+02:00  INFO 13436 --- [main] e.x.f.controller.AuthController          : Inicio de sesión correcto: admin ([ROLE_ADMIN, FactorGrantedAuthority [authority=FACTOR_PASSWORD, issuedAt=2026-10-02T15:22:14.654783909Z]])
2026-10-02T17:22:14.657+02:00  INFO 13436 --- [main] e.x.f.controller.UsuarioAdminController  : Listado de cuentas del panel
2026-10-02T17:22:14.716+02:00  INFO 13436 --- [main] e.x.f.controller.AuthController          : Inicio de sesión correcto: admin ([ROLE_ADMIN, FactorGrantedAuthority [authority=FACTOR_PASSWORD, issuedAt=2026-10-02T15:22:14.715535855Z]])
2026-10-02T17:22:14.720+02:00  WARN 13436 --- [main] e.x.f.controller.ManejadorExcepciones    : Datos no válidos: {rol=El rol es obligatorio}
2026-10-02T17:22:14.782+02:00  INFO 13436 --- [main] e.x.f.controller.AuthController          : Inicio de sesión correcto: admin ([ROLE_ADMIN, FactorGrantedAuthority [authority=FACTOR_PASSWORD, issuedAt=2026-10-02T15:22:14.781274261Z]])
2026-10-02T17:22:14.836+02:00  INFO 13436 --- [main] e.x.f.service.UsuarioServiceImpl         : Alta de usuario desde el panel: segundo-admin con rol ADMIN
2026-10-02T17:22:14.837+02:00  INFO 13436 --- [main] e.x.f.controller.UsuarioAdminController  : Cuenta creada desde el panel: segundo-admin
2026-10-02T17:22:14.896+02:00  INFO 13436 --- [main] e.x.f.controller.AuthController          : Inicio de sesión correcto: admin ([ROLE_ADMIN, FactorGrantedAuthority [authority=FACTOR_PASSWORD, issuedAt=2026-10-02T15:22:14.895566811Z]])
2026-10-02T17:22:14.900+02:00  INFO 13436 --- [main] e.x.f.service.UsuarioServiceImpl         : Cuenta modificada: admin (rol USUARIO, activo true)
2026-10-02T17:22:14.900+02:00  INFO 13436 --- [main] e.x.f.controller.UsuarioAdminController  : Cuenta editada desde el panel: admin
2026-10-02T17:22:14.955+02:00  INFO 13436 --- [main] e.x.f.controller.AuthController          : Inicio de sesión correcto: admin ([ROLE_USUARIO, FactorGrantedAuthority [authority=FACTOR_PASSWORD, issuedAt=2026-10-02T15:22:14.954722827Z]])
2026-10-02T17:22:14.956+02:00  WARN 13436 --- [main] e.x.f.seguridad.AccesoDenegado           : Acceso denegado a /usuarios por admin: No tienes permiso para hacer esta operación. Necesitas ser administrador.
2026-10-02T17:22:15.015+02:00  INFO 13436 --- [main] e.x.f.controller.AuthController          : Inicio de sesión correcto: admin ([ROLE_ADMIN, FactorGrantedAuthority [authority=FACTOR_PASSWORD, issuedAt=2026-10-02T15:22:15.014340401Z]])
2026-10-02T17:22:15.069+02:00  INFO 13436 --- [main] e.x.f.service.UsuarioServiceImpl         : Alta de usuario desde el panel: datos con rol ADMIN
2026-10-02T17:22:15.074+02:00  WARN 13436 --- [main] e.x.f.controller.ManejadorExcepciones    : Alta de usuario repetida
2026-10-02T17:22:15.137+02:00  INFO 13436 --- [main] e.x.f.controller.AuthController          : Inicio de sesión correcto: admin ([ROLE_ADMIN, FactorGrantedAuthority [authority=FACTOR_PASSWORD, issuedAt=2026-10-02T15:22:15.136429371Z]])
2026-10-02T17:22:15.140+02:00  WARN 13436 --- [main] e.x.f.service.UsuarioServiceImpl         : Se ha rechazado dejar la aplicación sin administradores: admin era la última cuenta con permisos de administrador
2026-10-02T17:22:15.141+02:00  WARN 13436 --- [main] e.x.f.controller.ManejadorExcepciones    : Se ha rechazado un cambio que dejaría la aplicación sin administradores
2026-10-02T17:22:15.195+02:00  INFO 13436 --- [main] e.x.f.controller.AuthController          : Inicio de sesión correcto: admin ([ROLE_ADMIN, FactorGrantedAuthority [authority=FACTOR_PASSWORD, issuedAt=2026-10-02T15:22:15.195120211Z]])
2026-10-02T17:22:15.198+02:00  WARN 13436 --- [main] e.x.f.service.UsuarioServiceImpl         : Se ha rechazado dejar la aplicación sin administradores: admin era la última cuenta con permisos de administrador
2026-10-02T17:22:15.198+02:00  WARN 13436 --- [main] e.x.f.controller.ManejadorExcepciones    : Se ha rechazado un cambio que dejaría la aplicación sin administradores
2026-10-02T17:22:15.263+02:00  INFO 13436 --- [main] e.x.f.controller.AuthController          : Inicio de sesión correcto: admin ([ROLE_ADMIN, FactorGrantedAuthority [authority=FACTOR_PASSWORD, issuedAt=2026-10-02T15:22:15.262427176Z]])
2026-10-02T17:22:15.266+02:00  WARN 13436 --- [main] e.x.f.controller.ManejadorExcepciones    : Datos no válidos: {clave=La contraseña debe tener entre 8 y 200 caracteres}
2026-10-02T17:22:15.324+02:00  INFO 13436 --- [main] e.x.f.controller.AuthController          : Inicio de sesión correcto: admin ([ROLE_ADMIN, FactorGrantedAuthority [authority=FACTOR_PASSWORD, issuedAt=2026-10-02T15:22:15.323922415Z]])
2026-10-02T17:22:15.327+02:00  INFO 13436 --- [main] e.x.f.service.UsuarioServiceImpl         : Cuenta modificada: datos (rol USUARIO, activo false)
2026-10-02T17:22:15.327+02:00  INFO 13436 --- [main] e.x.f.controller.UsuarioAdminController  : Cuenta editada desde el panel: datos
2026-10-02T17:22:15.382+02:00  WARN 13436 --- [main] e.x.f.controller.ManejadorExcepciones    : Intento de acceso a una cuenta desactivada
2026-10-02T17:22:15.391+02:00  INFO 13436 --- [main] e.x.f.s.PuntoEntradaNoAutenticada        : Petición sin sesión a /usuarios: se responde 401
2026-10-02T17:22:15.394+02:00  INFO 13436 --- [main] e.x.f.s.PuntoEntradaNoAutenticada        : Petición sin sesión a /usuarios: se responde 401
2026-10-02T17:22:15.450+02:00  INFO 13436 --- [main] e.x.f.controller.AuthController          : Inicio de sesión correcto: admin ([ROLE_ADMIN, FactorGrantedAuthority [authority=FACTOR_PASSWORD, issuedAt=2026-10-02T15:22:15.449231118Z]])
2026-10-02T17:22:15.503+02:00  INFO 13436 --- [main] e.x.f.service.UsuarioServiceImpl         : Alta de usuario desde el panel: olvido-la-clave con rol USUARIO
2026-10-02T17:22:15.504+02:00  INFO 13436 --- [main] e.x.f.controller.UsuarioAdminController  : Cuenta creada desde el panel: olvido-la-clave
2026-10-02T17:22:15.559+02:00  INFO 13436 --- [main] e.x.f.controller.AuthController          : Inicio de sesión correcto: admin ([ROLE_ADMIN, FactorGrantedAuthority [authority=FACTOR_PASSWORD, issuedAt=2026-10-02T15:22:15.558971195Z]])
2026-10-02T17:22:15.616+02:00  INFO 13436 --- [main] e.x.f.service.UsuarioServiceImpl         : Contraseña cambiada por un administrador: panel -> olvido-la-clave
2026-10-02T17:22:15.616+02:00  INFO 13436 --- [main] e.x.f.controller.UsuarioAdminController  : Contraseña puesta desde el panel a la cuenta olvido-la-clave
2026-10-02T17:22:15.670+02:00  INFO 13436 --- [main] e.x.f.controller.AuthController          : Inicio de sesión correcto: olvido-la-clave ([ROLE_USUARIO, FactorGrantedAuthority [authority=FACTOR_PASSWORD, issuedAt=2026-10-02T15:22:15.670317813Z]])
2026-10-02T17:22:15.724+02:00  WARN 13436 --- [main] e.x.f.controller.ManejadorExcepciones    : Intento de acceso rechazado: usuario o contraseña incorrectos
2026-10-02T17:22:15.780+02:00  INFO 13436 --- [main] e.x.f.controller.AuthController          : Inicio de sesión correcto: admin ([ROLE_ADMIN, FactorGrantedAuthority [authority=FACTOR_PASSWORD, issuedAt=2026-10-02T15:22:15.779851095Z]])
2026-10-02T17:22:15.837+02:00  INFO 13436 --- [main] e.x.f.controller.AuthController          : Inicio de sesión correcto: datos ([ROLE_USUARIO, FactorGrantedAuthority [authority=FACTOR_PASSWORD, issuedAt=2026-10-02T15:22:15.837087067Z]])
2026-10-02T17:22:15.839+02:00  WARN 13436 --- [main] e.x.f.seguridad.AccesoDenegado           : Acceso denegado a /usuarios/1 por datos: No tienes permiso para hacer esta operación. Necesitas ser administrador.
2026-10-02T17:22:15.840+02:00  WARN 13436 --- [main] e.x.f.seguridad.AccesoDenegado           : Acceso denegado a /usuarios/1/clave por datos: No tienes permiso para hacer esta operación. Necesitas ser administrador.
2026-10-02T17:22:15.898+02:00  INFO 13436 --- [main] e.x.f.controller.AuthController          : Inicio de sesión correcto: admin ([ROLE_ADMIN, FactorGrantedAuthority [authority=FACTOR_PASSWORD, issuedAt=2026-10-02T15:22:15.898147257Z]])
2026-10-02T17:22:15.901+02:00  WARN 13436 --- [main] e.x.f.controller.ManejadorExcepciones    : El panel ha pedido modificar una cuenta que no existe
2026-10-02T17:22:15.959+02:00  INFO 13436 --- [main] e.x.f.controller.AuthController          : Inicio de sesión correcto: admin ([ROLE_ADMIN, FactorGrantedAuthority [authority=FACTOR_PASSWORD, issuedAt=2026-10-02T15:22:15.959116667Z]])
2026-10-02T17:22:15.962+02:00  WARN 13436 --- [main] e.x.f.controller.ManejadorExcepciones    : El panel ha pedido modificar una cuenta que no existe
2026-10-02T17:22:15.993+02:00  INFO 13436 --- [SpringApplicationShutdownHook] com.zaxxer.hikari.HikariDataSource       : HikariPool-1 - Shutdown initiated...
2026-10-02T17:22:15.994+02:00  INFO 13436 --- [SpringApplicationShutdownHook] com.zaxxer.hikari.HikariDataSource       : HikariPool-1 - Shutdown completed.
2026-10-02T17:22:32.528+02:00  INFO 13650 --- [main] e.x.f.seguridad.PanelUsuariosTests       : Starting PanelUsuariosTests using Java 21.0.12 with PID 13650 (started by root in /root/git/facturacion360-Proyecto-de-facturacion/facturacion360)
2026-10-02T17:22:32.530+02:00  INFO 13650 --- [main] e.x.f.seguridad.PanelUsuariosTests       : No active profile set, falling back to 1 default profile: "default"
2026-10-02T17:22:33.267+02:00  INFO 13650 --- [main] com.zaxxer.hikari.HikariDataSource       : HikariPool-1 - Starting...
2026-10-02T17:22:33.389+02:00  INFO 13650 --- [main] com.zaxxer.hikari.pool.HikariPool        : HikariPool-1 - Added connection conn0: url=jdbc:h2:mem:bd_facturacion_test user=SA
2026-10-02T17:22:33.391+02:00  INFO 13650 --- [main] com.zaxxer.hikari.HikariDataSource       : HikariPool-1 - Start completed.
2026-10-02T17:22:33.442+02:00  INFO 13650 --- [main] r$InitializeUserDetailsManagerConfigurer : Global AuthenticationManager configured with UserDetailsService bean with name usuariosDetailsService
2026-10-02T17:22:33.737+02:00  INFO 13650 --- [main] o.s.b.w.a.WelcomePageHandlerMapping      : Adding welcome page: class path resource [static/index.html]
2026-10-02T17:22:33.956+02:00  INFO 13650 --- [main] o.s.b.t.m.w.SpringBootMockServletContext : Initializing Spring TestDispatcherServlet ''
2026-10-02T17:22:33.957+02:00  INFO 13650 --- [main] o.s.t.web.servlet.TestDispatcherServlet  : Initializing Servlet ''
2026-10-02T17:22:33.959+02:00  INFO 13650 --- [main] o.s.t.web.servlet.TestDispatcherServlet  : Completed initialization in 2 ms
2026-10-02T17:22:34.007+02:00  INFO 13650 --- [main] e.x.f.seguridad.PanelUsuariosTests       : Started PanelUsuariosTests in 1.752 seconds (process running for 2.475)
2026-10-02T17:22:34.009+02:00  WARN 13650 --- [main] o.s.core.events.SpringDocAppInitializer  : SpringDoc /v3/api-docs endpoint is enabled by default. To disable it in production, set the property 'springdoc.api-docs.enabled=false'
2026-10-02T17:22:34.009+02:00  WARN 13650 --- [main] o.s.core.events.SpringDocAppInitializer  : SpringDoc /swagger-ui.html endpoint is enabled by default. To disable it in production, set the property 'springdoc.swagger-ui.enabled=false'
2026-10-02T17:22:34.529+02:00  INFO 13650 --- [main] e.x.f.controller.AuthController          : Inicio de sesión correcto: admin ([ROLE_ADMIN, FactorGrantedAuthority [authority=FACTOR_PASSWORD, issuedAt=2026-10-02T15:22:34.525214034Z]])
2026-10-02T17:22:34.549+02:00  INFO 13650 --- [main] e.x.f.service.UsuarioServiceImpl         : Cuenta modificada: datos (rol ADMIN, activo true)
2026-10-02T17:22:34.550+02:00  INFO 13650 --- [main] e.x.f.controller.UsuarioAdminController  : Cuenta editada desde el panel: datos
2026-10-02T17:22:34.667+02:00  INFO 13650 --- [main] e.x.f.controller.AuthController          : Inicio de sesión correcto: datos ([ROLE_ADMIN, FactorGrantedAuthority [authority=FACTOR_PASSWORD, issuedAt=2026-10-02T15:22:34.665841975Z]])
2026-10-02T17:22:34.669+02:00  INFO 13650 --- [main] e.x.f.controller.UsuarioAdminController  : Listado de cuentas del panel
2026-10-02T17:22:34.737+02:00  INFO 13650 --- [main] e.x.f.controller.AuthController          : Inicio de sesión correcto: admin ([ROLE_ADMIN, FactorGrantedAuthority [authority=FACTOR_PASSWORD, issuedAt=2026-10-02T15:22:34.735812746Z]])
2026-10-02T17:22:34.741+02:00  INFO 13650 --- [main] e.x.f.service.UsuarioServiceImpl         : Cuenta modificada: datos (rol USUARIO, activo true)
2026-10-02T17:22:34.742+02:00  INFO 13650 --- [main] e.x.f.controller.UsuarioAdminController  : Cuenta editada desde el panel: datos
2026-10-02T17:22:34.756+02:00  INFO 13650 --- [main] e.x.f.s.PuntoEntradaNoAutenticada        : Petición sin sesión a /usuarios.html: se redirige al login
2026-10-02T17:22:34.820+02:00  INFO 13650 --- [main] e.x.f.controller.AuthController          : Inicio de sesión correcto: admin ([ROLE_ADMIN, FactorGrantedAuthority [authority=FACTOR_PASSWORD, issuedAt=2026-10-02T15:22:34.819057772Z]])
2026-10-02T17:22:34.896+02:00  INFO 13650 --- [main] e.x.f.controller.AuthController          : Inicio de sesión correcto: datos ([ROLE_USUARIO, FactorGrantedAuthority [authority=FACTOR_PASSWORD, issuedAt=2026-10-02T15:22:34.895473509Z]])
2026-10-02T17:22:34.898+02:00  WARN 13650 --- [main] e.x.f.seguridad.AccesoDenegado           : Acceso denegado a /usuarios por datos: No tienes permiso para hacer esta operación. Necesitas ser administrador.
2026-10-02T17:22:34.905+02:00  WARN 13650 --- [main] e.x.f.seguridad.AccesoDenegado           : Acceso denegado a /usuarios.html por datos: No tienes permiso para hacer esta operación. Necesitas ser administrador.
2026-10-02T17:22:34.971+02:00  INFO 13650 --- [main] e.x.f.controller.AuthController          : Inicio de sesión correcto: admin ([ROLE_ADMIN, FactorGrantedAuthority [authority=FACTOR_PASSWORD, issuedAt=2026-10-02T15:22:34.970535465Z]])
2026-10-02T17:22:34.985+02:00  WARN 13650 --- [main] e.x.f.controller.ManejadorExcepciones    : Datos no válidos: {nueva=La contraseña nueva debe tener entre 8 y 200 caracteres}
2026-10-02T17:22:35.052+02:00  INFO 13650 --- [main] e.x.f.controller.AuthController          : Inicio de sesión correcto: admin ([ROLE_ADMIN, FactorGrantedAuthority [authority=FACTOR_PASSWORD, issuedAt=2026-10-02T15:22:35.051543077Z]])
2026-10-02T17:22:35.054+02:00  WARN 13650 --- [main] e.x.f.seguridad.AccesoDenegado           : Acceso denegado a /usuarios por admin: No se ha podido comprobar que la petición venga de esta pantalla. Recarga la página e inténtalo de nuevo.
2026-10-02T17:22:35.121+02:00  INFO 13650 --- [main] e.x.f.controller.AuthController          : Inicio de sesión correcto: admin ([ROLE_ADMIN, FactorGrantedAuthority [authority=FACTOR_PASSWORD, issuedAt=2026-10-02T15:22:35.120758654Z]])
2026-10-02T17:22:35.123+02:00  INFO 13650 --- [main] e.x.f.controller.UsuarioAdminController  : Listado de cuentas del panel
2026-10-02T17:22:35.203+02:00  INFO 13650 --- [main] e.x.f.controller.AuthController          : Inicio de sesión correcto: admin ([ROLE_ADMIN, FactorGrantedAuthority [authority=FACTOR_PASSWORD, issuedAt=2026-10-02T15:22:35.202516582Z]])
2026-10-02T17:22:35.267+02:00  INFO 13650 --- [main] e.x.f.service.UsuarioServiceImpl         : Alta de usuario desde el panel: nuevo-admin con rol ADMIN
2026-10-02T17:22:35.269+02:00  INFO 13650 --- [main] e.x.f.controller.UsuarioAdminController  : Cuenta creada desde el panel: nuevo-admin
2026-10-02T17:22:35.327+02:00  INFO 13650 --- [main] e.x.f.controller.AuthController          : Inicio de sesión correcto: nuevo-admin ([ROLE_ADMIN, FactorGrantedAuthority [authority=FACTOR_PASSWORD, issuedAt=2026-10-02T15:22:35.326419506Z]])
2026-10-02T17:22:35.328+02:00  INFO 13650 --- [main] e.x.f.controller.UsuarioAdminController  : Listado de cuentas del panel
2026-10-02T17:22:35.388+02:00  INFO 13650 --- [main] e.x.f.controller.AuthController          : Inicio de sesión correcto: admin ([ROLE_ADMIN, FactorGrantedAuthority [authority=FACTOR_PASSWORD, issuedAt=2026-10-02T15:22:35.387331027Z]])
2026-10-02T17:22:35.389+02:00  INFO 13650 --- [main] e.x.f.controller.UsuarioAdminController  : Listado de cuentas del panel
2026-10-02T17:22:35.450+02:00  INFO 13650 --- [main] e.x.f.controller.AuthController          : Inicio de sesión correcto: admin ([ROLE_ADMIN, FactorGrantedAuthority [authority=FACTOR_PASSWORD, issuedAt=2026-10-02T15:22:35.449825955Z]])
2026-10-02T17:22:35.455+02:00  WARN 13650 --- [main] e.x.f.controller.ManejadorExcepciones    : Datos no válidos: {rol=El rol es obligatorio}
2026-10-02T17:22:35.523+02:00  INFO 13650 --- [main] e.x.f.controller.AuthController          : Inicio de sesión correcto: admin ([ROLE_ADMIN, FactorGrantedAuthority [authority=FACTOR_PASSWORD, issuedAt=2026-10-02T15:22:35.522982847Z]])
2026-10-02T17:22:35.585+02:00  INFO 13650 --- [main] e.x.f.service.UsuarioServiceImpl         : Alta de usuario desde el panel: segundo-admin con rol ADMIN
2026-10-02T17:22:35.586+02:00  INFO 13650 --- [main] e.x.f.controller.UsuarioAdminController  : Cuenta creada desde el panel: segundo-admin
2026-10-02T17:22:35.647+02:00  INFO 13650 --- [main] e.x.f.controller.AuthController          : Inicio de sesión correcto: admin ([ROLE_ADMIN, FactorGrantedAuthority [authority=FACTOR_PASSWORD, issuedAt=2026-10-02T15:22:35.646899276Z]])
2026-10-02T17:22:35.651+02:00  INFO 13650 --- [main] e.x.f.service.UsuarioServiceImpl         : Cuenta modificada: admin (rol USUARIO, activo true)
2026-10-02T17:22:35.652+02:00  INFO 13650 --- [main] e.x.f.controller.UsuarioAdminController  : Cuenta editada desde el panel: admin
2026-10-02T17:22:35.715+02:00  INFO 13650 --- [main] e.x.f.controller.AuthController          : Inicio de sesión correcto: admin ([ROLE_USUARIO, FactorGrantedAuthority [authority=FACTOR_PASSWORD, issuedAt=2026-10-02T15:22:35.714120189Z]])
2026-10-02T17:22:35.716+02:00  WARN 13650 --- [main] e.x.f.seguridad.AccesoDenegado           : Acceso denegado a /usuarios por admin: No tienes permiso para hacer esta operación. Necesitas ser administrador.
2026-10-02T17:22:35.779+02:00  INFO 13650 --- [main] e.x.f.controller.AuthController          : Inicio de sesión correcto: admin ([ROLE_ADMIN, FactorGrantedAuthority [authority=FACTOR_PASSWORD, issuedAt=2026-10-02T15:22:35.778984618Z]])
2026-10-02T17:22:35.841+02:00  INFO 13650 --- [main] e.x.f.service.UsuarioServiceImpl         : Alta de usuario desde el panel: datos con rol ADMIN
2026-10-02T17:22:35.847+02:00  WARN 13650 --- [main] e.x.f.controller.ManejadorExcepciones    : Alta de usuario repetida
2026-10-02T17:22:35.917+02:00  INFO 13650 --- [main] e.x.f.controller.AuthController          : Inicio de sesión correcto: admin ([ROLE_ADMIN, FactorGrantedAuthority [authority=FACTOR_PASSWORD, issuedAt=2026-10-02T15:22:35.915632681Z]])
2026-10-02T17:22:35.921+02:00  WARN 13650 --- [main] e.x.f.service.UsuarioServiceImpl         : Se ha rechazado dejar la aplicación sin administradores: admin era la última cuenta con permisos de administrador
2026-10-02T17:22:35.921+02:00  WARN 13650 --- [main] e.x.f.controller.ManejadorExcepciones    : Se ha rechazado un cambio que dejaría la aplicación sin administradores
2026-10-02T17:22:35.989+02:00  INFO 13650 --- [main] e.x.f.controller.AuthController          : Inicio de sesión correcto: admin ([ROLE_ADMIN, FactorGrantedAuthority [authority=FACTOR_PASSWORD, issuedAt=2026-10-02T15:22:35.988297687Z]])
2026-10-02T17:22:35.991+02:00  WARN 13650 --- [main] e.x.f.service.UsuarioServiceImpl         : Se ha rechazado dejar la aplicación sin administradores: admin era la última cuenta con permisos de administrador
2026-10-02T17:22:35.992+02:00  WARN 13650 --- [main] e.x.f.controller.ManejadorExcepciones    : Se ha rechazado un cambio que dejaría la aplicación sin administradores
2026-10-02T17:22:36.051+02:00  INFO 13650 --- [main] e.x.f.controller.AuthController          : Inicio de sesión correcto: admin ([ROLE_ADMIN, FactorGrantedAuthority [authority=FACTOR_PASSWORD, issuedAt=2026-10-02T15:22:36.049797343Z]])
2026-10-02T17:22:36.053+02:00  WARN 13650 --- [main] e.x.f.controller.ManejadorExcepciones    : Datos no válidos: {clave=La contraseña debe tener entre 8 y 200 caracteres}
2026-10-02T17:22:36.115+02:00  INFO 13650 --- [main] e.x.f.controller.AuthController          : Inicio de sesión correcto: admin ([ROLE_ADMIN, FactorGrantedAuthority [authority=FACTOR_PASSWORD, issuedAt=2026-10-02T15:22:36.114451309Z]])
2026-10-02T17:22:36.118+02:00  INFO 13650 --- [main] e.x.f.service.UsuarioServiceImpl         : Cuenta modificada: datos (rol USUARIO, activo false)
2026-10-02T17:22:36.118+02:00  INFO 13650 --- [main] e.x.f.controller.UsuarioAdminController  : Cuenta editada desde el panel: datos
2026-10-02T17:22:36.175+02:00  WARN 13650 --- [main] e.x.f.controller.ManejadorExcepciones    : Intento de acceso a una cuenta desactivada
2026-10-02T17:22:36.236+02:00  INFO 13650 --- [main] e.x.f.controller.AuthController          : Inicio de sesión correcto: admin ([ROLE_ADMIN, FactorGrantedAuthority [authority=FACTOR_PASSWORD, issuedAt=2026-10-02T15:22:36.235764594Z]])
2026-10-02T17:22:36.238+02:00  INFO 13650 --- [main] e.x.f.service.UsuarioServiceImpl         : Cuenta modificada: datos (rol USUARIO, activo true)
2026-10-02T17:22:36.239+02:00  INFO 13650 --- [main] e.x.f.controller.UsuarioAdminController  : Cuenta editada desde el panel: datos
2026-10-02T17:22:36.298+02:00  INFO 13650 --- [main] e.x.f.controller.AuthController          : Inicio de sesión correcto: datos ([ROLE_USUARIO, FactorGrantedAuthority [authority=FACTOR_PASSWORD, issuedAt=2026-10-02T15:22:36.297323840Z]])
2026-10-02T17:22:36.304+02:00  INFO 13650 --- [main] e.x.f.s.PuntoEntradaNoAutenticada        : Petición sin sesión a /usuarios: se responde 401
2026-10-02T17:22:36.306+02:00  INFO 13650 --- [main] e.x.f.s.PuntoEntradaNoAutenticada        : Petición sin sesión a /usuarios: se responde 401
2026-10-02T17:22:36.367+02:00  INFO 13650 --- [main] e.x.f.controller.AuthController          : Inicio de sesión correcto: admin ([ROLE_ADMIN, FactorGrantedAuthority [authority=FACTOR_PASSWORD, issuedAt=2026-10-02T15:22:36.366344133Z]])
2026-10-02T17:22:36.426+02:00  INFO 13650 --- [main] e.x.f.service.UsuarioServiceImpl         : Alta de usuario desde el panel: olvido-la-clave con rol USUARIO
2026-10-02T17:22:36.427+02:00  INFO 13650 --- [main] e.x.f.controller.UsuarioAdminController  : Cuenta creada desde el panel: olvido-la-clave
2026-10-02T17:22:36.483+02:00  INFO 13650 --- [main] e.x.f.controller.AuthController          : Inicio de sesión correcto: admin ([ROLE_ADMIN, FactorGrantedAuthority [authority=FACTOR_PASSWORD, issuedAt=2026-10-02T15:22:36.482226139Z]])
2026-10-02T17:22:36.540+02:00  INFO 13650 --- [main] e.x.f.service.UsuarioServiceImpl         : Contraseña cambiada por un administrador: panel -> olvido-la-clave
2026-10-02T17:22:36.541+02:00  INFO 13650 --- [main] e.x.f.controller.UsuarioAdminController  : Contraseña puesta desde el panel a la cuenta olvido-la-clave
2026-10-02T17:22:36.595+02:00  INFO 13650 --- [main] e.x.f.controller.AuthController          : Inicio de sesión correcto: olvido-la-clave ([ROLE_USUARIO, FactorGrantedAuthority [authority=FACTOR_PASSWORD, issuedAt=2026-10-02T15:22:36.595058349Z]])
2026-10-02T17:22:36.653+02:00  WARN 13650 --- [main] e.x.f.controller.ManejadorExcepciones    : Intento de acceso rechazado: usuario o contraseña incorrectos
2026-10-02T17:22:36.712+02:00  INFO 13650 --- [main] e.x.f.controller.AuthController          : Inicio de sesión correcto: admin ([ROLE_ADMIN, FactorGrantedAuthority [authority=FACTOR_PASSWORD, issuedAt=2026-10-02T15:22:36.711832576Z]])
2026-10-02T17:22:36.778+02:00  INFO 13650 --- [main] e.x.f.controller.AuthController          : Inicio de sesión correcto: datos ([ROLE_USUARIO, FactorGrantedAuthority [authority=FACTOR_PASSWORD, issuedAt=2026-10-02T15:22:36.777849038Z]])
2026-10-02T17:22:36.781+02:00  WARN 13650 --- [main] e.x.f.seguridad.AccesoDenegado           : Acceso denegado a /usuarios/1 por datos: No tienes permiso para hacer esta operación. Necesitas ser administrador.
2026-10-02T17:22:36.782+02:00  WARN 13650 --- [main] e.x.f.seguridad.AccesoDenegado           : Acceso denegado a /usuarios/1/clave por datos: No tienes permiso para hacer esta operación. Necesitas ser administrador.
2026-10-02T17:22:36.841+02:00  INFO 13650 --- [main] e.x.f.controller.AuthController          : Inicio de sesión correcto: admin ([ROLE_ADMIN, FactorGrantedAuthority [authority=FACTOR_PASSWORD, issuedAt=2026-10-02T15:22:36.840662198Z]])
2026-10-02T17:22:36.844+02:00  WARN 13650 --- [main] e.x.f.controller.ManejadorExcepciones    : El panel ha pedido modificar una cuenta que no existe
2026-10-02T17:22:36.903+02:00  INFO 13650 --- [main] e.x.f.controller.AuthController          : Inicio de sesión correcto: admin ([ROLE_ADMIN, FactorGrantedAuthority [authority=FACTOR_PASSWORD, issuedAt=2026-10-02T15:22:36.903151697Z]])
2026-10-02T17:22:36.906+02:00  WARN 13650 --- [main] e.x.f.controller.ManejadorExcepciones    : El panel ha pedido modificar una cuenta que no existe
2026-10-02T17:22:36.937+02:00  INFO 13650 --- [SpringApplicationShutdownHook] com.zaxxer.hikari.HikariDataSource       : HikariPool-1 - Shutdown initiated...
2026-10-02T17:22:36.938+02:00  INFO 13650 --- [SpringApplicationShutdownHook] com.zaxxer.hikari.HikariDataSource       : HikariPool-1 - Shutdown completed.
2026-10-02T17:22:46.796+02:00  INFO 13805 --- [main] e.x.f.seguridad.PanelUsuariosTests       : Starting PanelUsuariosTests using Java 21.0.12 with PID 13805 (started by root in /root/git/facturacion360-Proyecto-de-facturacion/facturacion360)
2026-10-02T17:22:46.797+02:00  INFO 13805 --- [main] e.x.f.seguridad.PanelUsuariosTests       : No active profile set, falling back to 1 default profile: "default"
2026-10-02T17:22:47.489+02:00  INFO 13805 --- [main] com.zaxxer.hikari.HikariDataSource       : HikariPool-1 - Starting...
2026-10-02T17:22:47.615+02:00  INFO 13805 --- [main] com.zaxxer.hikari.pool.HikariPool        : HikariPool-1 - Added connection conn0: url=jdbc:h2:mem:bd_facturacion_test user=SA
2026-10-02T17:22:47.617+02:00  INFO 13805 --- [main] com.zaxxer.hikari.HikariDataSource       : HikariPool-1 - Start completed.
2026-10-02T17:22:47.662+02:00  INFO 13805 --- [main] r$InitializeUserDetailsManagerConfigurer : Global AuthenticationManager configured with UserDetailsService bean with name usuariosDetailsService
2026-10-02T17:22:47.960+02:00  INFO 13805 --- [main] o.s.b.w.a.WelcomePageHandlerMapping      : Adding welcome page: class path resource [static/index.html]
2026-10-02T17:22:48.175+02:00  INFO 13805 --- [main] o.s.b.t.m.w.SpringBootMockServletContext : Initializing Spring TestDispatcherServlet ''
2026-10-02T17:22:48.176+02:00  INFO 13805 --- [main] o.s.t.web.servlet.TestDispatcherServlet  : Initializing Servlet ''
2026-10-02T17:22:48.178+02:00  INFO 13805 --- [main] o.s.t.web.servlet.TestDispatcherServlet  : Completed initialization in 2 ms
2026-10-02T17:22:48.224+02:00  INFO 13805 --- [main] e.x.f.seguridad.PanelUsuariosTests       : Started PanelUsuariosTests in 1.674 seconds (process running for 2.396)
2026-10-02T17:22:48.226+02:00  WARN 13805 --- [main] o.s.core.events.SpringDocAppInitializer  : SpringDoc /v3/api-docs endpoint is enabled by default. To disable it in production, set the property 'springdoc.api-docs.enabled=false'
2026-10-02T17:22:48.227+02:00  WARN 13805 --- [main] o.s.core.events.SpringDocAppInitializer  : SpringDoc /swagger-ui.html endpoint is enabled by default. To disable it in production, set the property 'springdoc.swagger-ui.enabled=false'
2026-10-02T17:22:48.708+02:00  INFO 13805 --- [main] e.x.f.controller.AuthController          : Inicio de sesión correcto: admin ([ROLE_ADMIN, FactorGrantedAuthority [authority=FACTOR_PASSWORD, issuedAt=2026-10-02T15:22:48.704269768Z]])
2026-10-02T17:22:48.729+02:00  INFO 13805 --- [main] e.x.f.service.UsuarioServiceImpl         : Cuenta modificada: datos (rol ADMIN, activo true)
2026-10-02T17:22:48.730+02:00  INFO 13805 --- [main] e.x.f.controller.UsuarioAdminController  : Cuenta editada desde el panel: datos
2026-10-02T17:22:48.828+02:00  INFO 13805 --- [main] e.x.f.controller.AuthController          : Inicio de sesión correcto: datos ([ROLE_ADMIN, FactorGrantedAuthority [authority=FACTOR_PASSWORD, issuedAt=2026-10-02T15:22:48.827971887Z]])
2026-10-02T17:22:48.830+02:00  INFO 13805 --- [main] e.x.f.controller.UsuarioAdminController  : Listado de cuentas del panel
2026-10-02T17:22:48.891+02:00  INFO 13805 --- [main] e.x.f.controller.AuthController          : Inicio de sesión correcto: admin ([ROLE_ADMIN, FactorGrantedAuthority [authority=FACTOR_PASSWORD, issuedAt=2026-10-02T15:22:48.890464520Z]])
2026-10-02T17:22:48.894+02:00  INFO 13805 --- [main] e.x.f.service.UsuarioServiceImpl         : Cuenta modificada: datos (rol USUARIO, activo true)
2026-10-02T17:22:48.895+02:00  INFO 13805 --- [main] e.x.f.controller.UsuarioAdminController  : Cuenta editada desde el panel: datos
2026-10-02T17:22:48.908+02:00  INFO 13805 --- [main] e.x.f.s.PuntoEntradaNoAutenticada        : Petición sin sesión a /usuarios.html: se redirige al login
2026-10-02T17:22:48.968+02:00  INFO 13805 --- [main] e.x.f.controller.AuthController          : Inicio de sesión correcto: admin ([ROLE_ADMIN, FactorGrantedAuthority [authority=FACTOR_PASSWORD, issuedAt=2026-10-02T15:22:48.967566723Z]])
2026-10-02T17:22:49.041+02:00  INFO 13805 --- [main] e.x.f.controller.AuthController          : Inicio de sesión correcto: datos ([ROLE_USUARIO, FactorGrantedAuthority [authority=FACTOR_PASSWORD, issuedAt=2026-10-02T15:22:49.040899371Z]])
2026-10-02T17:22:49.043+02:00  WARN 13805 --- [main] e.x.f.seguridad.AccesoDenegado           : Acceso denegado a /usuarios por datos: No tienes permiso para hacer esta operación. Necesitas ser administrador.
2026-10-02T17:22:49.050+02:00  WARN 13805 --- [main] e.x.f.seguridad.AccesoDenegado           : Acceso denegado a /usuarios.html por datos: No tienes permiso para hacer esta operación. Necesitas ser administrador.
2026-10-02T17:22:49.116+02:00  INFO 13805 --- [main] e.x.f.controller.AuthController          : Inicio de sesión correcto: admin ([ROLE_ADMIN, FactorGrantedAuthority [authority=FACTOR_PASSWORD, issuedAt=2026-10-02T15:22:49.115045813Z]])
2026-10-02T17:22:49.126+02:00  WARN 13805 --- [main] e.x.f.controller.ManejadorExcepciones    : Datos no válidos: {nueva=La contraseña nueva debe tener entre 8 y 200 caracteres}
2026-10-02T17:22:49.195+02:00  INFO 13805 --- [main] e.x.f.controller.AuthController          : Inicio de sesión correcto: admin ([ROLE_ADMIN, FactorGrantedAuthority [authority=FACTOR_PASSWORD, issuedAt=2026-10-02T15:22:49.194352528Z]])
2026-10-02T17:22:49.197+02:00  WARN 13805 --- [main] e.x.f.seguridad.AccesoDenegado           : Acceso denegado a /usuarios por admin: No se ha podido comprobar que la petición venga de esta pantalla. Recarga la página e inténtalo de nuevo.
2026-10-02T17:22:49.260+02:00  INFO 13805 --- [main] e.x.f.controller.AuthController          : Inicio de sesión correcto: admin ([ROLE_ADMIN, FactorGrantedAuthority [authority=FACTOR_PASSWORD, issuedAt=2026-10-02T15:22:49.260227005Z]])
2026-10-02T17:22:49.262+02:00  INFO 13805 --- [main] e.x.f.controller.UsuarioAdminController  : Listado de cuentas del panel
2026-10-02T17:22:49.334+02:00  INFO 13805 --- [main] e.x.f.controller.AuthController          : Inicio de sesión correcto: admin ([ROLE_ADMIN, FactorGrantedAuthority [authority=FACTOR_PASSWORD, issuedAt=2026-10-02T15:22:49.333905055Z]])
2026-10-02T17:22:49.395+02:00  INFO 13805 --- [main] e.x.f.service.UsuarioServiceImpl         : Alta de usuario desde el panel: nuevo-admin con rol ADMIN
2026-10-02T17:22:49.397+02:00  INFO 13805 --- [main] e.x.f.controller.UsuarioAdminController  : Cuenta creada desde el panel: nuevo-admin
2026-10-02T17:22:49.455+02:00  INFO 13805 --- [main] e.x.f.controller.AuthController          : Inicio de sesión correcto: nuevo-admin ([ROLE_ADMIN, FactorGrantedAuthority [authority=FACTOR_PASSWORD, issuedAt=2026-10-02T15:22:49.454792646Z]])
2026-10-02T17:22:49.456+02:00  INFO 13805 --- [main] e.x.f.controller.UsuarioAdminController  : Listado de cuentas del panel
2026-10-02T17:22:49.518+02:00  INFO 13805 --- [main] e.x.f.controller.AuthController          : Inicio de sesión correcto: admin ([ROLE_ADMIN, FactorGrantedAuthority [authority=FACTOR_PASSWORD, issuedAt=2026-10-02T15:22:49.516745675Z]])
2026-10-02T17:22:49.521+02:00  INFO 13805 --- [main] e.x.f.controller.UsuarioAdminController  : Listado de cuentas del panel
2026-10-02T17:22:49.586+02:00  INFO 13805 --- [main] e.x.f.controller.AuthController          : Inicio de sesión correcto: admin ([ROLE_ADMIN, FactorGrantedAuthority [authority=FACTOR_PASSWORD, issuedAt=2026-10-02T15:22:49.585219760Z]])
2026-10-02T17:22:49.590+02:00  WARN 13805 --- [main] e.x.f.controller.ManejadorExcepciones    : Datos no válidos: {rol=El rol es obligatorio}
2026-10-02T17:22:49.654+02:00  INFO 13805 --- [main] e.x.f.controller.AuthController          : Inicio de sesión correcto: admin ([ROLE_ADMIN, FactorGrantedAuthority [authority=FACTOR_PASSWORD, issuedAt=2026-10-02T15:22:49.653380052Z]])
2026-10-02T17:22:49.708+02:00  INFO 13805 --- [main] e.x.f.service.UsuarioServiceImpl         : Alta de usuario desde el panel: segundo-admin con rol ADMIN
2026-10-02T17:22:49.709+02:00  INFO 13805 --- [main] e.x.f.controller.UsuarioAdminController  : Cuenta creada desde el panel: segundo-admin
2026-10-02T17:22:49.771+02:00  INFO 13805 --- [main] e.x.f.controller.AuthController          : Inicio de sesión correcto: admin ([ROLE_ADMIN, FactorGrantedAuthority [authority=FACTOR_PASSWORD, issuedAt=2026-10-02T15:22:49.770417196Z]])
2026-10-02T17:22:49.774+02:00  INFO 13805 --- [main] e.x.f.service.UsuarioServiceImpl         : Cuenta modificada: admin (rol USUARIO, activo true)
2026-10-02T17:22:49.774+02:00  INFO 13805 --- [main] e.x.f.controller.UsuarioAdminController  : Cuenta editada desde el panel: admin
2026-10-02T17:22:49.829+02:00  INFO 13805 --- [main] e.x.f.controller.AuthController          : Inicio de sesión correcto: admin ([ROLE_USUARIO, FactorGrantedAuthority [authority=FACTOR_PASSWORD, issuedAt=2026-10-02T15:22:49.828849152Z]])
2026-10-02T17:22:49.830+02:00  WARN 13805 --- [main] e.x.f.seguridad.AccesoDenegado           : Acceso denegado a /usuarios por admin: No tienes permiso para hacer esta operación. Necesitas ser administrador.
2026-10-02T17:22:49.891+02:00  INFO 13805 --- [main] e.x.f.controller.AuthController          : Inicio de sesión correcto: admin ([ROLE_ADMIN, FactorGrantedAuthority [authority=FACTOR_PASSWORD, issuedAt=2026-10-02T15:22:49.891031879Z]])
2026-10-02T17:22:49.946+02:00  INFO 13805 --- [main] e.x.f.service.UsuarioServiceImpl         : Alta de usuario desde el panel: datos con rol ADMIN
2026-10-02T17:22:49.951+02:00  WARN 13805 --- [main] e.x.f.controller.ManejadorExcepciones    : Alta de usuario repetida
2026-10-02T17:22:50.010+02:00  INFO 13805 --- [main] e.x.f.controller.AuthController          : Inicio de sesión correcto: admin ([ROLE_ADMIN, FactorGrantedAuthority [authority=FACTOR_PASSWORD, issuedAt=2026-10-02T15:22:50.009985009Z]])
2026-10-02T17:22:50.013+02:00  WARN 13805 --- [main] e.x.f.service.UsuarioServiceImpl         : Se ha rechazado dejar la aplicación sin administradores: admin era la última cuenta con permisos de administrador
2026-10-02T17:22:50.013+02:00  WARN 13805 --- [main] e.x.f.controller.ManejadorExcepciones    : Se ha rechazado un cambio que dejaría la aplicación sin administradores
2026-10-02T17:22:50.069+02:00  INFO 13805 --- [main] e.x.f.controller.AuthController          : Inicio de sesión correcto: admin ([ROLE_ADMIN, FactorGrantedAuthority [authority=FACTOR_PASSWORD, issuedAt=2026-10-02T15:22:50.068752019Z]])
2026-10-02T17:22:50.071+02:00  WARN 13805 --- [main] e.x.f.service.UsuarioServiceImpl         : Se ha rechazado dejar la aplicación sin administradores: admin era la última cuenta con permisos de administrador
2026-10-02T17:22:50.071+02:00  WARN 13805 --- [main] e.x.f.controller.ManejadorExcepciones    : Se ha rechazado un cambio que dejaría la aplicación sin administradores
2026-10-02T17:22:50.129+02:00  INFO 13805 --- [main] e.x.f.controller.AuthController          : Inicio de sesión correcto: admin ([ROLE_ADMIN, FactorGrantedAuthority [authority=FACTOR_PASSWORD, issuedAt=2026-10-02T15:22:50.129301295Z]])
2026-10-02T17:22:50.132+02:00  WARN 13805 --- [main] e.x.f.controller.ManejadorExcepciones    : Datos no válidos: {clave=La contraseña debe tener entre 8 y 200 caracteres}
2026-10-02T17:22:50.190+02:00  INFO 13805 --- [main] e.x.f.controller.AuthController          : Inicio de sesión correcto: admin ([ROLE_ADMIN, FactorGrantedAuthority [authority=FACTOR_PASSWORD, issuedAt=2026-10-02T15:22:50.189567715Z]])
2026-10-02T17:22:50.192+02:00  INFO 13805 --- [main] e.x.f.service.UsuarioServiceImpl         : Cuenta modificada: datos (rol USUARIO, activo false)
2026-10-02T17:22:50.192+02:00  INFO 13805 --- [main] e.x.f.controller.UsuarioAdminController  : Cuenta editada desde el panel: datos
2026-10-02T17:22:50.248+02:00  WARN 13805 --- [main] e.x.f.controller.ManejadorExcepciones    : Intento de acceso a una cuenta desactivada
2026-10-02T17:22:50.304+02:00  INFO 13805 --- [main] e.x.f.controller.AuthController          : Inicio de sesión correcto: admin ([ROLE_ADMIN, FactorGrantedAuthority [authority=FACTOR_PASSWORD, issuedAt=2026-10-02T15:22:50.303915685Z]])
2026-10-02T17:22:50.306+02:00  INFO 13805 --- [main] e.x.f.service.UsuarioServiceImpl         : Cuenta modificada: datos (rol USUARIO, activo true)
2026-10-02T17:22:50.307+02:00  INFO 13805 --- [main] e.x.f.controller.UsuarioAdminController  : Cuenta editada desde el panel: datos
2026-10-02T17:22:50.361+02:00  INFO 13805 --- [main] e.x.f.controller.AuthController          : Inicio de sesión correcto: datos ([ROLE_USUARIO, FactorGrantedAuthority [authority=FACTOR_PASSWORD, issuedAt=2026-10-02T15:22:50.360539075Z]])
2026-10-02T17:22:50.372+02:00  INFO 13805 --- [main] e.x.f.s.PuntoEntradaNoAutenticada        : Petición sin sesión a /usuarios: se responde 401
2026-10-02T17:22:50.374+02:00  INFO 13805 --- [main] e.x.f.s.PuntoEntradaNoAutenticada        : Petición sin sesión a /usuarios: se responde 401
2026-10-02T17:22:50.430+02:00  INFO 13805 --- [main] e.x.f.controller.AuthController          : Inicio de sesión correcto: admin ([ROLE_ADMIN, FactorGrantedAuthority [authority=FACTOR_PASSWORD, issuedAt=2026-10-02T15:22:50.429787231Z]])
2026-10-02T17:22:50.485+02:00  INFO 13805 --- [main] e.x.f.service.UsuarioServiceImpl         : Alta de usuario desde el panel: olvido-la-clave con rol USUARIO
2026-10-02T17:22:50.486+02:00  INFO 13805 --- [main] e.x.f.controller.UsuarioAdminController  : Cuenta creada desde el panel: olvido-la-clave
2026-10-02T17:22:50.541+02:00  INFO 13805 --- [main] e.x.f.controller.AuthController          : Inicio de sesión correcto: admin ([ROLE_ADMIN, FactorGrantedAuthority [authority=FACTOR_PASSWORD, issuedAt=2026-10-02T15:22:50.540986832Z]])
2026-10-02T17:22:50.599+02:00  INFO 13805 --- [main] e.x.f.service.UsuarioServiceImpl         : Contraseña cambiada por un administrador: panel -> olvido-la-clave
2026-10-02T17:22:50.599+02:00  INFO 13805 --- [main] e.x.f.controller.UsuarioAdminController  : Contraseña puesta desde el panel a la cuenta olvido-la-clave
2026-10-02T17:22:50.654+02:00  INFO 13805 --- [main] e.x.f.controller.AuthController          : Inicio de sesión correcto: olvido-la-clave ([ROLE_USUARIO, FactorGrantedAuthority [authority=FACTOR_PASSWORD, issuedAt=2026-10-02T15:22:50.654337706Z]])
2026-10-02T17:22:50.709+02:00  WARN 13805 --- [main] e.x.f.controller.ManejadorExcepciones    : Intento de acceso rechazado: usuario o contraseña incorrectos
2026-10-02T17:22:50.763+02:00  INFO 13805 --- [main] e.x.f.controller.AuthController          : Inicio de sesión correcto: admin ([ROLE_ADMIN, FactorGrantedAuthority [authority=FACTOR_PASSWORD, issuedAt=2026-10-02T15:22:50.762939010Z]])
2026-10-02T17:22:50.821+02:00  INFO 13805 --- [main] e.x.f.controller.AuthController          : Inicio de sesión correcto: datos ([ROLE_USUARIO, FactorGrantedAuthority [authority=FACTOR_PASSWORD, issuedAt=2026-10-02T15:22:50.820582108Z]])
2026-10-02T17:22:50.823+02:00  WARN 13805 --- [main] e.x.f.seguridad.AccesoDenegado           : Acceso denegado a /usuarios/1 por datos: No tienes permiso para hacer esta operación. Necesitas ser administrador.
2026-10-02T17:22:50.824+02:00  WARN 13805 --- [main] e.x.f.seguridad.AccesoDenegado           : Acceso denegado a /usuarios/1/clave por datos: No tienes permiso para hacer esta operación. Necesitas ser administrador.
2026-10-02T17:22:50.882+02:00  INFO 13805 --- [main] e.x.f.controller.AuthController          : Inicio de sesión correcto: admin ([ROLE_ADMIN, FactorGrantedAuthority [authority=FACTOR_PASSWORD, issuedAt=2026-10-02T15:22:50.882052158Z]])
2026-10-02T17:22:50.885+02:00  WARN 13805 --- [main] e.x.f.controller.ManejadorExcepciones    : El panel ha pedido modificar una cuenta que no existe
2026-10-02T17:22:50.941+02:00  INFO 13805 --- [main] e.x.f.controller.AuthController          : Inicio de sesión correcto: admin ([ROLE_ADMIN, FactorGrantedAuthority [authority=FACTOR_PASSWORD, issuedAt=2026-10-02T15:22:50.941470851Z]])
2026-10-02T17:22:50.944+02:00  WARN 13805 --- [main] e.x.f.controller.ManejadorExcepciones    : El panel ha pedido modificar una cuenta que no existe
2026-10-02T17:22:50.950+02:00  INFO 13805 --- [main] t.c.s.AnnotationConfigContextLoaderUtils : Could not detect default configuration classes for test class [edu.xtd.facturacion360.seguridad.AccesoSinSesionTests]: AccesoSinSesionTests does not declare any static, non-private, non-final, nested classes annotated with @Configuration.
2026-10-02T17:22:50.952+02:00  INFO 13805 --- [main] .b.t.c.SpringBootTestContextBootstrapper : Found @SpringBootConfiguration edu.xtd.facturacion360.Facturacion360Application for test class edu.xtd.facturacion360.seguridad.AccesoSinSesionTests
2026-10-02T17:22:50.953+02:00  INFO 13805 --- [main] t.c.s.AnnotationConfigContextLoaderUtils : Could not detect default configuration classes for test class [edu.xtd.facturacion360.seguridad.AccesoSinSesionTests]: AccesoSinSesionTests does not declare any static, non-private, non-final, nested classes annotated with @Configuration.
2026-10-02T17:22:50.953+02:00  INFO 13805 --- [main] .b.t.c.SpringBootTestContextBootstrapper : Found @SpringBootConfiguration edu.xtd.facturacion360.Facturacion360Application for test class edu.xtd.facturacion360.seguridad.AccesoSinSesionTests
2026-10-02T17:22:51.011+02:00  INFO 13805 --- [main] e.x.f.controller.AuthController          : Inicio de sesión correcto: datos ([ROLE_USUARIO, FactorGrantedAuthority [authority=FACTOR_PASSWORD, issuedAt=2026-10-02T15:22:51.010660768Z]])
2026-10-02T17:22:51.013+02:00  WARN 13805 --- [main] e.x.f.seguridad.AccesoDenegado           : Acceso denegado a /emisor por datos: No tienes permiso para hacer esta operación. Necesitas ser administrador.
2026-10-02T17:22:51.068+02:00  INFO 13805 --- [main] e.x.f.controller.AuthController          : Inicio de sesión correcto: admin ([ROLE_ADMIN, FactorGrantedAuthority [authority=FACTOR_PASSWORD, issuedAt=2026-10-02T15:22:51.067778388Z]])
2026-10-02T17:22:51.085+02:00  INFO 13805 --- [main] e.x.f.s.PuntoEntradaNoAutenticada        : Petición sin sesión a /cliente/listar-pagina: se responde 401
2026-10-02T17:22:51.086+02:00  INFO 13805 --- [main] e.x.f.s.PuntoEntradaNoAutenticada        : Petición sin sesión a /cliente/provincias: se responde 401
2026-10-02T17:22:51.086+02:00  INFO 13805 --- [main] e.x.f.s.PuntoEntradaNoAutenticada        : Petición sin sesión a /cliente/1: se responde 401
2026-10-02T17:22:51.087+02:00  INFO 13805 --- [main] e.x.f.s.PuntoEntradaNoAutenticada        : Petición sin sesión a /emisor: se responde 401
2026-10-02T17:22:51.087+02:00  INFO 13805 --- [main] e.x.f.s.PuntoEntradaNoAutenticada        : Petición sin sesión a /emisor/logo: se responde 401
2026-10-02T17:22:51.088+02:00  INFO 13805 --- [main] e.x.f.s.PuntoEntradaNoAutenticada        : Petición sin sesión a /factura/buscar: se responde 401
2026-10-02T17:22:51.089+02:00  INFO 13805 --- [main] e.x.f.s.PuntoEntradaNoAutenticada        : Petición sin sesión a /factura/trimestral: se responde 401
2026-10-02T17:22:51.089+02:00  INFO 13805 --- [main] e.x.f.s.PuntoEntradaNoAutenticada        : Petición sin sesión a /auth/yo: se responde 401
2026-10-02T17:22:51.090+02:00  INFO 13805 --- [main] e.x.f.s.PuntoEntradaNoAutenticada        : Petición sin sesión a /factura-imprimir.html: se responde 401
2026-10-02T17:22:51.092+02:00  INFO 13805 --- [main] e.x.f.s.PuntoEntradaNoAutenticada        : Petición sin sesión a /cliente/listar-pagina: se responde 401
2026-10-02T17:22:51.151+02:00  INFO 13805 --- [main] e.x.f.controller.AuthController          : Inicio de sesión correcto: datos ([ROLE_USUARIO, FactorGrantedAuthority [authority=FACTOR_PASSWORD, issuedAt=2026-10-02T15:22:51.150657322Z]])
2026-10-02T17:22:51.153+02:00  WARN 13805 --- [main] e.x.f.seguridad.AccesoDenegado           : Acceso denegado a /cliente/1 por datos: No tienes permiso para hacer esta operación. Necesitas ser administrador.
2026-10-02T17:22:51.207+02:00  INFO 13805 --- [main] e.x.f.controller.AuthController          : Inicio de sesión correcto: admin ([ROLE_ADMIN, FactorGrantedAuthority [authority=FACTOR_PASSWORD, issuedAt=2026-10-02T15:22:51.207277005Z]])
2026-10-02T17:22:51.210+02:00  INFO 13805 --- [main] e.x.f.controller.ClienteController       : Peticion DELETE recibida para eliminar el cliente con ID 1
2026-10-02T17:22:51.210+02:00  INFO 13805 --- [main] e.x.f.service.ClienteServiceImpl         : Intentando eliminar el cliente con ID 1
2026-10-02T17:22:51.211+02:00  INFO 13805 --- [main] e.x.f.service.ClienteServiceImpl         : Cliente 1 eliminado correctamente.
2026-10-02T17:22:51.211+02:00  INFO 13805 --- [main] e.x.f.controller.ClienteController       : Cliente con ID 1 eliminado correctamente.
2026-10-02T17:22:51.215+02:00  INFO 13805 --- [main] e.x.f.s.PuntoEntradaNoAutenticada        : Petición sin sesión a /clientes.html: se redirige al login
2026-10-02T17:22:51.215+02:00  INFO 13805 --- [main] e.x.f.s.PuntoEntradaNoAutenticada        : Petición sin sesión a /: se redirige al login
2026-10-02T17:22:51.273+02:00  INFO 13805 --- [main] e.x.f.controller.AuthController          : Inicio de sesión correcto: datos ([ROLE_USUARIO, FactorGrantedAuthority [authority=FACTOR_PASSWORD, issuedAt=2026-10-02T15:22:51.272700142Z]])
2026-10-02T17:22:51.275+02:00  INFO 13805 --- [main] e.x.f.controller.ClienteController       : GET /cliente/provincias
2026-10-02T17:22:51.275+02:00  INFO 13805 --- [main] e.x.f.service.ClienteServiceImpl         : listarProvincias() -> 0 provincias
2026-10-02T17:22:51.275+02:00  INFO 13805 --- [main] e.x.f.controller.ClienteController       : GET /cliente/provincias -> 200 (0 provincias)
2026-10-02T17:22:51.334+02:00  INFO 13805 --- [main] e.x.f.controller.AuthController          : Inicio de sesión correcto: admin ([ROLE_ADMIN, FactorGrantedAuthority [authority=FACTOR_PASSWORD, issuedAt=2026-10-02T15:22:51.333956424Z]])
2026-10-02T17:22:51.352+02:00  INFO 13805 --- [main] e.x.f.controller.ClienteController       : POST /cliente -> 201, cliente 2
2026-10-02T17:22:51.412+02:00  INFO 13805 --- [main] e.x.f.controller.AuthController          : Inicio de sesión correcto: admin ([ROLE_ADMIN, FactorGrantedAuthority [authority=FACTOR_PASSWORD, issuedAt=2026-10-02T15:22:51.412002143Z]])
2026-10-02T17:22:51.414+02:00  WARN 13805 --- [main] e.x.f.seguridad.AccesoDenegado           : Acceso denegado a /cliente por admin: No se ha podido comprobar que la petición venga de esta pantalla. Recarga la página e inténtalo de nuevo.
2026-10-02T17:22:51.417+02:00  INFO 13805 --- [main] e.x.f.seguridad.AccesoDenegado           : Petición sin sesión a /cliente rechazada por CSRF: se responde 401
2026-10-02T17:22:51.420+02:00  INFO 13805 --- [main] t.c.s.AnnotationConfigContextLoaderUtils : Could not detect default configuration classes for test class [edu.xtd.facturacion360.seguridad.AutenticacionTests]: AutenticacionTests does not declare any static, non-private, non-final, nested classes annotated with @Configuration.
2026-10-02T17:22:51.421+02:00  INFO 13805 --- [main] .b.t.c.SpringBootTestContextBootstrapper : Found @SpringBootConfiguration edu.xtd.facturacion360.Facturacion360Application for test class edu.xtd.facturacion360.seguridad.AutenticacionTests
2026-10-02T17:22:51.422+02:00  INFO 13805 --- [main] t.c.s.AnnotationConfigContextLoaderUtils : Could not detect default configuration classes for test class [edu.xtd.facturacion360.seguridad.AutenticacionTests]: AutenticacionTests does not declare any static, non-private, non-final, nested classes annotated with @Configuration.
2026-10-02T17:22:51.422+02:00  INFO 13805 --- [main] .b.t.c.SpringBootTestContextBootstrapper : Found @SpringBootConfiguration edu.xtd.facturacion360.Facturacion360Application for test class edu.xtd.facturacion360.seguridad.AutenticacionTests
2026-10-02T17:22:51.488+02:00  INFO 13805 --- [main] e.x.f.service.UsuarioServiceImpl         : Alta de usuario: actual-equivocada
2026-10-02T17:22:51.489+02:00  INFO 13805 --- [main] e.x.f.controller.AuthController          : Cuenta creada: actual-equivocada
2026-10-02T17:22:51.547+02:00  INFO 13805 --- [main] e.x.f.controller.AuthController          : Inicio de sesión correcto: actual-equivocada ([ROLE_USUARIO, FactorGrantedAuthority [authority=FACTOR_PASSWORD, issuedAt=2026-10-02T15:22:51.546421417Z]])
2026-10-02T17:22:51.606+02:00  WARN 13805 --- [main] e.x.f.service.UsuarioServiceImpl         : Intento de cambio de contraseña con la clave actual equivocada: actual-equivocada
2026-10-02T17:22:51.607+02:00  WARN 13805 --- [main] e.x.f.controller.ManejadorExcepciones    : Cambio de contraseña rechazado: la contraseña actual no es la correcta
2026-10-02T17:22:51.662+02:00  INFO 13805 --- [main] e.x.f.controller.AuthController          : Inicio de sesión correcto: actual-equivocada ([ROLE_USUARIO, FactorGrantedAuthority [authority=FACTOR_PASSWORD, issuedAt=2026-10-02T15:22:51.661670343Z]])
2026-10-02T17:22:51.719+02:00  WARN 13805 --- [main] e.x.f.controller.ManejadorExcepciones    : Intento de acceso a una cuenta desactivada
2026-10-02T17:22:51.775+02:00  INFO 13805 --- [main] e.x.f.service.UsuarioServiceImpl         : Alta de usuario: recien-creado
2026-10-02T17:22:51.776+02:00  INFO 13805 --- [main] e.x.f.controller.AuthController          : Cuenta creada: recien-creado
2026-10-02T17:22:51.831+02:00  INFO 13805 --- [main] e.x.f.controller.AuthController          : Inicio de sesión correcto: recien-creado ([ROLE_USUARIO, FactorGrantedAuthority [authority=FACTOR_PASSWORD, issuedAt=2026-10-02T15:22:51.830347794Z]])
2026-10-02T17:22:51.890+02:00  INFO 13805 --- [main] e.x.f.service.UsuarioServiceImpl         : Alta de usuario: cambio-de-clave
2026-10-02T17:22:51.890+02:00  INFO 13805 --- [main] e.x.f.controller.AuthController          : Cuenta creada: cambio-de-clave
2026-10-02T17:22:51.953+02:00  INFO 13805 --- [main] e.x.f.controller.AuthController          : Inicio de sesión correcto: cambio-de-clave ([ROLE_USUARIO, FactorGrantedAuthority [authority=FACTOR_PASSWORD, issuedAt=2026-10-02T15:22:51.953214307Z]])
2026-10-02T17:22:52.063+02:00  INFO 13805 --- [main] e.x.f.service.UsuarioServiceImpl         : Contraseña cambiada: cambio-de-clave
2026-10-02T17:22:52.119+02:00  INFO 13805 --- [main] e.x.f.controller.AuthController          : Inicio de sesión correcto: cambio-de-clave ([ROLE_USUARIO, FactorGrantedAuthority [authority=FACTOR_PASSWORD, issuedAt=2026-10-02T15:22:52.118793301Z]])
2026-10-02T17:22:52.173+02:00  WARN 13805 --- [main] e.x.f.controller.ManejadorExcepciones    : Intento de acceso rechazado: usuario o contraseña incorrectos
2026-10-02T17:22:52.231+02:00  INFO 13805 --- [main] e.x.f.controller.AuthController          : Inicio de sesión correcto: datos ([ROLE_USUARIO, FactorGrantedAuthority [authority=FACTOR_PASSWORD, issuedAt=2026-10-02T15:22:52.230370304Z]])
2026-10-02T17:22:52.287+02:00  INFO 13805 --- [main] e.x.f.service.UsuarioServiceImpl         : Alta de usuario: falso-admin
2026-10-02T17:22:52.288+02:00  INFO 13805 --- [main] e.x.f.controller.AuthController          : Cuenta creada: falso-admin
2026-10-02T17:22:52.292+02:00  WARN 13805 --- [main] e.x.f.seguridad.UsuariosDetailsService   : Intento de acceso con un usuario que no está dado de alta: no-existe
2026-10-02T17:22:52.345+02:00  WARN 13805 --- [main] e.x.f.controller.ManejadorExcepciones    : Intento de acceso rechazado: usuario o contraseña incorrectos
2026-10-02T17:22:52.406+02:00  WARN 13805 --- [main] e.x.f.controller.ManejadorExcepciones    : Intento de acceso rechazado: usuario o contraseña incorrectos
2026-10-02T17:22:52.466+02:00  INFO 13805 --- [main] e.x.f.service.UsuarioServiceImpl         : Alta de usuario: hash-guardado
2026-10-02T17:22:52.467+02:00  INFO 13805 --- [main] e.x.f.controller.AuthController          : Cuenta creada: hash-guardado
2026-10-02T17:22:52.526+02:00  INFO 13805 --- [main] e.x.f.controller.AuthController          : Inicio de sesión correcto: hash-guardado ([ROLE_USUARIO, FactorGrantedAuthority [authority=FACTOR_PASSWORD, issuedAt=2026-10-02T15:22:52.525389014Z]])
2026-10-02T17:22:52.640+02:00  INFO 13805 --- [main] e.x.f.service.UsuarioServiceImpl         : Contraseña cambiada: hash-guardado
2026-10-02T17:22:52.700+02:00  INFO 13805 --- [main] e.x.f.controller.AuthController          : Inicio de sesión correcto: admin ([ROLE_ADMIN, FactorGrantedAuthority [authority=FACTOR_PASSWORD, issuedAt=2026-10-02T15:22:52.700014394Z]])
2026-10-02T17:22:52.761+02:00  INFO 13805 --- [main] e.x.f.service.UsuarioServiceImpl         : Alta de usuario: admin
2026-10-02T17:22:52.761+02:00  WARN 13805 --- [main] e.x.f.controller.ManejadorExcepciones    : Alta de usuario repetida
2026-10-02T17:22:52.823+02:00  INFO 13805 --- [main] e.x.f.controller.AuthController          : Inicio de sesión correcto: datos ([ROLE_USUARIO, FactorGrantedAuthority [authority=FACTOR_PASSWORD, issuedAt=2026-10-02T15:22:52.822665807Z]])
2026-10-02T17:22:52.830+02:00  INFO 13805 --- [main] e.x.f.s.PuntoEntradaNoAutenticada        : Petición sin sesión a /auth/yo: se responde 401
2026-10-02T17:22:52.891+02:00  INFO 13805 --- [main] e.x.f.controller.AuthController          : Inicio de sesión correcto: datos ([ROLE_USUARIO, FactorGrantedAuthority [authority=FACTOR_PASSWORD, issuedAt=2026-10-02T15:22:52.891376823Z]])
2026-10-02T17:22:52.896+02:00  WARN 13805 --- [main] e.x.f.controller.ManejadorExcepciones    : Datos no válidos: {usuario=El usuario es obligatorio, clave=La contraseña es obligatoria}
2026-10-02T17:22:52.902+02:00  INFO 13805 --- [main] e.x.f.s.PuntoEntradaNoAutenticada        : Petición sin sesión a /auth/clave: se responde 401
2026-10-02T17:22:52.957+02:00  INFO 13805 --- [main] e.x.f.service.UsuarioServiceImpl         : Alta de usuario: clave-corta
2026-10-02T17:22:52.958+02:00  INFO 13805 --- [main] e.x.f.controller.AuthController          : Cuenta creada: clave-corta
2026-10-02T17:22:53.012+02:00  INFO 13805 --- [main] e.x.f.controller.AuthController          : Inicio de sesión correcto: clave-corta ([ROLE_USUARIO, FactorGrantedAuthority [authority=FACTOR_PASSWORD, issuedAt=2026-10-02T15:22:53.011856624Z]])
2026-10-02T17:22:53.014+02:00  WARN 13805 --- [main] e.x.f.controller.ManejadorExcepciones    : Datos no válidos: {nueva=La contraseña nueva debe tener entre 8 y 200 caracteres}
2026-10-02T17:22:53.029+02:00  INFO 13805 --- [SpringApplicationShutdownHook] com.zaxxer.hikari.HikariDataSource       : HikariPool-1 - Shutdown initiated...
2026-10-02T17:22:53.030+02:00  INFO 13805 --- [SpringApplicationShutdownHook] com.zaxxer.hikari.HikariDataSource       : HikariPool-1 - Shutdown completed.
2026-10-02T17:34:20.421+02:00  INFO 14941 --- [facturacion360] [restartedMain] e.x.f.Facturacion360Application          : Starting Facturacion360Application using Java 21.0.12 with PID 14941 (/root/git/facturacion360-Proyecto-de-facturacion/facturacion360/target/classes started by root in /root/git/facturacion360-Proyecto-de-facturacion/facturacion360)
2026-10-02T17:34:20.423+02:00 DEBUG 14941 --- [facturacion360] [restartedMain] e.x.f.Facturacion360Application          : Running with Spring Boot v4.1.0, Spring v7.0.8
2026-10-02T17:34:20.423+02:00  INFO 14941 --- [facturacion360] [restartedMain] e.x.f.Facturacion360Application          : No active profile set, falling back to 1 default profile: "default"
2026-10-02T17:34:20.446+02:00  INFO 14941 --- [facturacion360] [restartedMain] .e.DevToolsPropertyDefaultsPostProcessor : Devtools property defaults active! Set 'spring.devtools.add-properties' to 'false' to disable
2026-10-02T17:34:20.446+02:00  INFO 14941 --- [facturacion360] [restartedMain] .e.DevToolsPropertyDefaultsPostProcessor : For additional web related logging consider setting the 'logging.level.web' property to 'DEBUG'
2026-10-02T17:34:21.068+02:00  INFO 14941 --- [facturacion360] [restartedMain] o.s.boot.tomcat.TomcatWebServer          : Tomcat initialized with port 81 (http)
2026-10-02T17:34:21.077+02:00  INFO 14941 --- [facturacion360] [restartedMain] o.apache.catalina.core.StandardService   : Starting service [Tomcat]
2026-10-02T17:34:21.078+02:00  INFO 14941 --- [facturacion360] [restartedMain] o.apache.catalina.core.StandardEngine    : Starting Servlet engine: [Apache Tomcat/11.0.22]
2026-10-02T17:34:21.096+02:00  INFO 14941 --- [facturacion360] [restartedMain] b.w.c.s.WebApplicationContextInitializer : Root WebApplicationContext: initialization completed in 650 ms
2026-10-02T17:34:21.216+02:00  INFO 14941 --- [facturacion360] [restartedMain] r$InitializeUserDetailsManagerConfigurer : Global AuthenticationManager configured with UserDetailsService bean with name usuariosDetailsService
2026-10-02T17:34:21.407+02:00  INFO 14941 --- [facturacion360] [restartedMain] o.s.b.w.a.WelcomePageHandlerMapping      : Adding welcome page: class path resource [static/index.html]
2026-10-02T17:34:21.598+02:00  INFO 14941 --- [facturacion360] [restartedMain] o.s.boot.tomcat.TomcatWebServer          : Tomcat started on port 81 (http) with context path '/'
2026-10-02T17:34:21.603+02:00  INFO 14941 --- [facturacion360] [restartedMain] e.x.f.Facturacion360Application          : Started Facturacion360Application in 1.49 seconds (process running for 1.702)
2026-10-02T17:34:21.605+02:00  WARN 14941 --- [facturacion360] [restartedMain] o.s.core.events.SpringDocAppInitializer  : SpringDoc /v3/api-docs endpoint is enabled by default. To disable it in production, set the property 'springdoc.api-docs.enabled=false'
2026-10-02T17:34:21.605+02:00  WARN 14941 --- [facturacion360] [restartedMain] o.s.core.events.SpringDocAppInitializer  : SpringDoc /swagger-ui.html endpoint is enabled by default. To disable it in production, set the property 'springdoc.swagger-ui.enabled=false'
2026-10-02T17:34:29.172+02:00  INFO 14941 --- [facturacion360] [http-nio-81-exec-1] o.a.c.c.C.[Tomcat].[localhost].[/]       : Initializing Spring DispatcherServlet 'dispatcherServlet'
2026-10-02T17:34:29.172+02:00  INFO 14941 --- [facturacion360] [http-nio-81-exec-1] o.s.web.servlet.DispatcherServlet        : Initializing Servlet 'dispatcherServlet'
2026-10-02T17:34:29.173+02:00  INFO 14941 --- [facturacion360] [http-nio-81-exec-1] o.s.web.servlet.DispatcherServlet        : Completed initialization in 1 ms
2026-10-02T17:34:29.456+02:00  INFO 14941 --- [facturacion360] [http-nio-81-exec-7] e.x.f.s.PuntoEntradaNoAutenticada        : Petición sin sesión a /auth/yo: se responde 401
2026-10-02T17:34:48.160+02:00 DEBUG 14941 --- [facturacion360] [http-nio-81-exec-10] o.s.jdbc.core.JdbcTemplate               : Executing prepared SQL query
2026-10-02T17:34:48.161+02:00 DEBUG 14941 --- [facturacion360] [http-nio-81-exec-10] o.s.jdbc.core.JdbcTemplate               : Executing prepared SQL statement [SELECT 	`idusuario`,
	`usuario`,
	`clave_hash`,
	`nombre`,
	`rol`,
	`activo`,
	`fecha_alta`,
	`ultimo_acceso`

FROM `bd_facturacion`.`usuarios`
WHERE `usuario` = ?
]
2026-10-02T17:34:48.163+02:00  INFO 14941 --- [facturacion360] [http-nio-81-exec-10] com.zaxxer.hikari.HikariDataSource       : HikariPool-1 - Starting...
2026-10-02T17:34:48.264+02:00  INFO 14941 --- [facturacion360] [http-nio-81-exec-10] com.zaxxer.hikari.pool.HikariPool        : HikariPool-1 - Added connection com.mysql.cj.jdbc.ConnectionImpl@430937ac
2026-10-02T17:34:48.265+02:00  INFO 14941 --- [facturacion360] [http-nio-81-exec-10] com.zaxxer.hikari.HikariDataSource       : HikariPool-1 - Start completed.
2026-10-02T17:34:48.284+02:00 DEBUG 14941 --- [facturacion360] [http-nio-81-exec-10] e.x.f.seguridad.UsuariosDetailsService   : Usuario cargado: admin (ADMIN)
2026-10-02T17:34:48.344+02:00 DEBUG 14941 --- [facturacion360] [http-nio-81-exec-10] o.s.jdbc.core.JdbcTemplate               : Executing prepared SQL query
2026-10-02T17:34:48.345+02:00 DEBUG 14941 --- [facturacion360] [http-nio-81-exec-10] o.s.jdbc.core.JdbcTemplate               : Executing prepared SQL statement [SELECT 	`idusuario`,
	`usuario`,
	`clave_hash`,
	`nombre`,
	`rol`,
	`activo`,
	`fecha_alta`,
	`ultimo_acceso`

FROM `bd_facturacion`.`usuarios`
WHERE `usuario` = ?
]
2026-10-02T17:34:48.346+02:00 DEBUG 14941 --- [facturacion360] [http-nio-81-exec-10] o.s.jdbc.core.JdbcTemplate               : Executing prepared SQL update
2026-10-02T17:34:48.346+02:00 DEBUG 14941 --- [facturacion360] [http-nio-81-exec-10] o.s.jdbc.core.JdbcTemplate               : Executing prepared SQL statement [UPDATE `bd_facturacion`.`usuarios`
SET `ultimo_acceso` = NOW()
WHERE `idusuario` = ?
]
2026-10-02T17:34:48.349+02:00  INFO 14941 --- [facturacion360] [http-nio-81-exec-10] e.x.f.controller.AuthController          : Inicio de sesión correcto: admin ([ROLE_ADMIN, FactorGrantedAuthority [authority=FACTOR_PASSWORD, issuedAt=2026-10-02T15:34:48.343312458Z]])
2026-10-02T17:34:48.412+02:00 DEBUG 14941 --- [facturacion360] [http-nio-81-exec-7] o.s.jdbc.core.JdbcTemplate               : Executing prepared SQL query
2026-10-02T17:34:48.412+02:00 DEBUG 14941 --- [facturacion360] [http-nio-81-exec-7] o.s.jdbc.core.JdbcTemplate               : Executing prepared SQL statement [SELECT 	`idusuario`,
	`usuario`,
	`clave_hash`,
	`nombre`,
	`rol`,
	`activo`,
	`fecha_alta`,
	`ultimo_acceso`

FROM `bd_facturacion`.`usuarios`
WHERE `usuario` = ?
]
2026-10-02T17:34:51.745+02:00 DEBUG 14941 --- [facturacion360] [http-nio-81-exec-7] o.s.jdbc.core.JdbcTemplate               : Executing prepared SQL query
2026-10-02T17:34:51.745+02:00 DEBUG 14941 --- [facturacion360] [http-nio-81-exec-8] o.s.jdbc.core.JdbcTemplate               : Executing prepared SQL query
2026-10-02T17:34:51.745+02:00 DEBUG 14941 --- [facturacion360] [http-nio-81-exec-7] o.s.jdbc.core.JdbcTemplate               : Executing prepared SQL statement [SELECT 	`idusuario`,
	`usuario`,
	`clave_hash`,
	`nombre`,
	`rol`,
	`activo`,
	`fecha_alta`,
	`ultimo_acceso`

FROM `bd_facturacion`.`usuarios`
WHERE `usuario` = ?
]
2026-10-02T17:34:51.746+02:00 DEBUG 14941 --- [facturacion360] [http-nio-81-exec-8] o.s.jdbc.core.JdbcTemplate               : Executing prepared SQL statement [SELECT 	`idusuario`,
	`usuario`,
	`clave_hash`,
	`nombre`,
	`rol`,
	`activo`,
	`fecha_alta`,
	`ultimo_acceso`

FROM `bd_facturacion`.`usuarios`
WHERE `usuario` = ?
]
2026-10-02T17:34:51.750+02:00  INFO 14941 --- [facturacion360] [http-nio-81-exec-10] e.x.f.controller.UsuarioAdminController  : Listado de cuentas del panel
2026-10-02T17:34:51.751+02:00 DEBUG 14941 --- [facturacion360] [http-nio-81-exec-10] o.s.jdbc.core.JdbcTemplate               : Executing SQL query [SELECT 	`idusuario`,
	`usuario`,
	`clave_hash`,
	`nombre`,
	`rol`,
	`activo`,
	`fecha_alta`,
	`ultimo_acceso`

FROM `bd_facturacion`.`usuarios`
ORDER BY `idusuario` ASC
]
2026-10-02T17:34:51.754+02:00 DEBUG 14941 --- [facturacion360] [http-nio-81-exec-10] e.x.f.service.UsuarioServiceImpl         : Listado de usuarios del panel: 9 cuentas
2026-10-02T17:35:25.255+02:00 DEBUG 14941 --- [facturacion360] [http-nio-81-exec-1] o.s.jdbc.core.JdbcTemplate               : Executing prepared SQL query
2026-10-02T17:35:25.256+02:00 DEBUG 14941 --- [facturacion360] [http-nio-81-exec-1] o.s.jdbc.core.JdbcTemplate               : Executing prepared SQL statement [SELECT 	`idusuario`,
	`usuario`,
	`clave_hash`,
	`nombre`,
	`rol`,
	`activo`,
	`fecha_alta`,
	`ultimo_acceso`

FROM `bd_facturacion`.`usuarios`
WHERE `idusuario` = ?
]
2026-10-02T17:35:25.258+02:00 DEBUG 14941 --- [facturacion360] [http-nio-81-exec-1] o.s.jdbc.core.JdbcTemplate               : Executing prepared SQL update
2026-10-02T17:35:25.258+02:00 DEBUG 14941 --- [facturacion360] [http-nio-81-exec-1] o.s.jdbc.core.JdbcTemplate               : Executing prepared SQL statement [UPDATE `bd_facturacion`.`usuarios`
SET `nombre` = ?, `rol` = ?, `activo` = ?
WHERE `idusuario` = ?
]
2026-10-02T17:35:25.264+02:00  INFO 14941 --- [facturacion360] [http-nio-81-exec-1] e.x.f.service.UsuarioServiceImpl         : Cuenta modificada: actual-equivocada (rol ADMIN, activo true)
2026-10-02T17:35:25.265+02:00 DEBUG 14941 --- [facturacion360] [http-nio-81-exec-1] o.s.jdbc.core.JdbcTemplate               : Executing prepared SQL query
2026-10-02T17:35:25.265+02:00 DEBUG 14941 --- [facturacion360] [http-nio-81-exec-1] o.s.jdbc.core.JdbcTemplate               : Executing prepared SQL statement [SELECT 	`idusuario`,
	`usuario`,
	`clave_hash`,
	`nombre`,
	`rol`,
	`activo`,
	`fecha_alta`,
	`ultimo_acceso`

FROM `bd_facturacion`.`usuarios`
WHERE `idusuario` = ?
]
2026-10-02T17:35:25.266+02:00  INFO 14941 --- [facturacion360] [http-nio-81-exec-1] e.x.f.controller.UsuarioAdminController  : Cuenta editada desde el panel: actual-equivocada
2026-10-02T17:35:25.270+02:00  INFO 14941 --- [facturacion360] [http-nio-81-exec-4] e.x.f.controller.UsuarioAdminController  : Listado de cuentas del panel
2026-10-02T17:35:25.270+02:00 DEBUG 14941 --- [facturacion360] [http-nio-81-exec-4] o.s.jdbc.core.JdbcTemplate               : Executing SQL query [SELECT 	`idusuario`,
	`usuario`,
	`clave_hash`,
	`nombre`,
	`rol`,
	`activo`,
	`fecha_alta`,
	`ultimo_acceso`

FROM `bd_facturacion`.`usuarios`
ORDER BY `idusuario` ASC
]
2026-10-02T17:35:25.273+02:00 DEBUG 14941 --- [facturacion360] [http-nio-81-exec-4] e.x.f.service.UsuarioServiceImpl         : Listado de usuarios del panel: 9 cuentas
2026-10-02T17:35:34.525+02:00 DEBUG 14941 --- [facturacion360] [http-nio-81-exec-2] o.s.jdbc.core.JdbcTemplate               : Executing prepared SQL query
2026-10-02T17:35:34.525+02:00 DEBUG 14941 --- [facturacion360] [http-nio-81-exec-2] o.s.jdbc.core.JdbcTemplate               : Executing prepared SQL statement [SELECT 	`idusuario`,
	`usuario`,
	`clave_hash`,
	`nombre`,
	`rol`,
	`activo`,
	`fecha_alta`,
	`ultimo_acceso`

FROM `bd_facturacion`.`usuarios`
WHERE `idusuario` = ?
]
2026-10-02T17:35:34.526+02:00 DEBUG 14941 --- [facturacion360] [http-nio-81-exec-2] o.s.jdbc.core.JdbcTemplate               : Executing prepared SQL update
2026-10-02T17:35:34.527+02:00 DEBUG 14941 --- [facturacion360] [http-nio-81-exec-2] o.s.jdbc.core.JdbcTemplate               : Executing prepared SQL statement [UPDATE `bd_facturacion`.`usuarios`
SET `nombre` = ?, `rol` = ?, `activo` = ?
WHERE `idusuario` = ?
]
2026-10-02T17:35:34.529+02:00  INFO 14941 --- [facturacion360] [http-nio-81-exec-2] e.x.f.service.UsuarioServiceImpl         : Cuenta modificada: recien-creado (rol ADMIN, activo true)
2026-10-02T17:35:34.529+02:00 DEBUG 14941 --- [facturacion360] [http-nio-81-exec-2] o.s.jdbc.core.JdbcTemplate               : Executing prepared SQL query
2026-10-02T17:35:34.529+02:00 DEBUG 14941 --- [facturacion360] [http-nio-81-exec-2] o.s.jdbc.core.JdbcTemplate               : Executing prepared SQL statement [SELECT 	`idusuario`,
	`usuario`,
	`clave_hash`,
	`nombre`,
	`rol`,
	`activo`,
	`fecha_alta`,
	`ultimo_acceso`

FROM `bd_facturacion`.`usuarios`
WHERE `idusuario` = ?
]
2026-10-02T17:35:34.530+02:00  INFO 14941 --- [facturacion360] [http-nio-81-exec-2] e.x.f.controller.UsuarioAdminController  : Cuenta editada desde el panel: recien-creado
2026-10-02T17:35:34.534+02:00  INFO 14941 --- [facturacion360] [http-nio-81-exec-5] e.x.f.controller.UsuarioAdminController  : Listado de cuentas del panel
2026-10-02T17:35:34.534+02:00 DEBUG 14941 --- [facturacion360] [http-nio-81-exec-5] o.s.jdbc.core.JdbcTemplate               : Executing SQL query [SELECT 	`idusuario`,
	`usuario`,
	`clave_hash`,
	`nombre`,
	`rol`,
	`activo`,
	`fecha_alta`,
	`ultimo_acceso`

FROM `bd_facturacion`.`usuarios`
ORDER BY `idusuario` ASC
]
2026-10-02T17:35:34.536+02:00 DEBUG 14941 --- [facturacion360] [http-nio-81-exec-5] e.x.f.service.UsuarioServiceImpl         : Listado de usuarios del panel: 9 cuentas
2026-10-02T17:35:56.699+02:00 DEBUG 14941 --- [facturacion360] [http-nio-81-exec-6] o.s.jdbc.core.JdbcTemplate               : Executing prepared SQL query
2026-10-02T17:35:56.700+02:00 DEBUG 14941 --- [facturacion360] [http-nio-81-exec-6] o.s.jdbc.core.JdbcTemplate               : Executing prepared SQL statement [SELECT 	`idusuario`,
	`usuario`,
	`clave_hash`,
	`nombre`,
	`rol`,
	`activo`,
	`fecha_alta`,
	`ultimo_acceso`

FROM `bd_facturacion`.`usuarios`
WHERE `idusuario` = ?
]
2026-10-02T17:35:56.763+02:00 DEBUG 14941 --- [facturacion360] [http-nio-81-exec-6] o.s.jdbc.core.JdbcTemplate               : Executing prepared SQL update
2026-10-02T17:35:56.764+02:00 DEBUG 14941 --- [facturacion360] [http-nio-81-exec-6] o.s.jdbc.core.JdbcTemplate               : Executing prepared SQL statement [UPDATE `bd_facturacion`.`usuarios`
SET `clave_hash` = ?
WHERE `idusuario` = ?
]
2026-10-02T17:35:56.767+02:00  INFO 14941 --- [facturacion360] [http-nio-81-exec-6] e.x.f.service.UsuarioServiceImpl         : Contraseña cambiada por un administrador: panel -> recien-creado
2026-10-02T17:35:56.767+02:00  INFO 14941 --- [facturacion360] [http-nio-81-exec-6] e.x.f.controller.UsuarioAdminController  : Contraseña puesta desde el panel a la cuenta recien-creado
2026-10-02T17:35:56.771+02:00  INFO 14941 --- [facturacion360] [http-nio-81-exec-8] e.x.f.controller.UsuarioAdminController  : Listado de cuentas del panel
2026-10-02T17:35:56.772+02:00 DEBUG 14941 --- [facturacion360] [http-nio-81-exec-8] o.s.jdbc.core.JdbcTemplate               : Executing SQL query [SELECT 	`idusuario`,
	`usuario`,
	`clave_hash`,
	`nombre`,
	`rol`,
	`activo`,
	`fecha_alta`,
	`ultimo_acceso`

FROM `bd_facturacion`.`usuarios`
ORDER BY `idusuario` ASC
]
2026-10-02T17:35:56.773+02:00 DEBUG 14941 --- [facturacion360] [http-nio-81-exec-8] e.x.f.service.UsuarioServiceImpl         : Listado de usuarios del panel: 9 cuentas
2026-10-02T17:36:49.758+02:00  INFO 14941 --- [facturacion360] [http-nio-81-exec-6] e.x.f.s.PuntoEntradaNoAutenticada        : Petición sin sesión a /auth/yo: se responde 401
2026-10-02T17:37:01.249+02:00 DEBUG 14941 --- [facturacion360] [http-nio-81-exec-10] o.s.jdbc.core.JdbcTemplate               : Executing prepared SQL query
2026-10-02T17:37:01.249+02:00 DEBUG 14941 --- [facturacion360] [http-nio-81-exec-10] o.s.jdbc.core.JdbcTemplate               : Executing prepared SQL statement [SELECT 	`idusuario`,
	`usuario`,
	`clave_hash`,
	`nombre`,
	`rol`,
	`activo`,
	`fecha_alta`,
	`ultimo_acceso`

FROM `bd_facturacion`.`usuarios`
WHERE `usuario` = ?
]
2026-10-02T17:37:01.250+02:00 DEBUG 14941 --- [facturacion360] [http-nio-81-exec-10] e.x.f.seguridad.UsuariosDetailsService   : Usuario cargado: recien-creado (ADMIN)
2026-10-02T17:37:01.309+02:00 DEBUG 14941 --- [facturacion360] [http-nio-81-exec-10] o.s.jdbc.core.JdbcTemplate               : Executing prepared SQL query
2026-10-02T17:37:01.309+02:00 DEBUG 14941 --- [facturacion360] [http-nio-81-exec-10] o.s.jdbc.core.JdbcTemplate               : Executing prepared SQL statement [SELECT 	`idusuario`,
	`usuario`,
	`clave_hash`,
	`nombre`,
	`rol`,
	`activo`,
	`fecha_alta`,
	`ultimo_acceso`

FROM `bd_facturacion`.`usuarios`
WHERE `usuario` = ?
]
2026-10-02T17:37:01.310+02:00 DEBUG 14941 --- [facturacion360] [http-nio-81-exec-10] o.s.jdbc.core.JdbcTemplate               : Executing prepared SQL update
2026-10-02T17:37:01.310+02:00 DEBUG 14941 --- [facturacion360] [http-nio-81-exec-10] o.s.jdbc.core.JdbcTemplate               : Executing prepared SQL statement [UPDATE `bd_facturacion`.`usuarios`
SET `ultimo_acceso` = NOW()
WHERE `idusuario` = ?
]
2026-10-02T17:37:01.312+02:00  INFO 14941 --- [facturacion360] [http-nio-81-exec-10] e.x.f.controller.AuthController          : Inicio de sesión correcto: recien-creado ([ROLE_ADMIN, FactorGrantedAuthority [authority=FACTOR_PASSWORD, issuedAt=2026-10-02T15:37:01.309272099Z]])
2026-10-02T17:37:01.359+02:00 DEBUG 14941 --- [facturacion360] [http-nio-81-exec-6] o.s.jdbc.core.JdbcTemplate               : Executing prepared SQL query
2026-10-02T17:37:01.360+02:00 DEBUG 14941 --- [facturacion360] [http-nio-81-exec-6] o.s.jdbc.core.JdbcTemplate               : Executing prepared SQL statement [SELECT 	`idusuario`,
	`usuario`,
	`clave_hash`,
	`nombre`,
	`rol`,
	`activo`,
	`fecha_alta`,
	`ultimo_acceso`

FROM `bd_facturacion`.`usuarios`
WHERE `usuario` = ?
]
2026-10-02T17:37:04.530+02:00 DEBUG 14941 --- [facturacion360] [http-nio-81-exec-6] o.s.jdbc.core.JdbcTemplate               : Executing prepared SQL query
2026-10-02T17:37:04.530+02:00 DEBUG 14941 --- [facturacion360] [http-nio-81-exec-6] o.s.jdbc.core.JdbcTemplate               : Executing prepared SQL statement [SELECT 	`idusuario`,
	`usuario`,
	`clave_hash`,
	`nombre`,
	`rol`,
	`activo`,
	`fecha_alta`,
	`ultimo_acceso`

FROM `bd_facturacion`.`usuarios`
WHERE `usuario` = ?
]
2026-10-02T17:37:04.531+02:00 DEBUG 14941 --- [facturacion360] [http-nio-81-exec-8] o.s.jdbc.core.JdbcTemplate               : Executing prepared SQL query
2026-10-02T17:37:04.531+02:00 DEBUG 14941 --- [facturacion360] [http-nio-81-exec-8] o.s.jdbc.core.JdbcTemplate               : Executing prepared SQL statement [SELECT 	`idusuario`,
	`usuario`,
	`clave_hash`,
	`nombre`,
	`rol`,
	`activo`,
	`fecha_alta`,
	`ultimo_acceso`

FROM `bd_facturacion`.`usuarios`
WHERE `usuario` = ?
]
2026-10-02T17:37:04.545+02:00  INFO 14941 --- [facturacion360] [http-nio-81-exec-1] e.x.f.controller.UsuarioAdminController  : Listado de cuentas del panel
2026-10-02T17:37:04.545+02:00 DEBUG 14941 --- [facturacion360] [http-nio-81-exec-1] o.s.jdbc.core.JdbcTemplate               : Executing SQL query [SELECT 	`idusuario`,
	`usuario`,
	`clave_hash`,
	`nombre`,
	`rol`,
	`activo`,
	`fecha_alta`,
	`ultimo_acceso`

FROM `bd_facturacion`.`usuarios`
ORDER BY `idusuario` ASC
]
2026-10-02T17:37:04.546+02:00 DEBUG 14941 --- [facturacion360] [http-nio-81-exec-1] e.x.f.service.UsuarioServiceImpl         : Listado de usuarios del panel: 9 cuentas
2026-10-02T17:37:52.070+02:00  INFO 14941 --- [facturacion360] [http-nio-81-exec-8] e.x.f.s.PuntoEntradaNoAutenticada        : Petición sin sesión a /auth/yo: se responde 401
2026-10-02T17:38:17.630+02:00  INFO 14941 --- [facturacion360] [File Watcher] rtingClassPathChangeChangedEventListener : Restarting due to 1 class path change (0 additions, 0 deletions, 1 modification)
2026-10-02T17:38:17.633+02:00  INFO 14941 --- [facturacion360] [Thread-1] o.s.boot.tomcat.GracefulShutdown         : Commencing graceful shutdown. Waiting for active requests to complete
2026-10-02T17:38:17.635+02:00  INFO 14941 --- [facturacion360] [tomcat-shutdown] o.s.boot.tomcat.GracefulShutdown         : Graceful shutdown complete
2026-10-02T17:38:17.638+02:00  INFO 14941 --- [facturacion360] [Thread-1] com.zaxxer.hikari.HikariDataSource       : HikariPool-1 - Shutdown initiated...
2026-10-02T17:38:17.641+02:00  INFO 14941 --- [facturacion360] [Thread-1] com.zaxxer.hikari.HikariDataSource       : HikariPool-1 - Shutdown completed.
2026-10-02T17:38:17.711+02:00  INFO 14941 --- [facturacion360] [restartedMain] e.x.f.Facturacion360Application          : Starting Facturacion360Application using Java 21.0.12 with PID 14941 (/root/git/facturacion360-Proyecto-de-facturacion/facturacion360/target/classes started by root in /root/git/facturacion360-Proyecto-de-facturacion/facturacion360)
2026-10-02T17:38:17.711+02:00 DEBUG 14941 --- [facturacion360] [restartedMain] e.x.f.Facturacion360Application          : Running with Spring Boot v4.1.0, Spring v7.0.8
2026-10-02T17:38:17.711+02:00  INFO 14941 --- [facturacion360] [restartedMain] e.x.f.Facturacion360Application          : No active profile set, falling back to 1 default profile: "default"
2026-10-02T17:38:17.876+02:00  INFO 14941 --- [facturacion360] [restartedMain] o.s.boot.tomcat.TomcatWebServer          : Tomcat initialized with port 81 (http)
2026-10-02T17:38:17.877+02:00  INFO 14941 --- [facturacion360] [restartedMain] o.apache.catalina.core.StandardService   : Starting service [Tomcat]
2026-10-02T17:38:17.877+02:00  INFO 14941 --- [facturacion360] [restartedMain] o.apache.catalina.core.StandardEngine    : Starting Servlet engine: [Apache Tomcat/11.0.22]
2026-10-02T17:38:17.882+02:00  INFO 14941 --- [facturacion360] [restartedMain] b.w.c.s.WebApplicationContextInitializer : Root WebApplicationContext: initialization completed in 169 ms
2026-10-02T17:38:17.922+02:00  INFO 14941 --- [facturacion360] [restartedMain] r$InitializeUserDetailsManagerConfigurer : Global AuthenticationManager configured with UserDetailsService bean with name usuariosDetailsService
2026-10-02T17:38:18.001+02:00  INFO 14941 --- [facturacion360] [restartedMain] o.s.b.w.a.WelcomePageHandlerMapping      : Adding welcome page: class path resource [static/index.html]
2026-10-02T17:38:18.062+02:00  INFO 14941 --- [facturacion360] [restartedMain] o.s.boot.tomcat.TomcatWebServer          : Tomcat started on port 81 (http) with context path '/'
2026-10-02T17:38:18.063+02:00  INFO 14941 --- [facturacion360] [restartedMain] e.x.f.Facturacion360Application          : Started Facturacion360Application in 0.377 seconds (process running for 238.162)
2026-10-02T17:38:18.064+02:00  WARN 14941 --- [facturacion360] [restartedMain] o.s.core.events.SpringDocAppInitializer  : SpringDoc /v3/api-docs endpoint is enabled by default. To disable it in production, set the property 'springdoc.api-docs.enabled=false'
2026-10-02T17:38:18.064+02:00  WARN 14941 --- [facturacion360] [restartedMain] o.s.core.events.SpringDocAppInitializer  : SpringDoc /swagger-ui.html endpoint is enabled by default. To disable it in production, set the property 'springdoc.swagger-ui.enabled=false'
2026-10-02T17:38:18.065+02:00  INFO 14941 --- [facturacion360] [restartedMain] .ConditionEvaluationDeltaLoggingListener : Condition evaluation unchanged
2026-10-02T17:39:25.639+02:00  INFO 14941 --- [facturacion360] [File Watcher] rtingClassPathChangeChangedEventListener : Restarting due to 1 class path change (0 additions, 0 deletions, 1 modification)
2026-10-02T17:39:25.640+02:00  INFO 14941 --- [facturacion360] [Thread-5] o.s.boot.tomcat.GracefulShutdown         : Commencing graceful shutdown. Waiting for active requests to complete
2026-10-02T17:39:25.641+02:00  INFO 14941 --- [facturacion360] [tomcat-shutdown] o.s.boot.tomcat.GracefulShutdown         : Graceful shutdown complete
2026-10-02T17:39:25.701+02:00  INFO 14941 --- [facturacion360] [restartedMain] e.x.f.Facturacion360Application          : Starting Facturacion360Application using Java 21.0.12 with PID 14941 (/root/git/facturacion360-Proyecto-de-facturacion/facturacion360/target/classes started by root in /root/git/facturacion360-Proyecto-de-facturacion/facturacion360)
2026-10-02T17:39:25.701+02:00 DEBUG 14941 --- [facturacion360] [restartedMain] e.x.f.Facturacion360Application          : Running with Spring Boot v4.1.0, Spring v7.0.8
2026-10-02T17:39:25.701+02:00  INFO 14941 --- [facturacion360] [restartedMain] e.x.f.Facturacion360Application          : No active profile set, falling back to 1 default profile: "default"
2026-10-02T17:39:25.838+02:00  INFO 14941 --- [facturacion360] [restartedMain] o.s.boot.tomcat.TomcatWebServer          : Tomcat initialized with port 81 (http)
2026-10-02T17:39:25.839+02:00  INFO 14941 --- [facturacion360] [restartedMain] o.apache.catalina.core.StandardService   : Starting service [Tomcat]
2026-10-02T17:39:25.839+02:00  INFO 14941 --- [facturacion360] [restartedMain] o.apache.catalina.core.StandardEngine    : Starting Servlet engine: [Apache Tomcat/11.0.22]
2026-10-02T17:39:25.843+02:00  INFO 14941 --- [facturacion360] [restartedMain] b.w.c.s.WebApplicationContextInitializer : Root WebApplicationContext: initialization completed in 141 ms
2026-10-02T17:39:25.874+02:00  INFO 14941 --- [facturacion360] [restartedMain] r$InitializeUserDetailsManagerConfigurer : Global AuthenticationManager configured with UserDetailsService bean with name usuariosDetailsService
2026-10-02T17:39:25.953+02:00  INFO 14941 --- [facturacion360] [restartedMain] o.s.b.w.a.WelcomePageHandlerMapping      : Adding welcome page: class path resource [static/index.html]
2026-10-02T17:39:26.003+02:00  INFO 14941 --- [facturacion360] [restartedMain] o.s.boot.tomcat.TomcatWebServer          : Tomcat started on port 81 (http) with context path '/'
2026-10-02T17:39:26.005+02:00  INFO 14941 --- [facturacion360] [restartedMain] e.x.f.Facturacion360Application          : Started Facturacion360Application in 0.322 seconds (process running for 306.103)
2026-10-02T17:39:26.005+02:00  WARN 14941 --- [facturacion360] [restartedMain] o.s.core.events.SpringDocAppInitializer  : SpringDoc /v3/api-docs endpoint is enabled by default. To disable it in production, set the property 'springdoc.api-docs.enabled=false'
2026-10-02T17:39:26.005+02:00  WARN 14941 --- [facturacion360] [restartedMain] o.s.core.events.SpringDocAppInitializer  : SpringDoc /swagger-ui.html endpoint is enabled by default. To disable it in production, set the property 'springdoc.swagger-ui.enabled=false'
2026-10-02T17:39:26.006+02:00  INFO 14941 --- [facturacion360] [restartedMain] .ConditionEvaluationDeltaLoggingListener : Condition evaluation unchanged
2026-10-02T17:39:52.994+02:00  INFO 14941 --- [facturacion360] [http-nio-81-exec-1] o.a.c.c.C.[Tomcat].[localhost].[/]       : Initializing Spring DispatcherServlet 'dispatcherServlet'
2026-10-02T17:39:52.994+02:00  INFO 14941 --- [facturacion360] [http-nio-81-exec-1] o.s.web.servlet.DispatcherServlet        : Initializing Servlet 'dispatcherServlet'
2026-10-02T17:39:52.995+02:00  INFO 14941 --- [facturacion360] [http-nio-81-exec-1] o.s.web.servlet.DispatcherServlet        : Completed initialization in 1 ms
2026-10-02T17:39:53.069+02:00 DEBUG 14941 --- [facturacion360] [http-nio-81-exec-2] o.s.jdbc.core.JdbcTemplate               : Executing prepared SQL query
2026-10-02T17:39:53.069+02:00 DEBUG 14941 --- [facturacion360] [http-nio-81-exec-2] o.s.jdbc.core.JdbcTemplate               : Executing prepared SQL statement [SELECT 	`idusuario`,
	`usuario`,
	`clave_hash`,
	`nombre`,
	`rol`,
	`activo`,
	`fecha_alta`,
	`ultimo_acceso`

FROM `bd_facturacion`.`usuarios`
WHERE `usuario` = ?
]
2026-10-02T17:39:53.070+02:00  INFO 14941 --- [facturacion360] [http-nio-81-exec-2] com.zaxxer.hikari.HikariDataSource       : HikariPool-2 - Starting...
2026-10-02T17:39:53.072+02:00  INFO 14941 --- [facturacion360] [http-nio-81-exec-2] com.zaxxer.hikari.pool.HikariPool        : HikariPool-2 - Added connection com.mysql.cj.jdbc.ConnectionImpl@1eb4a04f
2026-10-02T17:39:53.072+02:00  INFO 14941 --- [facturacion360] [http-nio-81-exec-2] com.zaxxer.hikari.HikariDataSource       : HikariPool-2 - Start completed.
2026-10-02T17:39:53.074+02:00 DEBUG 14941 --- [facturacion360] [http-nio-81-exec-2] e.x.f.seguridad.UsuariosDetailsService   : Usuario cargado: admin (ADMIN)
2026-10-02T17:39:53.134+02:00 DEBUG 14941 --- [facturacion360] [http-nio-81-exec-2] o.s.jdbc.core.JdbcTemplate               : Executing prepared SQL query
2026-10-02T17:39:53.134+02:00 DEBUG 14941 --- [facturacion360] [http-nio-81-exec-2] o.s.jdbc.core.JdbcTemplate               : Executing prepared SQL statement [SELECT 	`idusuario`,
	`usuario`,
	`clave_hash`,
	`nombre`,
	`rol`,
	`activo`,
	`fecha_alta`,
	`ultimo_acceso`

FROM `bd_facturacion`.`usuarios`
WHERE `usuario` = ?
]
2026-10-02T17:39:53.135+02:00 DEBUG 14941 --- [facturacion360] [http-nio-81-exec-2] o.s.jdbc.core.JdbcTemplate               : Executing prepared SQL update
2026-10-02T17:39:53.135+02:00 DEBUG 14941 --- [facturacion360] [http-nio-81-exec-2] o.s.jdbc.core.JdbcTemplate               : Executing prepared SQL statement [UPDATE `bd_facturacion`.`usuarios`
SET `ultimo_acceso` = NOW()
WHERE `idusuario` = ?
]
2026-10-02T17:39:53.138+02:00  INFO 14941 --- [facturacion360] [http-nio-81-exec-2] e.x.f.controller.AuthController          : Inicio de sesión correcto: admin ([ROLE_ADMIN, FactorGrantedAuthority [authority=FACTOR_PASSWORD, issuedAt=2026-10-02T15:39:53.133404124Z]])
2026-10-02T17:39:53.196+02:00 DEBUG 14941 --- [facturacion360] [http-nio-81-exec-10] o.s.jdbc.core.JdbcTemplate               : Executing prepared SQL query
2026-10-02T17:39:53.196+02:00 DEBUG 14941 --- [facturacion360] [http-nio-81-exec-10] o.s.jdbc.core.JdbcTemplate               : Executing prepared SQL statement [SELECT 	`idusuario`,
	`usuario`,
	`clave_hash`,
	`nombre`,
	`rol`,
	`activo`,
	`fecha_alta`,
	`ultimo_acceso`

FROM `bd_facturacion`.`usuarios`
WHERE `usuario` = ?
]
2026-10-02T17:39:56.271+02:00 DEBUG 14941 --- [facturacion360] [http-nio-81-exec-9] o.s.jdbc.core.JdbcTemplate               : Executing prepared SQL query
2026-10-02T17:39:56.271+02:00 DEBUG 14941 --- [facturacion360] [http-nio-81-exec-9] o.s.jdbc.core.JdbcTemplate               : Executing prepared SQL statement [SELECT 	`idusuario`,
	`usuario`,
	`clave_hash`,
	`nombre`,
	`rol`,
	`activo`,
	`fecha_alta`,
	`ultimo_acceso`

FROM `bd_facturacion`.`usuarios`
WHERE `usuario` = ?
]
2026-10-02T17:39:58.039+02:00 DEBUG 14941 --- [facturacion360] [http-nio-81-exec-10] o.s.jdbc.core.JdbcTemplate               : Executing prepared SQL query
2026-10-02T17:39:58.039+02:00 DEBUG 14941 --- [facturacion360] [http-nio-81-exec-9] o.s.jdbc.core.JdbcTemplate               : Executing prepared SQL query
2026-10-02T17:39:58.039+02:00 DEBUG 14941 --- [facturacion360] [http-nio-81-exec-10] o.s.jdbc.core.JdbcTemplate               : Executing prepared SQL statement [SELECT 	`idusuario`,
	`usuario`,
	`clave_hash`,
	`nombre`,
	`rol`,
	`activo`,
	`fecha_alta`,
	`ultimo_acceso`

FROM `bd_facturacion`.`usuarios`
WHERE `usuario` = ?
]
2026-10-02T17:39:58.039+02:00 DEBUG 14941 --- [facturacion360] [http-nio-81-exec-9] o.s.jdbc.core.JdbcTemplate               : Executing prepared SQL statement [SELECT 	`idusuario`,
	`usuario`,
	`clave_hash`,
	`nombre`,
	`rol`,
	`activo`,
	`fecha_alta`,
	`ultimo_acceso`

FROM `bd_facturacion`.`usuarios`
WHERE `usuario` = ?
]
2026-10-02T17:39:58.042+02:00  INFO 14941 --- [facturacion360] [http-nio-81-exec-2] e.x.f.controller.UsuarioAdminController  : Listado de cuentas del panel
2026-10-02T17:39:58.043+02:00 DEBUG 14941 --- [facturacion360] [http-nio-81-exec-2] o.s.jdbc.core.JdbcTemplate               : Executing SQL query [SELECT 	`idusuario`,
	`usuario`,
	`clave_hash`,
	`nombre`,
	`rol`,
	`activo`,
	`fecha_alta`,
	`ultimo_acceso`

FROM `bd_facturacion`.`usuarios`
ORDER BY `idusuario` ASC
]
2026-10-02T17:39:58.043+02:00 DEBUG 14941 --- [facturacion360] [http-nio-81-exec-2] e.x.f.service.UsuarioServiceImpl         : Listado de usuarios del panel: 9 cuentas
2026-10-02T17:40:24.038+02:00 DEBUG 14941 --- [facturacion360] [http-nio-81-exec-3] o.s.jdbc.core.JdbcTemplate               : Executing prepared SQL query
2026-10-02T17:40:24.038+02:00 DEBUG 14941 --- [facturacion360] [http-nio-81-exec-3] o.s.jdbc.core.JdbcTemplate               : Executing prepared SQL statement [SELECT 	`idusuario`,
	`usuario`,
	`clave_hash`,
	`nombre`,
	`rol`,
	`activo`,
	`fecha_alta`,
	`ultimo_acceso`

FROM `bd_facturacion`.`usuarios`
WHERE `idusuario` = ?
]
2026-10-02T17:40:24.040+02:00 DEBUG 14941 --- [facturacion360] [http-nio-81-exec-3] o.s.jdbc.core.JdbcTemplate               : Executing prepared SQL update
2026-10-02T17:40:24.040+02:00 DEBUG 14941 --- [facturacion360] [http-nio-81-exec-3] o.s.jdbc.core.JdbcTemplate               : Executing prepared SQL statement [UPDATE `bd_facturacion`.`usuarios`
SET `nombre` = ?, `rol` = ?, `activo` = ?
WHERE `idusuario` = ?
]
2026-10-02T17:40:24.043+02:00  INFO 14941 --- [facturacion360] [http-nio-81-exec-3] e.x.f.service.UsuarioServiceImpl         : Cuenta modificada: cambio-de-clave (rol USUARIO, activo false)
2026-10-02T17:40:24.043+02:00 DEBUG 14941 --- [facturacion360] [http-nio-81-exec-3] o.s.jdbc.core.JdbcTemplate               : Executing prepared SQL query
2026-10-02T17:40:24.043+02:00 DEBUG 14941 --- [facturacion360] [http-nio-81-exec-3] o.s.jdbc.core.JdbcTemplate               : Executing prepared SQL statement [SELECT 	`idusuario`,
	`usuario`,
	`clave_hash`,
	`nombre`,
	`rol`,
	`activo`,
	`fecha_alta`,
	`ultimo_acceso`

FROM `bd_facturacion`.`usuarios`
WHERE `idusuario` = ?
]
2026-10-02T17:40:24.044+02:00  INFO 14941 --- [facturacion360] [http-nio-81-exec-3] e.x.f.controller.UsuarioAdminController  : Cuenta editada desde el panel: cambio-de-clave
2026-10-02T17:40:24.049+02:00  INFO 14941 --- [facturacion360] [http-nio-81-exec-4] e.x.f.controller.UsuarioAdminController  : Listado de cuentas del panel
2026-10-02T17:40:24.049+02:00 DEBUG 14941 --- [facturacion360] [http-nio-81-exec-4] o.s.jdbc.core.JdbcTemplate               : Executing SQL query [SELECT 	`idusuario`,
	`usuario`,
	`clave_hash`,
	`nombre`,
	`rol`,
	`activo`,
	`fecha_alta`,
	`ultimo_acceso`

FROM `bd_facturacion`.`usuarios`
ORDER BY `idusuario` ASC
]
2026-10-02T17:40:24.050+02:00 DEBUG 14941 --- [facturacion360] [http-nio-81-exec-4] e.x.f.service.UsuarioServiceImpl         : Listado de usuarios del panel: 9 cuentas
2026-10-02T17:45:55.282+02:00  INFO 14941 --- [facturacion360] [File Watcher] rtingClassPathChangeChangedEventListener : Restarting due to 83 class path changes (2 additions, 0 deletions, 81 modifications)
2026-10-02T17:45:55.283+02:00  INFO 14941 --- [facturacion360] [Thread-9] o.s.boot.tomcat.GracefulShutdown         : Commencing graceful shutdown. Waiting for active requests to complete
2026-10-02T17:45:55.284+02:00  INFO 14941 --- [facturacion360] [tomcat-shutdown] o.s.boot.tomcat.GracefulShutdown         : Graceful shutdown complete
2026-10-02T17:45:55.286+02:00  INFO 14941 --- [facturacion360] [Thread-9] com.zaxxer.hikari.HikariDataSource       : HikariPool-2 - Shutdown initiated...
2026-10-02T17:45:55.286+02:00  INFO 14941 --- [facturacion360] [Thread-9] com.zaxxer.hikari.HikariDataSource       : HikariPool-2 - Shutdown completed.
2026-10-02T17:45:55.335+02:00  INFO 14941 --- [facturacion360] [restartedMain] e.x.f.Facturacion360Application          : Starting Facturacion360Application using Java 21.0.12 with PID 14941 (/root/git/facturacion360-Proyecto-de-facturacion/facturacion360/target/classes started by root in /root/git/facturacion360-Proyecto-de-facturacion/facturacion360)
2026-10-02T17:45:55.335+02:00 DEBUG 14941 --- [facturacion360] [restartedMain] e.x.f.Facturacion360Application          : Running with Spring Boot v4.1.0, Spring v7.0.8
2026-10-02T17:45:55.335+02:00  INFO 14941 --- [facturacion360] [restartedMain] e.x.f.Facturacion360Application          : No active profile set, falling back to 1 default profile: "default"
2026-10-02T17:45:55.458+02:00  INFO 14941 --- [facturacion360] [restartedMain] o.s.boot.tomcat.TomcatWebServer          : Tomcat initialized with port 81 (http)
2026-10-02T17:45:55.459+02:00  INFO 14941 --- [facturacion360] [restartedMain] o.apache.catalina.core.StandardService   : Starting service [Tomcat]
2026-10-02T17:45:55.459+02:00  INFO 14941 --- [facturacion360] [restartedMain] o.apache.catalina.core.StandardEngine    : Starting Servlet engine: [Apache Tomcat/11.0.22]
2026-10-02T17:45:55.463+02:00  INFO 14941 --- [facturacion360] [restartedMain] b.w.c.s.WebApplicationContextInitializer : Root WebApplicationContext: initialization completed in 127 ms
2026-10-02T17:45:55.510+02:00  INFO 14941 --- [facturacion360] [restartedMain] r$InitializeUserDetailsManagerConfigurer : Global AuthenticationManager configured with UserDetailsService bean with name usuariosDetailsService
2026-10-02T17:45:55.585+02:00  INFO 14941 --- [facturacion360] [restartedMain] o.s.b.w.a.WelcomePageHandlerMapping      : Adding welcome page: class path resource [static/index.html]
2026-10-02T17:45:55.642+02:00  INFO 14941 --- [facturacion360] [restartedMain] o.s.boot.tomcat.TomcatWebServer          : Tomcat started on port 81 (http) with context path '/'
2026-10-02T17:45:55.643+02:00  INFO 14941 --- [facturacion360] [restartedMain] e.x.f.Facturacion360Application          : Started Facturacion360Application in 0.327 seconds (process running for 695.742)
2026-10-02T17:45:55.644+02:00  WARN 14941 --- [facturacion360] [restartedMain] o.s.core.events.SpringDocAppInitializer  : SpringDoc /v3/api-docs endpoint is enabled by default. To disable it in production, set the property 'springdoc.api-docs.enabled=false'
2026-10-02T17:45:55.644+02:00  WARN 14941 --- [facturacion360] [restartedMain] o.s.core.events.SpringDocAppInitializer  : SpringDoc /swagger-ui.html endpoint is enabled by default. To disable it in production, set the property 'springdoc.swagger-ui.enabled=false'
2026-10-02T17:45:55.644+02:00  INFO 14941 --- [facturacion360] [restartedMain] .ConditionEvaluationDeltaLoggingListener : Condition evaluation unchanged
2026-10-02T17:52:31.388+02:00  INFO 14941 --- [facturacion360] [RMI TCP Connection(26)-127.0.0.1] inMXBeanRegistrar$SpringApplicationAdmin : Application shutdown requested.
2026-10-02T17:52:31.389+02:00  INFO 14941 --- [facturacion360] [RMI TCP Connection(26)-127.0.0.1] o.s.boot.tomcat.GracefulShutdown         : Commencing graceful shutdown. Waiting for active requests to complete
2026-10-02T17:52:31.390+02:00  INFO 14941 --- [facturacion360] [tomcat-shutdown] o.s.boot.tomcat.GracefulShutdown         : Graceful shutdown complete
2026-10-02T17:52:37.777+02:00  INFO 17134 --- [facturacion360] [restartedMain] e.x.f.Facturacion360Application          : Starting Facturacion360Application using Java 21.0.12 with PID 17134 (/root/git/facturacion360-Proyecto-de-facturacion/facturacion360/target/classes started by root in /root/git/facturacion360-Proyecto-de-facturacion/facturacion360)
2026-10-02T17:52:37.779+02:00 DEBUG 17134 --- [facturacion360] [restartedMain] e.x.f.Facturacion360Application          : Running with Spring Boot v4.1.0, Spring v7.0.8
2026-10-02T17:52:37.779+02:00  INFO 17134 --- [facturacion360] [restartedMain] e.x.f.Facturacion360Application          : No active profile set, falling back to 1 default profile: "default"
2026-10-02T17:52:37.801+02:00  INFO 17134 --- [facturacion360] [restartedMain] .e.DevToolsPropertyDefaultsPostProcessor : Devtools property defaults active! Set 'spring.devtools.add-properties' to 'false' to disable
2026-10-02T17:52:37.801+02:00  INFO 17134 --- [facturacion360] [restartedMain] .e.DevToolsPropertyDefaultsPostProcessor : For additional web related logging consider setting the 'logging.level.web' property to 'DEBUG'
2026-10-02T17:52:38.401+02:00  INFO 17134 --- [facturacion360] [restartedMain] o.s.boot.tomcat.TomcatWebServer          : Tomcat initialized with port 81 (http)
2026-10-02T17:52:38.409+02:00  INFO 17134 --- [facturacion360] [restartedMain] o.apache.catalina.core.StandardService   : Starting service [Tomcat]
2026-10-02T17:52:38.409+02:00  INFO 17134 --- [facturacion360] [restartedMain] o.apache.catalina.core.StandardEngine    : Starting Servlet engine: [Apache Tomcat/11.0.22]
2026-10-02T17:52:38.426+02:00  INFO 17134 --- [facturacion360] [restartedMain] b.w.c.s.WebApplicationContextInitializer : Root WebApplicationContext: initialization completed in 625 ms
2026-10-02T17:52:38.536+02:00  INFO 17134 --- [facturacion360] [restartedMain] r$InitializeUserDetailsManagerConfigurer : Global AuthenticationManager configured with UserDetailsService bean with name usuariosDetailsService
2026-10-02T17:52:38.726+02:00  INFO 17134 --- [facturacion360] [restartedMain] o.s.b.w.a.WelcomePageHandlerMapping      : Adding welcome page: class path resource [static/index.html]
2026-10-02T17:52:38.902+02:00  INFO 17134 --- [facturacion360] [restartedMain] o.s.boot.tomcat.TomcatWebServer          : Tomcat started on port 81 (http) with context path '/'
2026-10-02T17:52:38.907+02:00  INFO 17134 --- [facturacion360] [restartedMain] e.x.f.Facturacion360Application          : Started Facturacion360Application in 1.388 seconds (process running for 1.595)
2026-10-02T17:52:38.909+02:00  WARN 17134 --- [facturacion360] [restartedMain] o.s.core.events.SpringDocAppInitializer  : SpringDoc /v3/api-docs endpoint is enabled by default. To disable it in production, set the property 'springdoc.api-docs.enabled=false'
2026-10-02T17:52:38.909+02:00  WARN 17134 --- [facturacion360] [restartedMain] o.s.core.events.SpringDocAppInitializer  : SpringDoc /swagger-ui.html endpoint is enabled by default. To disable it in production, set the property 'springdoc.swagger-ui.enabled=false'
2026-10-02T17:52:49.653+02:00  INFO 17134 --- [facturacion360] [http-nio-81-exec-1] o.a.c.c.C.[Tomcat].[localhost].[/]       : Initializing Spring DispatcherServlet 'dispatcherServlet'
2026-10-02T17:52:49.653+02:00  INFO 17134 --- [facturacion360] [http-nio-81-exec-1] o.s.web.servlet.DispatcherServlet        : Initializing Servlet 'dispatcherServlet'
2026-10-02T17:52:49.654+02:00  INFO 17134 --- [facturacion360] [http-nio-81-exec-1] o.s.web.servlet.DispatcherServlet        : Completed initialization in 0 ms
2026-10-02T17:52:49.769+02:00 DEBUG 17134 --- [facturacion360] [http-nio-81-exec-1] o.s.jdbc.core.JdbcTemplate               : Executing prepared SQL query
2026-10-02T17:52:49.769+02:00 DEBUG 17134 --- [facturacion360] [http-nio-81-exec-10] o.s.jdbc.core.JdbcTemplate               : Executing prepared SQL query
2026-10-02T17:52:49.770+02:00 DEBUG 17134 --- [facturacion360] [http-nio-81-exec-10] o.s.jdbc.core.JdbcTemplate               : Executing prepared SQL statement [SELECT 	`idusuario`,
	`usuario`,
	`clave_hash`,
	`nombre`,
	`rol`,
	`activo`,
	`fecha_alta`,
	`ultimo_acceso`

FROM `bd_facturacion`.`usuarios`
WHERE `usuario` = ?
]
2026-10-02T17:52:49.770+02:00 DEBUG 17134 --- [facturacion360] [http-nio-81-exec-1] o.s.jdbc.core.JdbcTemplate               : Executing prepared SQL statement [SELECT 	`idusuario`,
	`usuario`,
	`clave_hash`,
	`nombre`,
	`rol`,
	`activo`,
	`fecha_alta`,
	`ultimo_acceso`

FROM `bd_facturacion`.`usuarios`
WHERE `usuario` = ?
]
2026-10-02T17:52:49.771+02:00  INFO 17134 --- [facturacion360] [http-nio-81-exec-10] com.zaxxer.hikari.HikariDataSource       : HikariPool-1 - Starting...
2026-10-02T17:52:49.845+02:00  INFO 17134 --- [facturacion360] [http-nio-81-exec-10] com.zaxxer.hikari.pool.HikariPool        : HikariPool-1 - Added connection com.mysql.cj.jdbc.ConnectionImpl@68d3e118
2026-10-02T17:52:49.846+02:00  INFO 17134 --- [facturacion360] [http-nio-81-exec-10] com.zaxxer.hikari.HikariDataSource       : HikariPool-1 - Start completed.
2026-10-02T17:52:49.917+02:00  INFO 17134 --- [facturacion360] [http-nio-81-exec-3] e.x.f.controller.UsuarioAdminController  : Listado de cuentas del panel
2026-10-02T17:52:49.918+02:00 DEBUG 17134 --- [facturacion360] [http-nio-81-exec-3] o.s.jdbc.core.JdbcTemplate               : Executing SQL query [SELECT 	`idusuario`,
	`usuario`,
	`clave_hash`,
	`nombre`,
	`rol`,
	`activo`,
	`fecha_alta`,
	`ultimo_acceso`

FROM `bd_facturacion`.`usuarios`
ORDER BY `idusuario` ASC
]
2026-10-02T17:52:49.922+02:00 DEBUG 17134 --- [facturacion360] [http-nio-81-exec-3] e.x.f.service.UsuarioServiceImpl         : Listado de usuarios del panel: 9 cuentas
2026-10-02T17:53:02.940+02:00 DEBUG 17134 --- [facturacion360] [http-nio-81-exec-2] o.s.jdbc.core.JdbcTemplate               : Executing prepared SQL query
2026-10-02T17:53:02.940+02:00 DEBUG 17134 --- [facturacion360] [http-nio-81-exec-2] o.s.jdbc.core.JdbcTemplate               : Executing prepared SQL statement [SELECT 	`idusuario`,
	`usuario`,
	`clave_hash`,
	`nombre`,
	`rol`,
	`activo`,
	`fecha_alta`,
	`ultimo_acceso`

FROM `bd_facturacion`.`usuarios`
WHERE `usuario` = ?
]
2026-10-02T17:53:03.895+02:00  WARN 17134 --- [facturacion360] [http-nio-81-exec-7] .m.m.a.ExceptionHandlerExceptionResolver : Resolved [org.springframework.web.servlet.resource.NoResourceFoundException: No static resource img/KittyLoading.gif for request '/img/KittyLoading.gif'.]
2026-10-02T17:53:04.048+02:00 DEBUG 17134 --- [facturacion360] [http-nio-81-exec-8] o.s.jdbc.core.JdbcTemplate               : Executing prepared SQL query
2026-10-02T17:53:04.048+02:00 DEBUG 17134 --- [facturacion360] [http-nio-81-exec-8] o.s.jdbc.core.JdbcTemplate               : Executing prepared SQL statement [SELECT logo
FROM `bd_facturacion`.`emisor`
WHERE idemisor = ?
]
2026-10-02T17:53:04.055+02:00 DEBUG 17134 --- [facturacion360] [http-nio-81-exec-6] o.s.jdbc.core.JdbcTemplate               : Executing prepared SQL query
2026-10-02T17:53:04.056+02:00 DEBUG 17134 --- [facturacion360] [http-nio-81-exec-6] o.s.jdbc.core.JdbcTemplate               : Executing prepared SQL statement [SELECT
    `nombre`,
    `nif_cif`,
    `direccion`,
    `email`,
    `telefono`
FROM `bd_facturacion`.`emisor`
WHERE `idemisor` = ?
]
2026-10-02T17:53:04.056+02:00 DEBUG 17134 --- [facturacion360] [http-nio-81-exec-4] o.s.jdbc.core.JdbcTemplate               : Executing prepared SQL query
2026-10-02T17:53:04.056+02:00 DEBUG 17134 --- [facturacion360] [http-nio-81-exec-4] o.s.jdbc.core.JdbcTemplate               : Executing prepared SQL statement [SELECT 	`idusuario`,
	`usuario`,
	`clave_hash`,
	`nombre`,
	`rol`,
	`activo`,
	`fecha_alta`,
	`ultimo_acceso`

FROM `bd_facturacion`.`usuarios`
WHERE `usuario` = ?
]
2026-10-02T17:53:04.068+02:00 DEBUG 17134 --- [facturacion360] [http-nio-81-exec-7] o.s.jdbc.core.JdbcTemplate               : Executing prepared SQL query
2026-10-02T17:53:04.068+02:00 DEBUG 17134 --- [facturacion360] [http-nio-81-exec-7] o.s.jdbc.core.JdbcTemplate               : Executing prepared SQL statement [SELECT logo
FROM `bd_facturacion`.`emisor`
WHERE idemisor = ?
]
2026-10-02T17:53:08.860+02:00 DEBUG 17134 --- [facturacion360] [http-nio-81-exec-7] o.s.jdbc.core.JdbcTemplate               : Executing prepared SQL query
2026-10-02T17:53:08.860+02:00 DEBUG 17134 --- [facturacion360] [http-nio-81-exec-9] o.s.jdbc.core.JdbcTemplate               : Executing prepared SQL query
2026-10-02T17:53:08.860+02:00 DEBUG 17134 --- [facturacion360] [http-nio-81-exec-9] o.s.jdbc.core.JdbcTemplate               : Executing prepared SQL statement [SELECT 	`idusuario`,
	`usuario`,
	`clave_hash`,
	`nombre`,
	`rol`,
	`activo`,
	`fecha_alta`,
	`ultimo_acceso`

FROM `bd_facturacion`.`usuarios`
WHERE `usuario` = ?
]
2026-10-02T17:53:08.860+02:00 DEBUG 17134 --- [facturacion360] [http-nio-81-exec-7] o.s.jdbc.core.JdbcTemplate               : Executing prepared SQL statement [SELECT 	`idusuario`,
	`usuario`,
	`clave_hash`,
	`nombre`,
	`rol`,
	`activo`,
	`fecha_alta`,
	`ultimo_acceso`

FROM `bd_facturacion`.`usuarios`
WHERE `usuario` = ?
]
2026-10-02T17:53:08.866+02:00  INFO 17134 --- [facturacion360] [http-nio-81-exec-1] e.x.f.controller.UsuarioAdminController  : Listado de cuentas del panel
2026-10-02T17:53:08.866+02:00 DEBUG 17134 --- [facturacion360] [http-nio-81-exec-1] o.s.jdbc.core.JdbcTemplate               : Executing SQL query [SELECT 	`idusuario`,
	`usuario`,
	`clave_hash`,
	`nombre`,
	`rol`,
	`activo`,
	`fecha_alta`,
	`ultimo_acceso`

FROM `bd_facturacion`.`usuarios`
ORDER BY `idusuario` ASC
]
2026-10-02T17:53:08.868+02:00 DEBUG 17134 --- [facturacion360] [http-nio-81-exec-1] e.x.f.service.UsuarioServiceImpl         : Listado de usuarios del panel: 9 cuentas
2026-10-02T17:53:45.770+02:00  WARN 17134 --- [facturacion360] [http-nio-81-exec-8] .m.m.a.ExceptionHandlerExceptionResolver : Resolved [org.springframework.web.servlet.resource.NoResourceFoundException: No static resource img/KittyLoading.gif for request '/img/KittyLoading.gif'.]
2026-10-02T17:53:45.811+02:00  INFO 17134 --- [facturacion360] [http-nio-81-exec-6] e.x.f.controller.ClienteController       : GET /cliente/provincias
2026-10-02T17:53:45.812+02:00 DEBUG 17134 --- [facturacion360] [http-nio-81-exec-6] o.s.jdbc.core.JdbcTemplate               : Executing SQL query [SELECT DISTINCT provincia FROM clientes WHERE provincia IS NOT NULL AND provincia <> '' ORDER BY provincia]
2026-10-02T17:53:45.812+02:00 DEBUG 17134 --- [facturacion360] [http-nio-81-exec-10] o.s.jdbc.core.JdbcTemplate               : Executing prepared SQL query
2026-10-02T17:53:45.812+02:00 DEBUG 17134 --- [facturacion360] [http-nio-81-exec-10] o.s.jdbc.core.JdbcTemplate               : Executing prepared SQL statement [SELECT 	`idusuario`,
	`usuario`,
	`clave_hash`,
	`nombre`,
	`rol`,
	`activo`,
	`fecha_alta`,
	`ultimo_acceso`

FROM `bd_facturacion`.`usuarios`
WHERE `usuario` = ?
]
2026-10-02T17:53:45.814+02:00 DEBUG 17134 --- [facturacion360] [http-nio-81-exec-6] e.x.f.r.ClienteRepositoryJdbcImpl        : findProvincias() -> 1 provincias
2026-10-02T17:53:45.814+02:00  INFO 17134 --- [facturacion360] [http-nio-81-exec-6] e.x.f.service.ClienteServiceImpl         : listarProvincias() -> 1 provincias
2026-10-02T17:53:45.814+02:00  INFO 17134 --- [facturacion360] [http-nio-81-exec-6] e.x.f.controller.ClienteController       : GET /cliente/provincias -> 200 (1 provincias)
2026-10-02T17:53:45.815+02:00  INFO 17134 --- [facturacion360] [http-nio-81-exec-7] e.x.f.controller.ClienteController       : GET /cliente/poblaciones?provincia=null
2026-10-02T17:53:45.815+02:00 DEBUG 17134 --- [facturacion360] [http-nio-81-exec-7] o.s.jdbc.core.JdbcTemplate               : Executing prepared SQL query
2026-10-02T17:53:45.815+02:00 DEBUG 17134 --- [facturacion360] [http-nio-81-exec-7] o.s.jdbc.core.JdbcTemplate               : Executing prepared SQL statement [SELECT DISTINCT poblacion FROM clientes WHERE poblacion IS NOT NULL AND poblacion <> '' ORDER BY poblacion]
2026-10-02T17:53:45.816+02:00 DEBUG 17134 --- [facturacion360] [http-nio-81-exec-7] e.x.f.r.ClienteRepositoryJdbcImpl        : findPoblaciones(provincia=null) -> 1 poblaciones
2026-10-02T17:53:45.816+02:00  INFO 17134 --- [facturacion360] [http-nio-81-exec-7] e.x.f.service.ClienteServiceImpl         : listarPoblaciones(provincia=null) -> 1 poblaciones
2026-10-02T17:53:45.816+02:00  INFO 17134 --- [facturacion360] [http-nio-81-exec-7] e.x.f.controller.ClienteController       : GET /cliente/poblaciones -> 200 (1 poblaciones)
2026-10-02T17:53:45.846+02:00  INFO 17134 --- [facturacion360] [http-nio-81-exec-9] e.x.f.controller.ClienteController       : GET /cliente/listar-pagina -> CriteriosCliente[pagina=0, tamano=10, busqueda=null, provincia=null, poblacion=null, ordenarPor=fecha_alta, direccion=desc]
2026-10-02T17:53:45.852+02:00 DEBUG 17134 --- [facturacion360] [http-nio-81-exec-9] o.s.jdbc.core.JdbcTemplate               : Executing prepared SQL query
2026-10-02T17:53:45.852+02:00 DEBUG 17134 --- [facturacion360] [http-nio-81-exec-9] o.s.jdbc.core.JdbcTemplate               : Executing prepared SQL statement [SELECT idcliente, nombre, nif_cif, direccion, codigopostal, poblacion, provincia, telefono, email, fecha_alta FROM clientes ORDER BY fecha_alta IS NULL, fecha_alta DESC, idcliente DESC LIMIT ? OFFSET ?]
2026-10-02T17:53:45.854+02:00 DEBUG 17134 --- [facturacion360] [http-nio-81-exec-9] e.x.f.r.ClienteRepositoryJdbcImpl        : findPagina(CriteriosCliente[pagina=0, tamano=10, busqueda=null, provincia=null, poblacion=null, ordenarPor=fecha_alta, direccion=desc]) -> 1 filas
2026-10-02T17:53:45.854+02:00 DEBUG 17134 --- [facturacion360] [http-nio-81-exec-9] o.s.jdbc.core.JdbcTemplate               : Executing prepared SQL query
2026-10-02T17:53:45.854+02:00 DEBUG 17134 --- [facturacion360] [http-nio-81-exec-9] o.s.jdbc.core.JdbcTemplate               : Executing prepared SQL statement [SELECT COUNT(*) FROM clientes]
2026-10-02T17:53:45.874+02:00 DEBUG 17134 --- [facturacion360] [http-nio-81-exec-9] e.x.f.r.ClienteRepositoryJdbcImpl        : contarTotal(CriteriosCliente[pagina=0, tamano=10, busqueda=null, provincia=null, poblacion=null, ordenarPor=fecha_alta, direccion=desc]) -> 1 clientes
2026-10-02T17:53:45.875+02:00  INFO 17134 --- [facturacion360] [http-nio-81-exec-9] e.x.f.service.ClienteServiceImpl         : listarPagina(CriteriosCliente[pagina=0, tamano=10, busqueda=null, provincia=null, poblacion=null, ordenarPor=fecha_alta, direccion=desc]) -> pagina 1/1, 1 elementos
2026-10-02T17:53:45.876+02:00  INFO 17134 --- [facturacion360] [http-nio-81-exec-9] e.x.f.controller.ClienteController       : GET /cliente/listar-pagina -> 200 (pagina 1 de 1)
2026-10-02T17:53:47.239+02:00 DEBUG 17134 --- [facturacion360] [http-nio-81-exec-2] o.s.jdbc.core.JdbcTemplate               : Executing prepared SQL query
2026-10-02T17:53:47.239+02:00 DEBUG 17134 --- [facturacion360] [http-nio-81-exec-2] o.s.jdbc.core.JdbcTemplate               : Executing prepared SQL statement [SELECT 	`idusuario`,
	`usuario`,
	`clave_hash`,
	`nombre`,
	`rol`,
	`activo`,
	`fecha_alta`,
	`ultimo_acceso`

FROM `bd_facturacion`.`usuarios`
WHERE `usuario` = ?
]
2026-10-02T17:53:47.240+02:00 DEBUG 17134 --- [facturacion360] [http-nio-81-exec-5] o.s.jdbc.core.JdbcTemplate               : Executing SQL query [SELECT f.idfactura, f.idcliente, c.nombre AS nombre_cliente, f.num_factura, f.fecha_emision, f.estado, f.observaciones, f.subtotal, f.importe_iva, f.total FROM facturas f INNER JOIN clientes c ON f.idcliente = c.idcliente ORDER BY f.fecha_emision DESC, f.idfactura DESC]
2026-10-02T17:53:47.241+02:00 DEBUG 17134 --- [facturacion360] [http-nio-81-exec-5] e.x.f.r.FacturaRepositoryJdbcImpl        : buscar() devuelve 1 facturas
2026-10-02T17:53:56.507+02:00 DEBUG 17134 --- [facturacion360] [http-nio-81-exec-2] o.s.jdbc.core.JdbcTemplate               : Executing prepared SQL query
2026-10-02T17:53:56.507+02:00 DEBUG 17134 --- [facturacion360] [http-nio-81-exec-2] o.s.jdbc.core.JdbcTemplate               : Executing prepared SQL statement [SELECT 	`idusuario`,
	`usuario`,
	`clave_hash`,
	`nombre`,
	`rol`,
	`activo`,
	`fecha_alta`,
	`ultimo_acceso`

FROM `bd_facturacion`.`usuarios`
WHERE `usuario` = ?
]
2026-10-02T17:53:59.904+02:00 DEBUG 17134 --- [facturacion360] [http-nio-81-exec-6] o.s.jdbc.core.JdbcTemplate               : Executing prepared SQL query
2026-10-02T17:53:59.906+02:00  WARN 17134 --- [facturacion360] [http-nio-81-exec-10] .m.m.a.ExceptionHandlerExceptionResolver : Resolved [org.springframework.web.servlet.resource.NoResourceFoundException: No static resource img/KittyLoading.gif for request '/img/KittyLoading.gif'.]
2026-10-02T17:53:59.906+02:00 DEBUG 17134 --- [facturacion360] [http-nio-81-exec-6] o.s.jdbc.core.JdbcTemplate               : Executing prepared SQL statement [SELECT logo
FROM `bd_facturacion`.`emisor`
WHERE idemisor = ?
]
2026-10-02T17:53:59.940+02:00 DEBUG 17134 --- [facturacion360] [http-nio-81-exec-7] o.s.jdbc.core.JdbcTemplate               : Executing prepared SQL query
2026-10-02T17:53:59.940+02:00 DEBUG 17134 --- [facturacion360] [http-nio-81-exec-7] o.s.jdbc.core.JdbcTemplate               : Executing prepared SQL statement [SELECT
    `nombre`,
    `nif_cif`,
    `direccion`,
    `email`,
    `telefono`
FROM `bd_facturacion`.`emisor`
WHERE `idemisor` = ?
]
2026-10-02T17:53:59.940+02:00 DEBUG 17134 --- [facturacion360] [http-nio-81-exec-9] o.s.jdbc.core.JdbcTemplate               : Executing prepared SQL query
2026-10-02T17:53:59.940+02:00 DEBUG 17134 --- [facturacion360] [http-nio-81-exec-9] o.s.jdbc.core.JdbcTemplate               : Executing prepared SQL statement [SELECT 	`idusuario`,
	`usuario`,
	`clave_hash`,
	`nombre`,
	`rol`,
	`activo`,
	`fecha_alta`,
	`ultimo_acceso`

FROM `bd_facturacion`.`usuarios`
WHERE `usuario` = ?
]
2026-10-02T17:53:59.945+02:00 DEBUG 17134 --- [facturacion360] [http-nio-81-exec-1] o.s.jdbc.core.JdbcTemplate               : Executing prepared SQL query
2026-10-02T17:53:59.945+02:00 DEBUG 17134 --- [facturacion360] [http-nio-81-exec-1] o.s.jdbc.core.JdbcTemplate               : Executing prepared SQL statement [SELECT logo
FROM `bd_facturacion`.`emisor`
WHERE idemisor = ?
]
2026-10-02T17:54:01.193+02:00 DEBUG 17134 --- [facturacion360] [http-nio-81-exec-1] o.s.jdbc.core.JdbcTemplate               : Executing prepared SQL query
2026-10-02T17:54:01.194+02:00 DEBUG 17134 --- [facturacion360] [http-nio-81-exec-1] o.s.jdbc.core.JdbcTemplate               : Executing prepared SQL statement [SELECT 	`idusuario`,
	`usuario`,
	`clave_hash`,
	`nombre`,
	`rol`,
	`activo`,
	`fecha_alta`,
	`ultimo_acceso`

FROM `bd_facturacion`.`usuarios`
WHERE `usuario` = ?
]
2026-10-02T17:54:01.194+02:00 DEBUG 17134 --- [facturacion360] [http-nio-81-exec-10] o.s.jdbc.core.JdbcTemplate               : Executing prepared SQL query
2026-10-02T17:54:01.194+02:00 DEBUG 17134 --- [facturacion360] [http-nio-81-exec-10] o.s.jdbc.core.JdbcTemplate               : Executing prepared SQL statement [SELECT 	`idusuario`,
	`usuario`,
	`clave_hash`,
	`nombre`,
	`rol`,
	`activo`,
	`fecha_alta`,
	`ultimo_acceso`

FROM `bd_facturacion`.`usuarios`
WHERE `usuario` = ?
]
2026-10-02T17:54:01.200+02:00  INFO 17134 --- [facturacion360] [http-nio-81-exec-5] e.x.f.controller.UsuarioAdminController  : Listado de cuentas del panel
2026-10-02T17:54:01.200+02:00 DEBUG 17134 --- [facturacion360] [http-nio-81-exec-5] o.s.jdbc.core.JdbcTemplate               : Executing SQL query [SELECT 	`idusuario`,
	`usuario`,
	`clave_hash`,
	`nombre`,
	`rol`,
	`activo`,
	`fecha_alta`,
	`ultimo_acceso`

FROM `bd_facturacion`.`usuarios`
ORDER BY `idusuario` ASC
]
2026-10-02T17:54:01.201+02:00 DEBUG 17134 --- [facturacion360] [http-nio-81-exec-5] e.x.f.service.UsuarioServiceImpl         : Listado de usuarios del panel: 9 cuentas
2026-10-02T17:54:09.625+02:00 DEBUG 17134 --- [facturacion360] [http-nio-81-exec-6] o.s.jdbc.core.JdbcTemplate               : Executing SQL query [SELECT f.idfactura, f.idcliente, c.nombre AS nombre_cliente, f.num_factura, f.fecha_emision, f.estado, f.observaciones, f.subtotal, f.importe_iva, f.total FROM facturas f INNER JOIN clientes c ON f.idcliente = c.idcliente ORDER BY f.fecha_emision DESC, f.idfactura DESC]
2026-10-02T17:54:09.625+02:00 DEBUG 17134 --- [facturacion360] [http-nio-81-exec-2] o.s.jdbc.core.JdbcTemplate               : Executing prepared SQL query
2026-10-02T17:54:09.625+02:00 DEBUG 17134 --- [facturacion360] [http-nio-81-exec-2] o.s.jdbc.core.JdbcTemplate               : Executing prepared SQL statement [SELECT 	`idusuario`,
	`usuario`,
	`clave_hash`,
	`nombre`,
	`rol`,
	`activo`,
	`fecha_alta`,
	`ultimo_acceso`

FROM `bd_facturacion`.`usuarios`
WHERE `usuario` = ?
]
2026-10-02T17:54:09.626+02:00 DEBUG 17134 --- [facturacion360] [http-nio-81-exec-6] e.x.f.r.FacturaRepositoryJdbcImpl        : buscar() devuelve 1 facturas
2026-10-02T17:54:10.475+02:00 DEBUG 17134 --- [facturacion360] [http-nio-81-exec-2] o.s.jdbc.core.JdbcTemplate               : Executing prepared SQL query
2026-10-02T17:54:10.475+02:00 DEBUG 17134 --- [facturacion360] [http-nio-81-exec-2] o.s.jdbc.core.JdbcTemplate               : Executing prepared SQL statement [SELECT 	`idusuario`,
	`usuario`,
	`clave_hash`,
	`nombre`,
	`rol`,
	`activo`,
	`fecha_alta`,
	`ultimo_acceso`

FROM `bd_facturacion`.`usuarios`
WHERE `usuario` = ?
]
2026-10-02T17:54:11.881+02:00  WARN 17134 --- [facturacion360] [http-nio-81-exec-9] .m.m.a.ExceptionHandlerExceptionResolver : Resolved [org.springframework.web.servlet.resource.NoResourceFoundException: No static resource img/KittyLoading.gif for request '/img/KittyLoading.gif'.]
2026-10-02T17:54:11.915+02:00  INFO 17134 --- [facturacion360] [http-nio-81-exec-9] e.x.f.controller.ClienteController       : GET /cliente/provincias
2026-10-02T17:54:11.916+02:00 DEBUG 17134 --- [facturacion360] [http-nio-81-exec-9] o.s.jdbc.core.JdbcTemplate               : Executing SQL query [SELECT DISTINCT provincia FROM clientes WHERE provincia IS NOT NULL AND provincia <> '' ORDER BY provincia]
2026-10-02T17:54:11.916+02:00  INFO 17134 --- [facturacion360] [http-nio-81-exec-5] e.x.f.controller.ClienteController       : GET /cliente/poblaciones?provincia=null
2026-10-02T17:54:11.916+02:00 DEBUG 17134 --- [facturacion360] [http-nio-81-exec-5] o.s.jdbc.core.JdbcTemplate               : Executing prepared SQL query
2026-10-02T17:54:11.916+02:00 DEBUG 17134 --- [facturacion360] [http-nio-81-exec-5] o.s.jdbc.core.JdbcTemplate               : Executing prepared SQL statement [SELECT DISTINCT poblacion FROM clientes WHERE poblacion IS NOT NULL AND poblacion <> '' ORDER BY poblacion]
2026-10-02T17:54:11.917+02:00 DEBUG 17134 --- [facturacion360] [http-nio-81-exec-5] e.x.f.r.ClienteRepositoryJdbcImpl        : findPoblaciones(provincia=null) -> 1 poblaciones
2026-10-02T17:54:11.917+02:00 DEBUG 17134 --- [facturacion360] [http-nio-81-exec-9] e.x.f.r.ClienteRepositoryJdbcImpl        : findProvincias() -> 1 provincias
2026-10-02T17:54:11.917+02:00 DEBUG 17134 --- [facturacion360] [http-nio-81-exec-2] o.s.jdbc.core.JdbcTemplate               : Executing prepared SQL query
2026-10-02T17:54:11.917+02:00  INFO 17134 --- [facturacion360] [http-nio-81-exec-5] e.x.f.service.ClienteServiceImpl         : listarPoblaciones(provincia=null) -> 1 poblaciones
2026-10-02T17:54:11.917+02:00  INFO 17134 --- [facturacion360] [http-nio-81-exec-9] e.x.f.service.ClienteServiceImpl         : listarProvincias() -> 1 provincias
2026-10-02T17:54:11.917+02:00 DEBUG 17134 --- [facturacion360] [http-nio-81-exec-2] o.s.jdbc.core.JdbcTemplate               : Executing prepared SQL statement [SELECT 	`idusuario`,
	`usuario`,
	`clave_hash`,
	`nombre`,
	`rol`,
	`activo`,
	`fecha_alta`,
	`ultimo_acceso`

FROM `bd_facturacion`.`usuarios`
WHERE `usuario` = ?
]
2026-10-02T17:54:11.917+02:00  INFO 17134 --- [facturacion360] [http-nio-81-exec-9] e.x.f.controller.ClienteController       : GET /cliente/provincias -> 200 (1 provincias)
2026-10-02T17:54:11.917+02:00  INFO 17134 --- [facturacion360] [http-nio-81-exec-5] e.x.f.controller.ClienteController       : GET /cliente/poblaciones -> 200 (1 poblaciones)
2026-10-02T17:54:11.917+02:00  INFO 17134 --- [facturacion360] [http-nio-81-exec-4] e.x.f.controller.ClienteController       : GET /cliente/listar-pagina -> CriteriosCliente[pagina=0, tamano=10, busqueda=null, provincia=null, poblacion=null, ordenarPor=fecha_alta, direccion=desc]
2026-10-02T17:54:11.918+02:00 DEBUG 17134 --- [facturacion360] [http-nio-81-exec-4] o.s.jdbc.core.JdbcTemplate               : Executing prepared SQL query
2026-10-02T17:54:11.918+02:00 DEBUG 17134 --- [facturacion360] [http-nio-81-exec-4] o.s.jdbc.core.JdbcTemplate               : Executing prepared SQL statement [SELECT idcliente, nombre, nif_cif, direccion, codigopostal, poblacion, provincia, telefono, email, fecha_alta FROM clientes ORDER BY fecha_alta IS NULL, fecha_alta DESC, idcliente DESC LIMIT ? OFFSET ?]
2026-10-02T17:54:11.918+02:00 DEBUG 17134 --- [facturacion360] [http-nio-81-exec-4] e.x.f.r.ClienteRepositoryJdbcImpl        : findPagina(CriteriosCliente[pagina=0, tamano=10, busqueda=null, provincia=null, poblacion=null, ordenarPor=fecha_alta, direccion=desc]) -> 1 filas
2026-10-02T17:54:11.919+02:00 DEBUG 17134 --- [facturacion360] [http-nio-81-exec-4] o.s.jdbc.core.JdbcTemplate               : Executing prepared SQL query
2026-10-02T17:54:11.919+02:00 DEBUG 17134 --- [facturacion360] [http-nio-81-exec-4] o.s.jdbc.core.JdbcTemplate               : Executing prepared SQL statement [SELECT COUNT(*) FROM clientes]
2026-10-02T17:54:11.919+02:00 DEBUG 17134 --- [facturacion360] [http-nio-81-exec-4] e.x.f.r.ClienteRepositoryJdbcImpl        : contarTotal(CriteriosCliente[pagina=0, tamano=10, busqueda=null, provincia=null, poblacion=null, ordenarPor=fecha_alta, direccion=desc]) -> 1 clientes
2026-10-02T17:54:11.919+02:00  INFO 17134 --- [facturacion360] [http-nio-81-exec-4] e.x.f.service.ClienteServiceImpl         : listarPagina(CriteriosCliente[pagina=0, tamano=10, busqueda=null, provincia=null, poblacion=null, ordenarPor=fecha_alta, direccion=desc]) -> pagina 1/1, 1 elementos
2026-10-02T17:54:11.919+02:00  INFO 17134 --- [facturacion360] [http-nio-81-exec-4] e.x.f.controller.ClienteController       : GET /cliente/listar-pagina -> 200 (pagina 1 de 1)
2026-10-02T17:54:14.068+02:00 DEBUG 17134 --- [facturacion360] [http-nio-81-exec-9] o.s.jdbc.core.JdbcTemplate               : Executing prepared SQL query
2026-10-02T17:54:14.068+02:00 DEBUG 17134 --- [facturacion360] [http-nio-81-exec-9] o.s.jdbc.core.JdbcTemplate               : Executing prepared SQL statement [SELECT 	`idusuario`,
	`usuario`,
	`clave_hash`,
	`nombre`,
	`rol`,
	`activo`,
	`fecha_alta`,
	`ultimo_acceso`

FROM `bd_facturacion`.`usuarios`
WHERE `usuario` = ?
]
2026-10-02T17:54:18.896+02:00 DEBUG 17134 --- [facturacion360] [http-nio-81-exec-4] o.s.jdbc.core.JdbcTemplate               : Executing SQL query [SELECT f.idfactura, f.idcliente, c.nombre AS nombre_cliente, f.num_factura, f.fecha_emision, f.estado, f.observaciones, f.subtotal, f.importe_iva, f.total FROM facturas f INNER JOIN clientes c ON f.idcliente = c.idcliente ORDER BY f.fecha_emision DESC, f.idfactura DESC]
2026-10-02T17:54:18.896+02:00 DEBUG 17134 --- [facturacion360] [http-nio-81-exec-7] o.s.jdbc.core.JdbcTemplate               : Executing prepared SQL query
2026-10-02T17:54:18.896+02:00 DEBUG 17134 --- [facturacion360] [http-nio-81-exec-7] o.s.jdbc.core.JdbcTemplate               : Executing prepared SQL statement [SELECT 	`idusuario`,
	`usuario`,
	`clave_hash`,
	`nombre`,
	`rol`,
	`activo`,
	`fecha_alta`,
	`ultimo_acceso`

FROM `bd_facturacion`.`usuarios`
WHERE `usuario` = ?
]
2026-10-02T17:54:18.897+02:00 DEBUG 17134 --- [facturacion360] [http-nio-81-exec-4] e.x.f.r.FacturaRepositoryJdbcImpl        : buscar() devuelve 1 facturas
2026-10-02T17:54:19.800+02:00  WARN 17134 --- [facturacion360] [http-nio-81-exec-5] .m.m.a.ExceptionHandlerExceptionResolver : Resolved [org.springframework.web.servlet.resource.NoResourceFoundException: No static resource img/KittyLoading.gif for request '/img/KittyLoading.gif'.]
2026-10-02T17:54:19.835+02:00  INFO 17134 --- [facturacion360] [http-nio-81-exec-3] e.x.f.controller.ClienteController       : GET /cliente/provincias
2026-10-02T17:54:19.835+02:00  INFO 17134 --- [facturacion360] [http-nio-81-exec-4] e.x.f.controller.ClienteController       : GET /cliente/poblaciones?provincia=null
2026-10-02T17:54:19.835+02:00 DEBUG 17134 --- [facturacion360] [http-nio-81-exec-3] o.s.jdbc.core.JdbcTemplate               : Executing SQL query [SELECT DISTINCT provincia FROM clientes WHERE provincia IS NOT NULL AND provincia <> '' ORDER BY provincia]
2026-10-02T17:54:19.835+02:00 DEBUG 17134 --- [facturacion360] [http-nio-81-exec-4] o.s.jdbc.core.JdbcTemplate               : Executing prepared SQL query
2026-10-02T17:54:19.835+02:00 DEBUG 17134 --- [facturacion360] [http-nio-81-exec-4] o.s.jdbc.core.JdbcTemplate               : Executing prepared SQL statement [SELECT DISTINCT poblacion FROM clientes WHERE poblacion IS NOT NULL AND poblacion <> '' ORDER BY poblacion]
2026-10-02T17:54:19.836+02:00 DEBUG 17134 --- [facturacion360] [http-nio-81-exec-1] o.s.jdbc.core.JdbcTemplate               : Executing prepared SQL query
2026-10-02T17:54:19.837+02:00 DEBUG 17134 --- [facturacion360] [http-nio-81-exec-1] o.s.jdbc.core.JdbcTemplate               : Executing prepared SQL statement [SELECT 	`idusuario`,
	`usuario`,
	`clave_hash`,
	`nombre`,
	`rol`,
	`activo`,
	`fecha_alta`,
	`ultimo_acceso`

FROM `bd_facturacion`.`usuarios`
WHERE `usuario` = ?
]
2026-10-02T17:54:19.838+02:00 DEBUG 17134 --- [facturacion360] [http-nio-81-exec-4] e.x.f.r.ClienteRepositoryJdbcImpl        : findPoblaciones(provincia=null) -> 1 poblaciones
2026-10-02T17:54:19.838+02:00 DEBUG 17134 --- [facturacion360] [http-nio-81-exec-3] e.x.f.r.ClienteRepositoryJdbcImpl        : findProvincias() -> 1 provincias
2026-10-02T17:54:19.838+02:00  INFO 17134 --- [facturacion360] [http-nio-81-exec-4] e.x.f.service.ClienteServiceImpl         : listarPoblaciones(provincia=null) -> 1 poblaciones
2026-10-02T17:54:19.838+02:00  INFO 17134 --- [facturacion360] [http-nio-81-exec-3] e.x.f.service.ClienteServiceImpl         : listarProvincias() -> 1 provincias
2026-10-02T17:54:19.838+02:00  INFO 17134 --- [facturacion360] [http-nio-81-exec-4] e.x.f.controller.ClienteController       : GET /cliente/poblaciones -> 200 (1 poblaciones)
2026-10-02T17:54:19.838+02:00  INFO 17134 --- [facturacion360] [http-nio-81-exec-3] e.x.f.controller.ClienteController       : GET /cliente/provincias -> 200 (1 provincias)
2026-10-02T17:54:19.844+02:00  INFO 17134 --- [facturacion360] [http-nio-81-exec-7] e.x.f.controller.ClienteController       : GET /cliente/listar-pagina -> CriteriosCliente[pagina=0, tamano=10, busqueda=null, provincia=null, poblacion=null, ordenarPor=fecha_alta, direccion=desc]
2026-10-02T17:54:19.844+02:00 DEBUG 17134 --- [facturacion360] [http-nio-81-exec-7] o.s.jdbc.core.JdbcTemplate               : Executing prepared SQL query
2026-10-02T17:54:19.844+02:00 DEBUG 17134 --- [facturacion360] [http-nio-81-exec-7] o.s.jdbc.core.JdbcTemplate               : Executing prepared SQL statement [SELECT idcliente, nombre, nif_cif, direccion, codigopostal, poblacion, provincia, telefono, email, fecha_alta FROM clientes ORDER BY fecha_alta IS NULL, fecha_alta DESC, idcliente DESC LIMIT ? OFFSET ?]
2026-10-02T17:54:19.845+02:00 DEBUG 17134 --- [facturacion360] [http-nio-81-exec-7] e.x.f.r.ClienteRepositoryJdbcImpl        : findPagina(CriteriosCliente[pagina=0, tamano=10, busqueda=null, provincia=null, poblacion=null, ordenarPor=fecha_alta, direccion=desc]) -> 1 filas
2026-10-02T17:54:19.845+02:00 DEBUG 17134 --- [facturacion360] [http-nio-81-exec-7] o.s.jdbc.core.JdbcTemplate               : Executing prepared SQL query
2026-10-02T17:54:19.845+02:00 DEBUG 17134 --- [facturacion360] [http-nio-81-exec-7] o.s.jdbc.core.JdbcTemplate               : Executing prepared SQL statement [SELECT COUNT(*) FROM clientes]
2026-10-02T17:54:19.846+02:00 DEBUG 17134 --- [facturacion360] [http-nio-81-exec-7] e.x.f.r.ClienteRepositoryJdbcImpl        : contarTotal(CriteriosCliente[pagina=0, tamano=10, busqueda=null, provincia=null, poblacion=null, ordenarPor=fecha_alta, direccion=desc]) -> 1 clientes
2026-10-02T17:54:19.846+02:00  INFO 17134 --- [facturacion360] [http-nio-81-exec-7] e.x.f.service.ClienteServiceImpl         : listarPagina(CriteriosCliente[pagina=0, tamano=10, busqueda=null, provincia=null, poblacion=null, ordenarPor=fecha_alta, direccion=desc]) -> pagina 1/1, 1 elementos
2026-10-02T17:54:19.846+02:00  INFO 17134 --- [facturacion360] [http-nio-81-exec-7] e.x.f.controller.ClienteController       : GET /cliente/listar-pagina -> 200 (pagina 1 de 1)
2026-10-02T17:54:21.329+02:00 DEBUG 17134 --- [facturacion360] [http-nio-81-exec-4] o.s.jdbc.core.JdbcTemplate               : Executing prepared SQL query
2026-10-02T17:54:21.330+02:00 DEBUG 17134 --- [facturacion360] [http-nio-81-exec-4] o.s.jdbc.core.JdbcTemplate               : Executing prepared SQL statement [SELECT 	`idusuario`,
	`usuario`,
	`clave_hash`,
	`nombre`,
	`rol`,
	`activo`,
	`fecha_alta`,
	`ultimo_acceso`

FROM `bd_facturacion`.`usuarios`
WHERE `usuario` = ?
]
2026-10-02T17:54:22.141+02:00  WARN 17134 --- [facturacion360] [http-nio-81-exec-10] .m.m.a.ExceptionHandlerExceptionResolver : Resolved [org.springframework.web.servlet.resource.NoResourceFoundException: No static resource img/KittyLoading.gif for request '/img/KittyLoading.gif'.]
2026-10-02T17:54:22.172+02:00  INFO 17134 --- [facturacion360] [http-nio-81-exec-3] e.x.f.controller.ClienteController       : GET /cliente/provincias
2026-10-02T17:54:22.172+02:00 DEBUG 17134 --- [facturacion360] [http-nio-81-exec-3] o.s.jdbc.core.JdbcTemplate               : Executing SQL query [SELECT DISTINCT provincia FROM clientes WHERE provincia IS NOT NULL AND provincia <> '' ORDER BY provincia]
2026-10-02T17:54:22.173+02:00  INFO 17134 --- [facturacion360] [http-nio-81-exec-5] e.x.f.controller.ClienteController       : GET /cliente/poblaciones?provincia=null
2026-10-02T17:54:22.173+02:00 DEBUG 17134 --- [facturacion360] [http-nio-81-exec-5] o.s.jdbc.core.JdbcTemplate               : Executing prepared SQL query
2026-10-02T17:54:22.173+02:00 DEBUG 17134 --- [facturacion360] [http-nio-81-exec-5] o.s.jdbc.core.JdbcTemplate               : Executing prepared SQL statement [SELECT DISTINCT poblacion FROM clientes WHERE poblacion IS NOT NULL AND poblacion <> '' ORDER BY poblacion]
2026-10-02T17:54:22.173+02:00 DEBUG 17134 --- [facturacion360] [http-nio-81-exec-3] e.x.f.r.ClienteRepositoryJdbcImpl        : findProvincias() -> 1 provincias
2026-10-02T17:54:22.173+02:00 DEBUG 17134 --- [facturacion360] [http-nio-81-exec-5] e.x.f.r.ClienteRepositoryJdbcImpl        : findPoblaciones(provincia=null) -> 1 poblaciones
2026-10-02T17:54:22.174+02:00  INFO 17134 --- [facturacion360] [http-nio-81-exec-5] e.x.f.service.ClienteServiceImpl         : listarPoblaciones(provincia=null) -> 1 poblaciones
2026-10-02T17:54:22.174+02:00  INFO 17134 --- [facturacion360] [http-nio-81-exec-3] e.x.f.service.ClienteServiceImpl         : listarProvincias() -> 1 provincias
2026-10-02T17:54:22.174+02:00  INFO 17134 --- [facturacion360] [http-nio-81-exec-5] e.x.f.controller.ClienteController       : GET /cliente/poblaciones -> 200 (1 poblaciones)
2026-10-02T17:54:22.174+02:00  INFO 17134 --- [facturacion360] [http-nio-81-exec-3] e.x.f.controller.ClienteController       : GET /cliente/provincias -> 200 (1 provincias)
2026-10-02T17:54:22.174+02:00 DEBUG 17134 --- [facturacion360] [http-nio-81-exec-1] o.s.jdbc.core.JdbcTemplate               : Executing prepared SQL query
2026-10-02T17:54:22.174+02:00 DEBUG 17134 --- [facturacion360] [http-nio-81-exec-1] o.s.jdbc.core.JdbcTemplate               : Executing prepared SQL statement [SELECT 	`idusuario`,
	`usuario`,
	`clave_hash`,
	`nombre`,
	`rol`,
	`activo`,
	`fecha_alta`,
	`ultimo_acceso`

FROM `bd_facturacion`.`usuarios`
WHERE `usuario` = ?
]
2026-10-02T17:54:22.175+02:00  INFO 17134 --- [facturacion360] [http-nio-81-exec-4] e.x.f.controller.ClienteController       : GET /cliente/listar-pagina -> CriteriosCliente[pagina=0, tamano=10, busqueda=null, provincia=null, poblacion=null, ordenarPor=fecha_alta, direccion=desc]
2026-10-02T17:54:22.175+02:00 DEBUG 17134 --- [facturacion360] [http-nio-81-exec-4] o.s.jdbc.core.JdbcTemplate               : Executing prepared SQL query
2026-10-02T17:54:22.175+02:00 DEBUG 17134 --- [facturacion360] [http-nio-81-exec-4] o.s.jdbc.core.JdbcTemplate               : Executing prepared SQL statement [SELECT idcliente, nombre, nif_cif, direccion, codigopostal, poblacion, provincia, telefono, email, fecha_alta FROM clientes ORDER BY fecha_alta IS NULL, fecha_alta DESC, idcliente DESC LIMIT ? OFFSET ?]
2026-10-02T17:54:22.176+02:00 DEBUG 17134 --- [facturacion360] [http-nio-81-exec-4] e.x.f.r.ClienteRepositoryJdbcImpl        : findPagina(CriteriosCliente[pagina=0, tamano=10, busqueda=null, provincia=null, poblacion=null, ordenarPor=fecha_alta, direccion=desc]) -> 1 filas
2026-10-02T17:54:22.176+02:00 DEBUG 17134 --- [facturacion360] [http-nio-81-exec-4] o.s.jdbc.core.JdbcTemplate               : Executing prepared SQL query
2026-10-02T17:54:22.176+02:00 DEBUG 17134 --- [facturacion360] [http-nio-81-exec-4] o.s.jdbc.core.JdbcTemplate               : Executing prepared SQL statement [SELECT COUNT(*) FROM clientes]
2026-10-02T17:54:22.177+02:00 DEBUG 17134 --- [facturacion360] [http-nio-81-exec-4] e.x.f.r.ClienteRepositoryJdbcImpl        : contarTotal(CriteriosCliente[pagina=0, tamano=10, busqueda=null, provincia=null, poblacion=null, ordenarPor=fecha_alta, direccion=desc]) -> 1 clientes
2026-10-02T17:54:22.177+02:00  INFO 17134 --- [facturacion360] [http-nio-81-exec-4] e.x.f.service.ClienteServiceImpl         : listarPagina(CriteriosCliente[pagina=0, tamano=10, busqueda=null, provincia=null, poblacion=null, ordenarPor=fecha_alta, direccion=desc]) -> pagina 1/1, 1 elementos
2026-10-02T17:54:22.177+02:00  INFO 17134 --- [facturacion360] [http-nio-81-exec-4] e.x.f.controller.ClienteController       : GET /cliente/listar-pagina -> 200 (pagina 1 de 1)
2026-10-02T17:54:24.390+02:00 DEBUG 17134 --- [facturacion360] [http-nio-81-exec-10] o.s.jdbc.core.JdbcTemplate               : Executing SQL query [SELECT f.idfactura, f.idcliente, c.nombre AS nombre_cliente, f.num_factura, f.fecha_emision, f.estado, f.observaciones, f.subtotal, f.importe_iva, f.total FROM facturas f INNER JOIN clientes c ON f.idcliente = c.idcliente ORDER BY f.fecha_emision DESC, f.idfactura DESC]
2026-10-02T17:54:24.390+02:00 DEBUG 17134 --- [facturacion360] [http-nio-81-exec-9] o.s.jdbc.core.JdbcTemplate               : Executing prepared SQL query
2026-10-02T17:54:24.391+02:00 DEBUG 17134 --- [facturacion360] [http-nio-81-exec-9] o.s.jdbc.core.JdbcTemplate               : Executing prepared SQL statement [SELECT 	`idusuario`,
	`usuario`,
	`clave_hash`,
	`nombre`,
	`rol`,
	`activo`,
	`fecha_alta`,
	`ultimo_acceso`

FROM `bd_facturacion`.`usuarios`
WHERE `usuario` = ?
]
2026-10-02T17:54:24.391+02:00 DEBUG 17134 --- [facturacion360] [http-nio-81-exec-10] e.x.f.r.FacturaRepositoryJdbcImpl        : buscar() devuelve 1 facturas
2026-10-02T17:54:25.436+02:00 DEBUG 17134 --- [facturacion360] [http-nio-81-exec-9] o.s.jdbc.core.JdbcTemplate               : Executing prepared SQL query
2026-10-02T17:54:25.437+02:00 DEBUG 17134 --- [facturacion360] [http-nio-81-exec-9] o.s.jdbc.core.JdbcTemplate               : Executing prepared SQL statement [SELECT 	`idusuario`,
	`usuario`,
	`clave_hash`,
	`nombre`,
	`rol`,
	`activo`,
	`fecha_alta`,
	`ultimo_acceso`

FROM `bd_facturacion`.`usuarios`
WHERE `usuario` = ?
]
2026-10-02T17:54:26.400+02:00 DEBUG 17134 --- [facturacion360] [http-nio-81-exec-3] o.s.jdbc.core.JdbcTemplate               : Executing SQL query [SELECT f.idfactura, f.idcliente, c.nombre AS nombre_cliente, f.num_factura, f.fecha_emision, f.estado, f.observaciones, f.subtotal, f.importe_iva, f.total FROM facturas f INNER JOIN clientes c ON f.idcliente = c.idcliente ORDER BY f.fecha_emision DESC, f.idfactura DESC]
2026-10-02T17:54:26.400+02:00 DEBUG 17134 --- [facturacion360] [http-nio-81-exec-1] o.s.jdbc.core.JdbcTemplate               : Executing prepared SQL query
2026-10-02T17:54:26.400+02:00 DEBUG 17134 --- [facturacion360] [http-nio-81-exec-1] o.s.jdbc.core.JdbcTemplate               : Executing prepared SQL statement [SELECT 	`idusuario`,
	`usuario`,
	`clave_hash`,
	`nombre`,
	`rol`,
	`activo`,
	`fecha_alta`,
	`ultimo_acceso`

FROM `bd_facturacion`.`usuarios`
WHERE `usuario` = ?
]
2026-10-02T17:54:26.401+02:00 DEBUG 17134 --- [facturacion360] [http-nio-81-exec-3] e.x.f.r.FacturaRepositoryJdbcImpl        : buscar() devuelve 1 facturas
2026-10-02T17:54:27.447+02:00  WARN 17134 --- [facturacion360] [http-nio-81-exec-8] .m.m.a.ExceptionHandlerExceptionResolver : Resolved [org.springframework.web.servlet.resource.NoResourceFoundException: No static resource img/KittyLoading.gif for request '/img/KittyLoading.gif'.]
2026-10-02T17:54:27.481+02:00  INFO 17134 --- [facturacion360] [http-nio-81-exec-6] e.x.f.controller.ClienteController       : GET /cliente/provincias
2026-10-02T17:54:27.481+02:00 DEBUG 17134 --- [facturacion360] [http-nio-81-exec-6] o.s.jdbc.core.JdbcTemplate               : Executing SQL query [SELECT DISTINCT provincia FROM clientes WHERE provincia IS NOT NULL AND provincia <> '' ORDER BY provincia]
2026-10-02T17:54:27.482+02:00  INFO 17134 --- [facturacion360] [http-nio-81-exec-10] e.x.f.controller.ClienteController       : GET /cliente/poblaciones?provincia=null
2026-10-02T17:54:27.482+02:00 DEBUG 17134 --- [facturacion360] [http-nio-81-exec-10] o.s.jdbc.core.JdbcTemplate               : Executing prepared SQL query
2026-10-02T17:54:27.482+02:00 DEBUG 17134 --- [facturacion360] [http-nio-81-exec-10] o.s.jdbc.core.JdbcTemplate               : Executing prepared SQL statement [SELECT DISTINCT poblacion FROM clientes WHERE poblacion IS NOT NULL AND poblacion <> '' ORDER BY poblacion]
2026-10-02T17:54:27.482+02:00 DEBUG 17134 --- [facturacion360] [http-nio-81-exec-6] e.x.f.r.ClienteRepositoryJdbcImpl        : findProvincias() -> 1 provincias
2026-10-02T17:54:27.482+02:00  INFO 17134 --- [facturacion360] [http-nio-81-exec-6] e.x.f.service.ClienteServiceImpl         : listarProvincias() -> 1 provincias
2026-10-02T17:54:27.482+02:00  INFO 17134 --- [facturacion360] [http-nio-81-exec-6] e.x.f.controller.ClienteController       : GET /cliente/provincias -> 200 (1 provincias)
2026-10-02T17:54:27.482+02:00 DEBUG 17134 --- [facturacion360] [http-nio-81-exec-10] e.x.f.r.ClienteRepositoryJdbcImpl        : findPoblaciones(provincia=null) -> 1 poblaciones
2026-10-02T17:54:27.482+02:00 DEBUG 17134 --- [facturacion360] [http-nio-81-exec-3] o.s.jdbc.core.JdbcTemplate               : Executing prepared SQL query
2026-10-02T17:54:27.482+02:00  INFO 17134 --- [facturacion360] [http-nio-81-exec-10] e.x.f.service.ClienteServiceImpl         : listarPoblaciones(provincia=null) -> 1 poblaciones
2026-10-02T17:54:27.482+02:00 DEBUG 17134 --- [facturacion360] [http-nio-81-exec-3] o.s.jdbc.core.JdbcTemplate               : Executing prepared SQL statement [SELECT 	`idusuario`,
	`usuario`,
	`clave_hash`,
	`nombre`,
	`rol`,
	`activo`,
	`fecha_alta`,
	`ultimo_acceso`

FROM `bd_facturacion`.`usuarios`
WHERE `usuario` = ?
]
2026-10-02T17:54:27.482+02:00  INFO 17134 --- [facturacion360] [http-nio-81-exec-10] e.x.f.controller.ClienteController       : GET /cliente/poblaciones -> 200 (1 poblaciones)
2026-10-02T17:54:27.483+02:00  INFO 17134 --- [facturacion360] [http-nio-81-exec-1] e.x.f.controller.ClienteController       : GET /cliente/listar-pagina -> CriteriosCliente[pagina=0, tamano=10, busqueda=null, provincia=null, poblacion=null, ordenarPor=fecha_alta, direccion=desc]
2026-10-02T17:54:27.483+02:00 DEBUG 17134 --- [facturacion360] [http-nio-81-exec-1] o.s.jdbc.core.JdbcTemplate               : Executing prepared SQL query
2026-10-02T17:54:27.483+02:00 DEBUG 17134 --- [facturacion360] [http-nio-81-exec-1] o.s.jdbc.core.JdbcTemplate               : Executing prepared SQL statement [SELECT idcliente, nombre, nif_cif, direccion, codigopostal, poblacion, provincia, telefono, email, fecha_alta FROM clientes ORDER BY fecha_alta IS NULL, fecha_alta DESC, idcliente DESC LIMIT ? OFFSET ?]
2026-10-02T17:54:27.484+02:00 DEBUG 17134 --- [facturacion360] [http-nio-81-exec-1] e.x.f.r.ClienteRepositoryJdbcImpl        : findPagina(CriteriosCliente[pagina=0, tamano=10, busqueda=null, provincia=null, poblacion=null, ordenarPor=fecha_alta, direccion=desc]) -> 1 filas
2026-10-02T17:54:27.484+02:00 DEBUG 17134 --- [facturacion360] [http-nio-81-exec-1] o.s.jdbc.core.JdbcTemplate               : Executing prepared SQL query
2026-10-02T17:54:27.484+02:00 DEBUG 17134 --- [facturacion360] [http-nio-81-exec-1] o.s.jdbc.core.JdbcTemplate               : Executing prepared SQL statement [SELECT COUNT(*) FROM clientes]
2026-10-02T17:54:27.485+02:00 DEBUG 17134 --- [facturacion360] [http-nio-81-exec-1] e.x.f.r.ClienteRepositoryJdbcImpl        : contarTotal(CriteriosCliente[pagina=0, tamano=10, busqueda=null, provincia=null, poblacion=null, ordenarPor=fecha_alta, direccion=desc]) -> 1 clientes
2026-10-02T17:54:27.485+02:00  INFO 17134 --- [facturacion360] [http-nio-81-exec-1] e.x.f.service.ClienteServiceImpl         : listarPagina(CriteriosCliente[pagina=0, tamano=10, busqueda=null, provincia=null, poblacion=null, ordenarPor=fecha_alta, direccion=desc]) -> pagina 1/1, 1 elementos
2026-10-02T17:54:27.485+02:00  INFO 17134 --- [facturacion360] [http-nio-81-exec-1] e.x.f.controller.ClienteController       : GET /cliente/listar-pagina -> 200 (pagina 1 de 1)
2026-10-02T17:54:28.154+02:00 DEBUG 17134 --- [facturacion360] [http-nio-81-exec-5] o.s.jdbc.core.JdbcTemplate               : Executing SQL query [SELECT f.idfactura, f.idcliente, c.nombre AS nombre_cliente, f.num_factura, f.fecha_emision, f.estado, f.observaciones, f.subtotal, f.importe_iva, f.total FROM facturas f INNER JOIN clientes c ON f.idcliente = c.idcliente ORDER BY f.fecha_emision DESC, f.idfactura DESC]
2026-10-02T17:54:28.154+02:00 DEBUG 17134 --- [facturacion360] [http-nio-81-exec-4] o.s.jdbc.core.JdbcTemplate               : Executing prepared SQL query
2026-10-02T17:54:28.154+02:00 DEBUG 17134 --- [facturacion360] [http-nio-81-exec-4] o.s.jdbc.core.JdbcTemplate               : Executing prepared SQL statement [SELECT 	`idusuario`,
	`usuario`,
	`clave_hash`,
	`nombre`,
	`rol`,
	`activo`,
	`fecha_alta`,
	`ultimo_acceso`

FROM `bd_facturacion`.`usuarios`
WHERE `usuario` = ?
]
2026-10-02T17:54:28.155+02:00 DEBUG 17134 --- [facturacion360] [http-nio-81-exec-5] e.x.f.r.FacturaRepositoryJdbcImpl        : buscar() devuelve 1 facturas
2026-10-02T17:54:29.444+02:00 DEBUG 17134 --- [facturacion360] [http-nio-81-exec-4] o.s.jdbc.core.JdbcTemplate               : Executing prepared SQL query
2026-10-02T17:54:29.444+02:00 DEBUG 17134 --- [facturacion360] [http-nio-81-exec-4] o.s.jdbc.core.JdbcTemplate               : Executing prepared SQL statement [SELECT 	`idusuario`,
	`usuario`,
	`clave_hash`,
	`nombre`,
	`rol`,
	`activo`,
	`fecha_alta`,
	`ultimo_acceso`

FROM `bd_facturacion`.`usuarios`
WHERE `usuario` = ?
]
2026-10-02T17:54:30.898+02:00  WARN 17134 --- [facturacion360] [http-nio-81-exec-9] .m.m.a.ExceptionHandlerExceptionResolver : Resolved [org.springframework.web.servlet.resource.NoResourceFoundException: No static resource img/KittyLoading.gif for request '/img/KittyLoading.gif'.]
2026-10-02T17:54:30.938+02:00  INFO 17134 --- [facturacion360] [http-nio-81-exec-1] e.x.f.controller.ClienteController       : GET /cliente/provincias
2026-10-02T17:54:30.938+02:00  INFO 17134 --- [facturacion360] [http-nio-81-exec-2] e.x.f.controller.ClienteController       : GET /cliente/poblaciones?provincia=null
2026-10-02T17:54:30.938+02:00 DEBUG 17134 --- [facturacion360] [http-nio-81-exec-2] o.s.jdbc.core.JdbcTemplate               : Executing prepared SQL query
2026-10-02T17:54:30.938+02:00 DEBUG 17134 --- [facturacion360] [http-nio-81-exec-1] o.s.jdbc.core.JdbcTemplate               : Executing SQL query [SELECT DISTINCT provincia FROM clientes WHERE provincia IS NOT NULL AND provincia <> '' ORDER BY provincia]
2026-10-02T17:54:30.938+02:00 DEBUG 17134 --- [facturacion360] [http-nio-81-exec-4] o.s.jdbc.core.JdbcTemplate               : Executing prepared SQL query
2026-10-02T17:54:30.939+02:00 DEBUG 17134 --- [facturacion360] [http-nio-81-exec-4] o.s.jdbc.core.JdbcTemplate               : Executing prepared SQL statement [SELECT 	`idusuario`,
	`usuario`,
	`clave_hash`,
	`nombre`,
	`rol`,
	`activo`,
	`fecha_alta`,
	`ultimo_acceso`

FROM `bd_facturacion`.`usuarios`
WHERE `usuario` = ?
]
2026-10-02T17:54:30.939+02:00 DEBUG 17134 --- [facturacion360] [http-nio-81-exec-2] o.s.jdbc.core.JdbcTemplate               : Executing prepared SQL statement [SELECT DISTINCT poblacion FROM clientes WHERE poblacion IS NOT NULL AND poblacion <> '' ORDER BY poblacion]
2026-10-02T17:54:30.939+02:00 DEBUG 17134 --- [facturacion360] [http-nio-81-exec-1] e.x.f.r.ClienteRepositoryJdbcImpl        : findProvincias() -> 1 provincias
2026-10-02T17:54:30.939+02:00 DEBUG 17134 --- [facturacion360] [http-nio-81-exec-2] e.x.f.r.ClienteRepositoryJdbcImpl        : findPoblaciones(provincia=null) -> 1 poblaciones
2026-10-02T17:54:30.940+02:00  INFO 17134 --- [facturacion360] [http-nio-81-exec-1] e.x.f.service.ClienteServiceImpl         : listarProvincias() -> 1 provincias
2026-10-02T17:54:30.940+02:00  INFO 17134 --- [facturacion360] [http-nio-81-exec-2] e.x.f.service.ClienteServiceImpl         : listarPoblaciones(provincia=null) -> 1 poblaciones
2026-10-02T17:54:30.940+02:00  INFO 17134 --- [facturacion360] [http-nio-81-exec-1] e.x.f.controller.ClienteController       : GET /cliente/provincias -> 200 (1 provincias)
2026-10-02T17:54:30.940+02:00  INFO 17134 --- [facturacion360] [http-nio-81-exec-2] e.x.f.controller.ClienteController       : GET /cliente/poblaciones -> 200 (1 poblaciones)
2026-10-02T17:54:30.940+02:00  INFO 17134 --- [facturacion360] [http-nio-81-exec-7] e.x.f.controller.ClienteController       : GET /cliente/listar-pagina -> CriteriosCliente[pagina=0, tamano=10, busqueda=null, provincia=null, poblacion=null, ordenarPor=fecha_alta, direccion=desc]
2026-10-02T17:54:30.940+02:00 DEBUG 17134 --- [facturacion360] [http-nio-81-exec-7] o.s.jdbc.core.JdbcTemplate               : Executing prepared SQL query
2026-10-02T17:54:30.940+02:00 DEBUG 17134 --- [facturacion360] [http-nio-81-exec-7] o.s.jdbc.core.JdbcTemplate               : Executing prepared SQL statement [SELECT idcliente, nombre, nif_cif, direccion, codigopostal, poblacion, provincia, telefono, email, fecha_alta FROM clientes ORDER BY fecha_alta IS NULL, fecha_alta DESC, idcliente DESC LIMIT ? OFFSET ?]
2026-10-02T17:54:30.941+02:00 DEBUG 17134 --- [facturacion360] [http-nio-81-exec-7] e.x.f.r.ClienteRepositoryJdbcImpl        : findPagina(CriteriosCliente[pagina=0, tamano=10, busqueda=null, provincia=null, poblacion=null, ordenarPor=fecha_alta, direccion=desc]) -> 1 filas
2026-10-02T17:54:30.941+02:00 DEBUG 17134 --- [facturacion360] [http-nio-81-exec-7] o.s.jdbc.core.JdbcTemplate               : Executing prepared SQL query
2026-10-02T17:54:30.941+02:00 DEBUG 17134 --- [facturacion360] [http-nio-81-exec-7] o.s.jdbc.core.JdbcTemplate               : Executing prepared SQL statement [SELECT COUNT(*) FROM clientes]
2026-10-02T17:54:30.941+02:00 DEBUG 17134 --- [facturacion360] [http-nio-81-exec-7] e.x.f.r.ClienteRepositoryJdbcImpl        : contarTotal(CriteriosCliente[pagina=0, tamano=10, busqueda=null, provincia=null, poblacion=null, ordenarPor=fecha_alta, direccion=desc]) -> 1 clientes
2026-10-02T17:54:30.941+02:00  INFO 17134 --- [facturacion360] [http-nio-81-exec-7] e.x.f.service.ClienteServiceImpl         : listarPagina(CriteriosCliente[pagina=0, tamano=10, busqueda=null, provincia=null, poblacion=null, ordenarPor=fecha_alta, direccion=desc]) -> pagina 1/1, 1 elementos
2026-10-02T17:54:30.942+02:00  INFO 17134 --- [facturacion360] [http-nio-81-exec-7] e.x.f.controller.ClienteController       : GET /cliente/listar-pagina -> 200 (pagina 1 de 1)
2026-10-02T17:54:32.541+02:00 DEBUG 17134 --- [facturacion360] [http-nio-81-exec-1] o.s.jdbc.core.JdbcTemplate               : Executing prepared SQL query
2026-10-02T17:54:32.541+02:00 DEBUG 17134 --- [facturacion360] [http-nio-81-exec-1] o.s.jdbc.core.JdbcTemplate               : Executing prepared SQL statement [SELECT 	`idusuario`,
	`usuario`,
	`clave_hash`,
	`nombre`,
	`rol`,
	`activo`,
	`fecha_alta`,
	`ultimo_acceso`

FROM `bd_facturacion`.`usuarios`
WHERE `usuario` = ?
]
2026-10-02T17:54:34.160+02:00  WARN 17134 --- [facturacion360] [http-nio-81-exec-3] .m.m.a.ExceptionHandlerExceptionResolver : Resolved [org.springframework.web.servlet.resource.NoResourceFoundException: No static resource img/KittyLoading.gif for request '/img/KittyLoading.gif'.]
2026-10-02T17:54:34.197+02:00  INFO 17134 --- [facturacion360] [http-nio-81-exec-10] e.x.f.controller.ClienteController       : GET /cliente/provincias
2026-10-02T17:54:34.197+02:00 DEBUG 17134 --- [facturacion360] [http-nio-81-exec-10] o.s.jdbc.core.JdbcTemplate               : Executing SQL query [SELECT DISTINCT provincia FROM clientes WHERE provincia IS NOT NULL AND provincia <> '' ORDER BY provincia]
2026-10-02T17:54:34.198+02:00  INFO 17134 --- [facturacion360] [http-nio-81-exec-2] e.x.f.controller.ClienteController       : GET /cliente/poblaciones?provincia=null
2026-10-02T17:54:34.198+02:00 DEBUG 17134 --- [facturacion360] [http-nio-81-exec-2] o.s.jdbc.core.JdbcTemplate               : Executing prepared SQL query
2026-10-02T17:54:34.198+02:00 DEBUG 17134 --- [facturacion360] [http-nio-81-exec-2] o.s.jdbc.core.JdbcTemplate               : Executing prepared SQL statement [SELECT DISTINCT poblacion FROM clientes WHERE poblacion IS NOT NULL AND poblacion <> '' ORDER BY poblacion]
2026-10-02T17:54:34.198+02:00 DEBUG 17134 --- [facturacion360] [http-nio-81-exec-10] e.x.f.r.ClienteRepositoryJdbcImpl        : findProvincias() -> 1 provincias
2026-10-02T17:54:34.198+02:00  INFO 17134 --- [facturacion360] [http-nio-81-exec-10] e.x.f.service.ClienteServiceImpl         : listarProvincias() -> 1 provincias
2026-10-02T17:54:34.198+02:00  INFO 17134 --- [facturacion360] [http-nio-81-exec-10] e.x.f.controller.ClienteController       : GET /cliente/provincias -> 200 (1 provincias)
2026-10-02T17:54:34.199+02:00 DEBUG 17134 --- [facturacion360] [http-nio-81-exec-2] e.x.f.r.ClienteRepositoryJdbcImpl        : findPoblaciones(provincia=null) -> 1 poblaciones
2026-10-02T17:54:34.199+02:00  INFO 17134 --- [facturacion360] [http-nio-81-exec-2] e.x.f.service.ClienteServiceImpl         : listarPoblaciones(provincia=null) -> 1 poblaciones
2026-10-02T17:54:34.199+02:00  INFO 17134 --- [facturacion360] [http-nio-81-exec-2] e.x.f.controller.ClienteController       : GET /cliente/poblaciones -> 200 (1 poblaciones)
2026-10-02T17:54:34.199+02:00 DEBUG 17134 --- [facturacion360] [http-nio-81-exec-4] o.s.jdbc.core.JdbcTemplate               : Executing prepared SQL query
2026-10-02T17:54:34.199+02:00 DEBUG 17134 --- [facturacion360] [http-nio-81-exec-4] o.s.jdbc.core.JdbcTemplate               : Executing prepared SQL statement [SELECT 	`idusuario`,
	`usuario`,
	`clave_hash`,
	`nombre`,
	`rol`,
	`activo`,
	`fecha_alta`,
	`ultimo_acceso`

FROM `bd_facturacion`.`usuarios`
WHERE `usuario` = ?
]
2026-10-02T17:54:34.200+02:00  INFO 17134 --- [facturacion360] [http-nio-81-exec-1] e.x.f.controller.ClienteController       : GET /cliente/listar-pagina -> CriteriosCliente[pagina=0, tamano=10, busqueda=null, provincia=null, poblacion=null, ordenarPor=fecha_alta, direccion=desc]
2026-10-02T17:54:34.200+02:00 DEBUG 17134 --- [facturacion360] [http-nio-81-exec-1] o.s.jdbc.core.JdbcTemplate               : Executing prepared SQL query
2026-10-02T17:54:34.200+02:00 DEBUG 17134 --- [facturacion360] [http-nio-81-exec-1] o.s.jdbc.core.JdbcTemplate               : Executing prepared SQL statement [SELECT idcliente, nombre, nif_cif, direccion, codigopostal, poblacion, provincia, telefono, email, fecha_alta FROM clientes ORDER BY fecha_alta IS NULL, fecha_alta DESC, idcliente DESC LIMIT ? OFFSET ?]
2026-10-02T17:54:34.201+02:00 DEBUG 17134 --- [facturacion360] [http-nio-81-exec-1] e.x.f.r.ClienteRepositoryJdbcImpl        : findPagina(CriteriosCliente[pagina=0, tamano=10, busqueda=null, provincia=null, poblacion=null, ordenarPor=fecha_alta, direccion=desc]) -> 1 filas
2026-10-02T17:54:34.201+02:00 DEBUG 17134 --- [facturacion360] [http-nio-81-exec-1] o.s.jdbc.core.JdbcTemplate               : Executing prepared SQL query
2026-10-02T17:54:34.202+02:00 DEBUG 17134 --- [facturacion360] [http-nio-81-exec-1] o.s.jdbc.core.JdbcTemplate               : Executing prepared SQL statement [SELECT COUNT(*) FROM clientes]
2026-10-02T17:54:34.202+02:00 DEBUG 17134 --- [facturacion360] [http-nio-81-exec-1] e.x.f.r.ClienteRepositoryJdbcImpl        : contarTotal(CriteriosCliente[pagina=0, tamano=10, busqueda=null, provincia=null, poblacion=null, ordenarPor=fecha_alta, direccion=desc]) -> 1 clientes
2026-10-02T17:54:34.202+02:00  INFO 17134 --- [facturacion360] [http-nio-81-exec-1] e.x.f.service.ClienteServiceImpl         : listarPagina(CriteriosCliente[pagina=0, tamano=10, busqueda=null, provincia=null, poblacion=null, ordenarPor=fecha_alta, direccion=desc]) -> pagina 1/1, 1 elementos
2026-10-02T17:54:34.203+02:00  INFO 17134 --- [facturacion360] [http-nio-81-exec-1] e.x.f.controller.ClienteController       : GET /cliente/listar-pagina -> 200 (pagina 1 de 1)
2026-10-02T17:54:34.914+02:00 DEBUG 17134 --- [facturacion360] [http-nio-81-exec-7] o.s.jdbc.core.JdbcTemplate               : Executing SQL query [SELECT f.idfactura, f.idcliente, c.nombre AS nombre_cliente, f.num_factura, f.fecha_emision, f.estado, f.observaciones, f.subtotal, f.importe_iva, f.total FROM facturas f INNER JOIN clientes c ON f.idcliente = c.idcliente ORDER BY f.fecha_emision DESC, f.idfactura DESC]
2026-10-02T17:54:34.915+02:00 DEBUG 17134 --- [facturacion360] [http-nio-81-exec-8] o.s.jdbc.core.JdbcTemplate               : Executing prepared SQL query
2026-10-02T17:54:34.915+02:00 DEBUG 17134 --- [facturacion360] [http-nio-81-exec-8] o.s.jdbc.core.JdbcTemplate               : Executing prepared SQL statement [SELECT 	`idusuario`,
	`usuario`,
	`clave_hash`,
	`nombre`,
	`rol`,
	`activo`,
	`fecha_alta`,
	`ultimo_acceso`

FROM `bd_facturacion`.`usuarios`
WHERE `usuario` = ?
]
2026-10-02T17:54:34.916+02:00 DEBUG 17134 --- [facturacion360] [http-nio-81-exec-7] e.x.f.r.FacturaRepositoryJdbcImpl        : buscar() devuelve 1 facturas
2026-10-02T17:54:36.501+02:00 DEBUG 17134 --- [facturacion360] [http-nio-81-exec-8] o.s.jdbc.core.JdbcTemplate               : Executing prepared SQL query
2026-10-02T17:54:36.502+02:00 DEBUG 17134 --- [facturacion360] [http-nio-81-exec-8] o.s.jdbc.core.JdbcTemplate               : Executing prepared SQL statement [SELECT 	`idusuario`,
	`usuario`,
	`clave_hash`,
	`nombre`,
	`rol`,
	`activo`,
	`fecha_alta`,
	`ultimo_acceso`

FROM `bd_facturacion`.`usuarios`
WHERE `usuario` = ?
]
2026-10-02T17:54:37.864+02:00 DEBUG 17134 --- [facturacion360] [http-nio-81-exec-10] o.s.jdbc.core.JdbcTemplate               : Executing SQL query [SELECT f.idfactura, f.idcliente, c.nombre AS nombre_cliente, f.num_factura, f.fecha_emision, f.estado, f.observaciones, f.subtotal, f.importe_iva, f.total FROM facturas f INNER JOIN clientes c ON f.idcliente = c.idcliente ORDER BY f.fecha_emision DESC, f.idfactura DESC]
2026-10-02T17:54:37.864+02:00 DEBUG 17134 --- [facturacion360] [http-nio-81-exec-3] o.s.jdbc.core.JdbcTemplate               : Executing prepared SQL query
2026-10-02T17:54:37.865+02:00 DEBUG 17134 --- [facturacion360] [http-nio-81-exec-3] o.s.jdbc.core.JdbcTemplate               : Executing prepared SQL statement [SELECT 	`idusuario`,
	`usuario`,
	`clave_hash`,
	`nombre`,
	`rol`,
	`activo`,
	`fecha_alta`,
	`ultimo_acceso`

FROM `bd_facturacion`.`usuarios`
WHERE `usuario` = ?
]
2026-10-02T17:54:37.866+02:00 DEBUG 17134 --- [facturacion360] [http-nio-81-exec-10] e.x.f.r.FacturaRepositoryJdbcImpl        : buscar() devuelve 1 facturas
2026-10-02T17:54:38.771+02:00  WARN 17134 --- [facturacion360] [http-nio-81-exec-5] .m.m.a.ExceptionHandlerExceptionResolver : Resolved [org.springframework.web.servlet.resource.NoResourceFoundException: No static resource img/KittyLoading.gif for request '/img/KittyLoading.gif'.]
2026-10-02T17:54:38.802+02:00  INFO 17134 --- [facturacion360] [http-nio-81-exec-6] e.x.f.controller.ClienteController       : GET /cliente/provincias
2026-10-02T17:54:38.802+02:00 DEBUG 17134 --- [facturacion360] [http-nio-81-exec-6] o.s.jdbc.core.JdbcTemplate               : Executing SQL query [SELECT DISTINCT provincia FROM clientes WHERE provincia IS NOT NULL AND provincia <> '' ORDER BY provincia]
2026-10-02T17:54:38.802+02:00  INFO 17134 --- [facturacion360] [http-nio-81-exec-3] e.x.f.controller.ClienteController       : GET /cliente/poblaciones?provincia=null
2026-10-02T17:54:38.802+02:00 DEBUG 17134 --- [facturacion360] [http-nio-81-exec-3] o.s.jdbc.core.JdbcTemplate               : Executing prepared SQL query
2026-10-02T17:54:38.802+02:00 DEBUG 17134 --- [facturacion360] [http-nio-81-exec-3] o.s.jdbc.core.JdbcTemplate               : Executing prepared SQL statement [SELECT DISTINCT poblacion FROM clientes WHERE poblacion IS NOT NULL AND poblacion <> '' ORDER BY poblacion]
2026-10-02T17:54:38.803+02:00 DEBUG 17134 --- [facturacion360] [http-nio-81-exec-3] e.x.f.r.ClienteRepositoryJdbcImpl        : findPoblaciones(provincia=null) -> 1 poblaciones
2026-10-02T17:54:38.803+02:00 DEBUG 17134 --- [facturacion360] [http-nio-81-exec-6] e.x.f.r.ClienteRepositoryJdbcImpl        : findProvincias() -> 1 provincias
2026-10-02T17:54:38.803+02:00  INFO 17134 --- [facturacion360] [http-nio-81-exec-3] e.x.f.service.ClienteServiceImpl         : listarPoblaciones(provincia=null) -> 1 poblaciones
2026-10-02T17:54:38.803+02:00  INFO 17134 --- [facturacion360] [http-nio-81-exec-3] e.x.f.controller.ClienteController       : GET /cliente/poblaciones -> 200 (1 poblaciones)
2026-10-02T17:54:38.803+02:00  INFO 17134 --- [facturacion360] [http-nio-81-exec-6] e.x.f.service.ClienteServiceImpl         : listarProvincias() -> 1 provincias
2026-10-02T17:54:38.803+02:00  INFO 17134 --- [facturacion360] [http-nio-81-exec-6] e.x.f.controller.ClienteController       : GET /cliente/provincias -> 200 (1 provincias)
2026-10-02T17:54:38.804+02:00 DEBUG 17134 --- [facturacion360] [http-nio-81-exec-2] o.s.jdbc.core.JdbcTemplate               : Executing prepared SQL query
2026-10-02T17:54:38.804+02:00 DEBUG 17134 --- [facturacion360] [http-nio-81-exec-2] o.s.jdbc.core.JdbcTemplate               : Executing prepared SQL statement [SELECT 	`idusuario`,
	`usuario`,
	`clave_hash`,
	`nombre`,
	`rol`,
	`activo`,
	`fecha_alta`,
	`ultimo_acceso`

FROM `bd_facturacion`.`usuarios`
WHERE `usuario` = ?
]
2026-10-02T17:54:38.804+02:00  INFO 17134 --- [facturacion360] [http-nio-81-exec-10] e.x.f.controller.ClienteController       : GET /cliente/listar-pagina -> CriteriosCliente[pagina=0, tamano=10, busqueda=null, provincia=null, poblacion=null, ordenarPor=fecha_alta, direccion=desc]
2026-10-02T17:54:38.804+02:00 DEBUG 17134 --- [facturacion360] [http-nio-81-exec-10] o.s.jdbc.core.JdbcTemplate               : Executing prepared SQL query
2026-10-02T17:54:38.804+02:00 DEBUG 17134 --- [facturacion360] [http-nio-81-exec-10] o.s.jdbc.core.JdbcTemplate               : Executing prepared SQL statement [SELECT idcliente, nombre, nif_cif, direccion, codigopostal, poblacion, provincia, telefono, email, fecha_alta FROM clientes ORDER BY fecha_alta IS NULL, fecha_alta DESC, idcliente DESC LIMIT ? OFFSET ?]
2026-10-02T17:54:38.805+02:00 DEBUG 17134 --- [facturacion360] [http-nio-81-exec-10] e.x.f.r.ClienteRepositoryJdbcImpl        : findPagina(CriteriosCliente[pagina=0, tamano=10, busqueda=null, provincia=null, poblacion=null, ordenarPor=fecha_alta, direccion=desc]) -> 1 filas
2026-10-02T17:54:38.805+02:00 DEBUG 17134 --- [facturacion360] [http-nio-81-exec-10] o.s.jdbc.core.JdbcTemplate               : Executing prepared SQL query
2026-10-02T17:54:38.805+02:00 DEBUG 17134 --- [facturacion360] [http-nio-81-exec-10] o.s.jdbc.core.JdbcTemplate               : Executing prepared SQL statement [SELECT COUNT(*) FROM clientes]
2026-10-02T17:54:38.806+02:00 DEBUG 17134 --- [facturacion360] [http-nio-81-exec-10] e.x.f.r.ClienteRepositoryJdbcImpl        : contarTotal(CriteriosCliente[pagina=0, tamano=10, busqueda=null, provincia=null, poblacion=null, ordenarPor=fecha_alta, direccion=desc]) -> 1 clientes
2026-10-02T17:54:38.806+02:00  INFO 17134 --- [facturacion360] [http-nio-81-exec-10] e.x.f.service.ClienteServiceImpl         : listarPagina(CriteriosCliente[pagina=0, tamano=10, busqueda=null, provincia=null, poblacion=null, ordenarPor=fecha_alta, direccion=desc]) -> pagina 1/1, 1 elementos
2026-10-02T17:54:38.806+02:00  INFO 17134 --- [facturacion360] [http-nio-81-exec-10] e.x.f.controller.ClienteController       : GET /cliente/listar-pagina -> 200 (pagina 1 de 1)
2026-10-02T17:54:40.708+02:00 DEBUG 17134 --- [facturacion360] [http-nio-81-exec-6] o.s.jdbc.core.JdbcTemplate               : Executing prepared SQL query
2026-10-02T17:54:40.708+02:00 DEBUG 17134 --- [facturacion360] [http-nio-81-exec-6] o.s.jdbc.core.JdbcTemplate               : Executing prepared SQL statement [SELECT 	`idusuario`,
	`usuario`,
	`clave_hash`,
	`nombre`,
	`rol`,
	`activo`,
	`fecha_alta`,
	`ultimo_acceso`

FROM `bd_facturacion`.`usuarios`
WHERE `usuario` = ?
]
2026-10-02T17:54:42.619+02:00  WARN 17134 --- [facturacion360] [http-nio-81-exec-1] .m.m.a.ExceptionHandlerExceptionResolver : Resolved [org.springframework.web.servlet.resource.NoResourceFoundException: No static resource img/KittyLoading.gif for request '/img/KittyLoading.gif'.]
2026-10-02T17:54:42.651+02:00  INFO 17134 --- [facturacion360] [http-nio-81-exec-7] e.x.f.controller.ClienteController       : GET /cliente/provincias
2026-10-02T17:54:42.651+02:00 DEBUG 17134 --- [facturacion360] [http-nio-81-exec-7] o.s.jdbc.core.JdbcTemplate               : Executing SQL query [SELECT DISTINCT provincia FROM clientes WHERE provincia IS NOT NULL AND provincia <> '' ORDER BY provincia]
2026-10-02T17:54:42.652+02:00  INFO 17134 --- [facturacion360] [http-nio-81-exec-3] e.x.f.controller.ClienteController       : GET /cliente/poblaciones?provincia=null
2026-10-02T17:54:42.652+02:00 DEBUG 17134 --- [facturacion360] [http-nio-81-exec-3] o.s.jdbc.core.JdbcTemplate               : Executing prepared SQL query
2026-10-02T17:54:42.652+02:00 DEBUG 17134 --- [facturacion360] [http-nio-81-exec-3] o.s.jdbc.core.JdbcTemplate               : Executing prepared SQL statement [SELECT DISTINCT poblacion FROM clientes WHERE poblacion IS NOT NULL AND poblacion <> '' ORDER BY poblacion]
2026-10-02T17:54:42.652+02:00 DEBUG 17134 --- [facturacion360] [http-nio-81-exec-2] o.s.jdbc.core.JdbcTemplate               : Executing prepared SQL query
2026-10-02T17:54:42.652+02:00 DEBUG 17134 --- [facturacion360] [http-nio-81-exec-7] e.x.f.r.ClienteRepositoryJdbcImpl        : findProvincias() -> 1 provincias
2026-10-02T17:54:42.652+02:00  INFO 17134 --- [facturacion360] [http-nio-81-exec-7] e.x.f.service.ClienteServiceImpl         : listarProvincias() -> 1 provincias
2026-10-02T17:54:42.652+02:00 DEBUG 17134 --- [facturacion360] [http-nio-81-exec-2] o.s.jdbc.core.JdbcTemplate               : Executing prepared SQL statement [SELECT 	`idusuario`,
	`usuario`,
	`clave_hash`,
	`nombre`,
	`rol`,
	`activo`,
	`fecha_alta`,
	`ultimo_acceso`

FROM `bd_facturacion`.`usuarios`
WHERE `usuario` = ?
]
2026-10-02T17:54:42.652+02:00  INFO 17134 --- [facturacion360] [http-nio-81-exec-7] e.x.f.controller.ClienteController       : GET /cliente/provincias -> 200 (1 provincias)
2026-10-02T17:54:42.652+02:00 DEBUG 17134 --- [facturacion360] [http-nio-81-exec-3] e.x.f.r.ClienteRepositoryJdbcImpl        : findPoblaciones(provincia=null) -> 1 poblaciones
2026-10-02T17:54:42.652+02:00  INFO 17134 --- [facturacion360] [http-nio-81-exec-3] e.x.f.service.ClienteServiceImpl         : listarPoblaciones(provincia=null) -> 1 poblaciones
2026-10-02T17:54:42.653+02:00  INFO 17134 --- [facturacion360] [http-nio-81-exec-3] e.x.f.controller.ClienteController       : GET /cliente/poblaciones -> 200 (1 poblaciones)
2026-10-02T17:54:42.654+02:00  INFO 17134 --- [facturacion360] [http-nio-81-exec-6] e.x.f.controller.ClienteController       : GET /cliente/listar-pagina -> CriteriosCliente[pagina=0, tamano=10, busqueda=null, provincia=null, poblacion=null, ordenarPor=fecha_alta, direccion=desc]
2026-10-02T17:54:42.654+02:00 DEBUG 17134 --- [facturacion360] [http-nio-81-exec-6] o.s.jdbc.core.JdbcTemplate               : Executing prepared SQL query
2026-10-02T17:54:42.654+02:00 DEBUG 17134 --- [facturacion360] [http-nio-81-exec-6] o.s.jdbc.core.JdbcTemplate               : Executing prepared SQL statement [SELECT idcliente, nombre, nif_cif, direccion, codigopostal, poblacion, provincia, telefono, email, fecha_alta FROM clientes ORDER BY fecha_alta IS NULL, fecha_alta DESC, idcliente DESC LIMIT ? OFFSET ?]
2026-10-02T17:54:42.655+02:00 DEBUG 17134 --- [facturacion360] [http-nio-81-exec-6] e.x.f.r.ClienteRepositoryJdbcImpl        : findPagina(CriteriosCliente[pagina=0, tamano=10, busqueda=null, provincia=null, poblacion=null, ordenarPor=fecha_alta, direccion=desc]) -> 1 filas
2026-10-02T17:54:42.655+02:00 DEBUG 17134 --- [facturacion360] [http-nio-81-exec-6] o.s.jdbc.core.JdbcTemplate               : Executing prepared SQL query
2026-10-02T17:54:42.655+02:00 DEBUG 17134 --- [facturacion360] [http-nio-81-exec-6] o.s.jdbc.core.JdbcTemplate               : Executing prepared SQL statement [SELECT COUNT(*) FROM clientes]
2026-10-02T17:54:42.655+02:00 DEBUG 17134 --- [facturacion360] [http-nio-81-exec-6] e.x.f.r.ClienteRepositoryJdbcImpl        : contarTotal(CriteriosCliente[pagina=0, tamano=10, busqueda=null, provincia=null, poblacion=null, ordenarPor=fecha_alta, direccion=desc]) -> 1 clientes
2026-10-02T17:54:42.655+02:00  INFO 17134 --- [facturacion360] [http-nio-81-exec-6] e.x.f.service.ClienteServiceImpl         : listarPagina(CriteriosCliente[pagina=0, tamano=10, busqueda=null, provincia=null, poblacion=null, ordenarPor=fecha_alta, direccion=desc]) -> pagina 1/1, 1 elementos
2026-10-02T17:54:42.656+02:00  INFO 17134 --- [facturacion360] [http-nio-81-exec-6] e.x.f.controller.ClienteController       : GET /cliente/listar-pagina -> 200 (pagina 1 de 1)
2026-10-02T17:54:44.535+02:00 DEBUG 17134 --- [facturacion360] [http-nio-81-exec-9] o.s.jdbc.core.JdbcTemplate               : Executing SQL query [SELECT f.idfactura, f.idcliente, c.nombre AS nombre_cliente, f.num_factura, f.fecha_emision, f.estado, f.observaciones, f.subtotal, f.importe_iva, f.total FROM facturas f INNER JOIN clientes c ON f.idcliente = c.idcliente ORDER BY f.fecha_emision DESC, f.idfactura DESC]
2026-10-02T17:54:44.535+02:00 DEBUG 17134 --- [facturacion360] [http-nio-81-exec-1] o.s.jdbc.core.JdbcTemplate               : Executing prepared SQL query
2026-10-02T17:54:44.535+02:00 DEBUG 17134 --- [facturacion360] [http-nio-81-exec-1] o.s.jdbc.core.JdbcTemplate               : Executing prepared SQL statement [SELECT 	`idusuario`,
	`usuario`,
	`clave_hash`,
	`nombre`,
	`rol`,
	`activo`,
	`fecha_alta`,
	`ultimo_acceso`

FROM `bd_facturacion`.`usuarios`
WHERE `usuario` = ?
]
2026-10-02T17:54:44.536+02:00 DEBUG 17134 --- [facturacion360] [http-nio-81-exec-9] e.x.f.r.FacturaRepositoryJdbcImpl        : buscar() devuelve 1 facturas
2026-10-02T17:54:47.703+02:00 DEBUG 17134 --- [facturacion360] [http-nio-81-exec-1] o.s.jdbc.core.JdbcTemplate               : Executing prepared SQL query
2026-10-02T17:54:47.703+02:00 DEBUG 17134 --- [facturacion360] [http-nio-81-exec-1] o.s.jdbc.core.JdbcTemplate               : Executing prepared SQL statement [SELECT 	`idusuario`,
	`usuario`,
	`clave_hash`,
	`nombre`,
	`rol`,
	`activo`,
	`fecha_alta`,
	`ultimo_acceso`

FROM `bd_facturacion`.`usuarios`
WHERE `usuario` = ?
]
2026-10-02T17:54:55.962+02:00 DEBUG 17134 --- [facturacion360] [http-nio-81-exec-7] o.s.jdbc.core.JdbcTemplate               : Executing prepared SQL query
2026-10-02T17:54:55.962+02:00 DEBUG 17134 --- [facturacion360] [http-nio-81-exec-7] o.s.jdbc.core.JdbcTemplate               : Executing prepared SQL statement [SELECT logo
FROM `bd_facturacion`.`emisor`
WHERE idemisor = ?
]
2026-10-02T17:54:55.963+02:00  WARN 17134 --- [facturacion360] [http-nio-81-exec-8] .m.m.a.ExceptionHandlerExceptionResolver : Resolved [org.springframework.web.servlet.resource.NoResourceFoundException: No static resource img/KittyLoading.gif for request '/img/KittyLoading.gif'.]
2026-10-02T17:54:55.998+02:00 DEBUG 17134 --- [facturacion360] [http-nio-81-exec-5] o.s.jdbc.core.JdbcTemplate               : Executing prepared SQL query
2026-10-02T17:54:55.998+02:00 DEBUG 17134 --- [facturacion360] [http-nio-81-exec-5] o.s.jdbc.core.JdbcTemplate               : Executing prepared SQL statement [SELECT
    `nombre`,
    `nif_cif`,
    `direccion`,
    `email`,
    `telefono`
FROM `bd_facturacion`.`emisor`
WHERE `idemisor` = ?
]
2026-10-02T17:54:55.998+02:00 DEBUG 17134 --- [facturacion360] [http-nio-81-exec-8] o.s.jdbc.core.JdbcTemplate               : Executing prepared SQL query
2026-10-02T17:54:55.998+02:00 DEBUG 17134 --- [facturacion360] [http-nio-81-exec-8] o.s.jdbc.core.JdbcTemplate               : Executing prepared SQL statement [SELECT 	`idusuario`,
	`usuario`,
	`clave_hash`,
	`nombre`,
	`rol`,
	`activo`,
	`fecha_alta`,
	`ultimo_acceso`

FROM `bd_facturacion`.`usuarios`
WHERE `usuario` = ?
]
2026-10-02T17:54:56.005+02:00 DEBUG 17134 --- [facturacion360] [http-nio-81-exec-7] o.s.jdbc.core.JdbcTemplate               : Executing prepared SQL query
2026-10-02T17:54:56.005+02:00 DEBUG 17134 --- [facturacion360] [http-nio-81-exec-7] o.s.jdbc.core.JdbcTemplate               : Executing prepared SQL statement [SELECT logo
FROM `bd_facturacion`.`emisor`
WHERE idemisor = ?
]
2026-10-02T17:54:59.261+02:00 DEBUG 17134 --- [facturacion360] [http-nio-81-exec-7] o.s.jdbc.core.JdbcTemplate               : Executing prepared SQL query
2026-10-02T17:54:59.261+02:00 DEBUG 17134 --- [facturacion360] [http-nio-81-exec-6] o.s.jdbc.core.JdbcTemplate               : Executing prepared SQL query
2026-10-02T17:54:59.261+02:00 DEBUG 17134 --- [facturacion360] [http-nio-81-exec-6] o.s.jdbc.core.JdbcTemplate               : Executing prepared SQL statement [SELECT 	`idusuario`,
	`usuario`,
	`clave_hash`,
	`nombre`,
	`rol`,
	`activo`,
	`fecha_alta`,
	`ultimo_acceso`

FROM `bd_facturacion`.`usuarios`
WHERE `usuario` = ?
]
2026-10-02T17:54:59.261+02:00 DEBUG 17134 --- [facturacion360] [http-nio-81-exec-7] o.s.jdbc.core.JdbcTemplate               : Executing prepared SQL statement [SELECT 	`idusuario`,
	`usuario`,
	`clave_hash`,
	`nombre`,
	`rol`,
	`activo`,
	`fecha_alta`,
	`ultimo_acceso`

FROM `bd_facturacion`.`usuarios`
WHERE `usuario` = ?
]
2026-10-02T17:54:59.266+02:00  INFO 17134 --- [facturacion360] [http-nio-81-exec-4] e.x.f.controller.UsuarioAdminController  : Listado de cuentas del panel
2026-10-02T17:54:59.266+02:00 DEBUG 17134 --- [facturacion360] [http-nio-81-exec-4] o.s.jdbc.core.JdbcTemplate               : Executing SQL query [SELECT 	`idusuario`,
	`usuario`,
	`clave_hash`,
	`nombre`,
	`rol`,
	`activo`,
	`fecha_alta`,
	`ultimo_acceso`

FROM `bd_facturacion`.`usuarios`
ORDER BY `idusuario` ASC
]
2026-10-02T17:54:59.267+02:00 DEBUG 17134 --- [facturacion360] [http-nio-81-exec-4] e.x.f.service.UsuarioServiceImpl         : Listado de usuarios del panel: 9 cuentas
2026-10-02T17:55:00.976+02:00 DEBUG 17134 --- [facturacion360] [http-nio-81-exec-7] o.s.jdbc.core.JdbcTemplate               : Executing prepared SQL query
2026-10-02T17:55:00.976+02:00 DEBUG 17134 --- [facturacion360] [http-nio-81-exec-7] o.s.jdbc.core.JdbcTemplate               : Executing prepared SQL statement [SELECT 	`idusuario`,
	`usuario`,
	`clave_hash`,
	`nombre`,
	`rol`,
	`activo`,
	`fecha_alta`,
	`ultimo_acceso`

FROM `bd_facturacion`.`usuarios`
WHERE `usuario` = ?
]
2026-10-02T17:55:02.689+02:00 DEBUG 17134 --- [facturacion360] [http-nio-81-exec-4] o.s.jdbc.core.JdbcTemplate               : Executing prepared SQL query
2026-10-02T17:55:02.689+02:00 DEBUG 17134 --- [facturacion360] [http-nio-81-exec-7] o.s.jdbc.core.JdbcTemplate               : Executing prepared SQL query
2026-10-02T17:55:02.689+02:00 DEBUG 17134 --- [facturacion360] [http-nio-81-exec-4] o.s.jdbc.core.JdbcTemplate               : Executing prepared SQL statement [SELECT 	`idusuario`,
	`usuario`,
	`clave_hash`,
	`nombre`,
	`rol`,
	`activo`,
	`fecha_alta`,
	`ultimo_acceso`

FROM `bd_facturacion`.`usuarios`
WHERE `usuario` = ?
]
2026-10-02T17:55:02.689+02:00 DEBUG 17134 --- [facturacion360] [http-nio-81-exec-7] o.s.jdbc.core.JdbcTemplate               : Executing prepared SQL statement [SELECT 	`idusuario`,
	`usuario`,
	`clave_hash`,
	`nombre`,
	`rol`,
	`activo`,
	`fecha_alta`,
	`ultimo_acceso`

FROM `bd_facturacion`.`usuarios`
WHERE `usuario` = ?
]
2026-10-02T17:55:02.692+02:00  INFO 17134 --- [facturacion360] [http-nio-81-exec-10] e.x.f.controller.UsuarioAdminController  : Listado de cuentas del panel
2026-10-02T17:55:02.692+02:00 DEBUG 17134 --- [facturacion360] [http-nio-81-exec-10] o.s.jdbc.core.JdbcTemplate               : Executing SQL query [SELECT 	`idusuario`,
	`usuario`,
	`clave_hash`,
	`nombre`,
	`rol`,
	`activo`,
	`fecha_alta`,
	`ultimo_acceso`

FROM `bd_facturacion`.`usuarios`
ORDER BY `idusuario` ASC
]
2026-10-02T17:55:02.693+02:00 DEBUG 17134 --- [facturacion360] [http-nio-81-exec-10] e.x.f.service.UsuarioServiceImpl         : Listado de usuarios del panel: 9 cuentas
2026-10-02T17:55:03.586+02:00 DEBUG 17134 --- [facturacion360] [http-nio-81-exec-7] o.s.jdbc.core.JdbcTemplate               : Executing prepared SQL query
2026-10-02T17:55:03.586+02:00 DEBUG 17134 --- [facturacion360] [http-nio-81-exec-7] o.s.jdbc.core.JdbcTemplate               : Executing prepared SQL statement [SELECT 	`idusuario`,
	`usuario`,
	`clave_hash`,
	`nombre`,
	`rol`,
	`activo`,
	`fecha_alta`,
	`ultimo_acceso`

FROM `bd_facturacion`.`usuarios`
WHERE `usuario` = ?
]
2026-10-02T17:55:05.370+02:00 DEBUG 17134 --- [facturacion360] [http-nio-81-exec-10] o.s.jdbc.core.JdbcTemplate               : Executing prepared SQL query
2026-10-02T17:55:05.370+02:00 DEBUG 17134 --- [facturacion360] [http-nio-81-exec-7] o.s.jdbc.core.JdbcTemplate               : Executing prepared SQL query
2026-10-02T17:55:05.370+02:00 DEBUG 17134 --- [facturacion360] [http-nio-81-exec-10] o.s.jdbc.core.JdbcTemplate               : Executing prepared SQL statement [SELECT 	`idusuario`,
	`usuario`,
	`clave_hash`,
	`nombre`,
	`rol`,
	`activo`,
	`fecha_alta`,
	`ultimo_acceso`

FROM `bd_facturacion`.`usuarios`
WHERE `usuario` = ?
]
2026-10-02T17:55:05.370+02:00 DEBUG 17134 --- [facturacion360] [http-nio-81-exec-7] o.s.jdbc.core.JdbcTemplate               : Executing prepared SQL statement [SELECT 	`idusuario`,
	`usuario`,
	`clave_hash`,
	`nombre`,
	`rol`,
	`activo`,
	`fecha_alta`,
	`ultimo_acceso`

FROM `bd_facturacion`.`usuarios`
WHERE `usuario` = ?
]
2026-10-02T17:55:05.375+02:00  INFO 17134 --- [facturacion360] [http-nio-81-exec-2] e.x.f.controller.UsuarioAdminController  : Listado de cuentas del panel
2026-10-02T17:55:05.375+02:00 DEBUG 17134 --- [facturacion360] [http-nio-81-exec-2] o.s.jdbc.core.JdbcTemplate               : Executing SQL query [SELECT 	`idusuario`,
	`usuario`,
	`clave_hash`,
	`nombre`,
	`rol`,
	`activo`,
	`fecha_alta`,
	`ultimo_acceso`

FROM `bd_facturacion`.`usuarios`
ORDER BY `idusuario` ASC
]
2026-10-02T17:55:05.376+02:00 DEBUG 17134 --- [facturacion360] [http-nio-81-exec-2] e.x.f.service.UsuarioServiceImpl         : Listado de usuarios del panel: 9 cuentas
2026-10-02T19:52:11.993+02:00  INFO 17134 --- [facturacion360] [File Watcher] rtingClassPathChangeChangedEventListener : Restarting due to 14 class path changes (0 additions, 0 deletions, 14 modifications)
2026-10-02T19:52:11.999+02:00  INFO 17134 --- [facturacion360] [Thread-1] o.s.boot.tomcat.GracefulShutdown         : Commencing graceful shutdown. Waiting for active requests to complete
2026-10-02T19:52:12.001+02:00  INFO 17134 --- [facturacion360] [tomcat-shutdown] o.s.boot.tomcat.GracefulShutdown         : Graceful shutdown complete
2026-10-02T19:52:12.005+02:00  INFO 17134 --- [facturacion360] [Thread-1] com.zaxxer.hikari.HikariDataSource       : HikariPool-1 - Shutdown initiated...
2026-10-02T19:52:12.006+02:00  INFO 17134 --- [facturacion360] [Thread-1] com.zaxxer.hikari.HikariDataSource       : HikariPool-1 - Shutdown completed.
2026-10-02T19:52:12.091+02:00  INFO 17134 --- [facturacion360] [restartedMain] e.x.f.Facturacion360Application          : Starting Facturacion360Application using Java 21.0.12 with PID 17134 (/root/git/facturacion360-Proyecto-de-facturacion/facturacion360/target/classes started by root in /root/git/facturacion360-Proyecto-de-facturacion/facturacion360)
2026-10-02T19:52:12.091+02:00 DEBUG 17134 --- [facturacion360] [restartedMain] e.x.f.Facturacion360Application          : Running with Spring Boot v4.1.0, Spring v7.0.8
2026-10-02T19:52:12.091+02:00  INFO 17134 --- [facturacion360] [restartedMain] e.x.f.Facturacion360Application          : No active profile set, falling back to 1 default profile: "default"
2026-10-02T19:52:12.327+02:00  INFO 17134 --- [facturacion360] [restartedMain] o.s.boot.tomcat.TomcatWebServer          : Tomcat initialized with port 81 (http)
2026-10-02T19:52:12.328+02:00  INFO 17134 --- [facturacion360] [restartedMain] o.apache.catalina.core.StandardService   : Starting service [Tomcat]
2026-10-02T19:52:12.328+02:00  INFO 17134 --- [facturacion360] [restartedMain] o.apache.catalina.core.StandardEngine    : Starting Servlet engine: [Apache Tomcat/11.0.22]
2026-10-02T19:52:12.336+02:00  INFO 17134 --- [facturacion360] [restartedMain] b.w.c.s.WebApplicationContextInitializer : Root WebApplicationContext: initialization completed in 241 ms
2026-10-02T19:52:12.384+02:00  INFO 17134 --- [facturacion360] [restartedMain] r$InitializeUserDetailsManagerConfigurer : Global AuthenticationManager configured with UserDetailsService bean with name usuariosDetailsService
2026-10-02T19:52:12.482+02:00  INFO 17134 --- [facturacion360] [restartedMain] o.s.b.w.a.WelcomePageHandlerMapping      : Adding welcome page: class path resource [static/index.html]
2026-10-02T19:52:12.553+02:00  INFO 17134 --- [facturacion360] [restartedMain] o.s.boot.tomcat.TomcatWebServer          : Tomcat started on port 81 (http) with context path '/'
2026-10-02T19:52:12.556+02:00  INFO 17134 --- [facturacion360] [restartedMain] e.x.f.Facturacion360Application          : Started Facturacion360Application in 0.513 seconds (process running for 7175.243)
2026-10-02T19:52:12.557+02:00  WARN 17134 --- [facturacion360] [restartedMain] o.s.core.events.SpringDocAppInitializer  : SpringDoc /v3/api-docs endpoint is enabled by default. To disable it in production, set the property 'springdoc.api-docs.enabled=false'
2026-10-02T19:52:12.557+02:00  WARN 17134 --- [facturacion360] [restartedMain] o.s.core.events.SpringDocAppInitializer  : SpringDoc /swagger-ui.html endpoint is enabled by default. To disable it in production, set the property 'springdoc.swagger-ui.enabled=false'
2026-10-02T19:52:12.558+02:00  INFO 17134 --- [facturacion360] [restartedMain] .ConditionEvaluationDeltaLoggingListener : Condition evaluation unchanged
2026-10-02T19:52:16.033+02:00  INFO 17134 --- [facturacion360] [RMI TCP Connection(125)-127.0.0.1] inMXBeanRegistrar$SpringApplicationAdmin : Application shutdown requested.
2026-10-02T19:52:16.034+02:00  INFO 17134 --- [facturacion360] [RMI TCP Connection(125)-127.0.0.1] o.s.boot.tomcat.GracefulShutdown         : Commencing graceful shutdown. Waiting for active requests to complete
2026-10-02T19:52:16.035+02:00  INFO 17134 --- [facturacion360] [tomcat-shutdown] o.s.boot.tomcat.GracefulShutdown         : Graceful shutdown complete
2026-10-02T19:57:27.740+02:00  INFO 27508 --- [facturacion360] [restartedMain] e.x.f.Facturacion360Application          : Starting Facturacion360Application using Java 21.0.12 with PID 27508 (/root/git/facturacion360-Proyecto-de-facturacion/facturacion360/target/classes started by root in /root/git/facturacion360-Proyecto-de-facturacion/facturacion360)
2026-10-02T19:57:27.741+02:00 DEBUG 27508 --- [facturacion360] [restartedMain] e.x.f.Facturacion360Application          : Running with Spring Boot v4.1.0, Spring v7.0.8
2026-10-02T19:57:27.742+02:00  INFO 27508 --- [facturacion360] [restartedMain] e.x.f.Facturacion360Application          : No active profile set, falling back to 1 default profile: "default"
2026-10-02T19:57:27.768+02:00  INFO 27508 --- [facturacion360] [restartedMain] .e.DevToolsPropertyDefaultsPostProcessor : Devtools property defaults active! Set 'spring.devtools.add-properties' to 'false' to disable
2026-10-02T19:57:27.768+02:00  INFO 27508 --- [facturacion360] [restartedMain] .e.DevToolsPropertyDefaultsPostProcessor : For additional web related logging consider setting the 'logging.level.web' property to 'DEBUG'
2026-10-02T19:57:28.364+02:00  INFO 27508 --- [facturacion360] [restartedMain] o.s.boot.tomcat.TomcatWebServer          : Tomcat initialized with port 81 (http)
2026-10-02T19:57:28.371+02:00  INFO 27508 --- [facturacion360] [restartedMain] o.apache.catalina.core.StandardService   : Starting service [Tomcat]
2026-10-02T19:57:28.371+02:00  INFO 27508 --- [facturacion360] [restartedMain] o.apache.catalina.core.StandardEngine    : Starting Servlet engine: [Apache Tomcat/11.0.22]
2026-10-02T19:57:28.388+02:00  INFO 27508 --- [facturacion360] [restartedMain] b.w.c.s.WebApplicationContextInitializer : Root WebApplicationContext: initialization completed in 619 ms
2026-10-02T19:57:28.490+02:00  INFO 27508 --- [facturacion360] [restartedMain] r$InitializeUserDetailsManagerConfigurer : Global AuthenticationManager configured with UserDetailsService bean with name usuariosDetailsService
2026-10-02T19:57:28.671+02:00  INFO 27508 --- [facturacion360] [restartedMain] o.s.b.w.a.WelcomePageHandlerMapping      : Adding welcome page: class path resource [static/index.html]
2026-10-02T19:57:28.837+02:00  INFO 27508 --- [facturacion360] [restartedMain] o.s.boot.tomcat.TomcatWebServer          : Tomcat started on port 81 (http) with context path '/'
2026-10-02T19:57:28.842+02:00  INFO 27508 --- [facturacion360] [restartedMain] e.x.f.Facturacion360Application          : Started Facturacion360Application in 1.357 seconds (process running for 1.564)
2026-10-02T19:57:28.843+02:00  WARN 27508 --- [facturacion360] [restartedMain] o.s.core.events.SpringDocAppInitializer  : SpringDoc /v3/api-docs endpoint is enabled by default. To disable it in production, set the property 'springdoc.api-docs.enabled=false'
2026-10-02T19:57:28.843+02:00  WARN 27508 --- [facturacion360] [restartedMain] o.s.core.events.SpringDocAppInitializer  : SpringDoc /swagger-ui.html endpoint is enabled by default. To disable it in production, set the property 'springdoc.swagger-ui.enabled=false'
2026-10-02T22:06:36.506+02:00  INFO 27508 --- [facturacion360] [RMI TCP Connection(133)-127.0.0.1] inMXBeanRegistrar$SpringApplicationAdmin : Application shutdown requested.
2026-10-02T22:06:36.508+02:00  INFO 27508 --- [facturacion360] [RMI TCP Connection(133)-127.0.0.1] o.s.boot.tomcat.GracefulShutdown         : Commencing graceful shutdown. Waiting for active requests to complete
2026-10-02T22:06:36.511+02:00  INFO 27508 --- [facturacion360] [tomcat-shutdown] o.s.boot.tomcat.GracefulShutdown         : Graceful shutdown complete
2026-10-02T22:08:59.150+02:00  INFO 38210 --- [main] e.x.f.seguridad.PanelUsuariosTests       : Starting PanelUsuariosTests using Java 21.0.12 with PID 38210 (started by root in /root/git/facturacion360-Proyecto-de-facturacion/facturacion360)
2026-10-02T22:08:59.151+02:00  INFO 38210 --- [main] e.x.f.seguridad.PanelUsuariosTests       : No active profile set, falling back to 1 default profile: "default"
2026-10-02T22:08:59.872+02:00  INFO 38210 --- [main] com.zaxxer.hikari.HikariDataSource       : HikariPool-1 - Starting...
2026-10-02T22:09:00.003+02:00  INFO 38210 --- [main] com.zaxxer.hikari.pool.HikariPool        : HikariPool-1 - Added connection conn0: url=jdbc:h2:mem:bd_facturacion_test user=SA
2026-10-02T22:09:00.005+02:00  INFO 38210 --- [main] com.zaxxer.hikari.HikariDataSource       : HikariPool-1 - Start completed.
2026-10-02T22:09:00.050+02:00  INFO 38210 --- [main] r$InitializeUserDetailsManagerConfigurer : Global AuthenticationManager configured with UserDetailsService bean with name usuariosDetailsService
2026-10-02T22:09:00.426+02:00  INFO 38210 --- [main] o.s.b.w.a.WelcomePageHandlerMapping      : Adding welcome page: class path resource [static/index.html]
2026-10-02T22:09:00.704+02:00  INFO 38210 --- [main] o.s.b.t.m.w.SpringBootMockServletContext : Initializing Spring TestDispatcherServlet ''
2026-10-02T22:09:00.705+02:00  INFO 38210 --- [main] o.s.t.web.servlet.TestDispatcherServlet  : Initializing Servlet ''
2026-10-02T22:09:00.708+02:00  INFO 38210 --- [main] o.s.t.web.servlet.TestDispatcherServlet  : Completed initialization in 3 ms
2026-10-02T22:09:00.761+02:00  INFO 38210 --- [main] e.x.f.seguridad.PanelUsuariosTests       : Started PanelUsuariosTests in 1.868 seconds (process running for 2.554)
2026-10-02T22:09:00.764+02:00  WARN 38210 --- [main] o.s.core.events.SpringDocAppInitializer  : SpringDoc /v3/api-docs endpoint is enabled by default. To disable it in production, set the property 'springdoc.api-docs.enabled=false'
2026-10-02T22:09:00.771+02:00  WARN 38210 --- [main] o.s.core.events.SpringDocAppInitializer  : SpringDoc /swagger-ui.html endpoint is enabled by default. To disable it in production, set the property 'springdoc.swagger-ui.enabled=false'
2026-10-02T22:09:01.249+02:00  INFO 38210 --- [main] e.x.f.controller.AuthController          : Inicio de sesión correcto: admin ([ROLE_ADMIN, FactorGrantedAuthority [authority=FACTOR_PASSWORD, issuedAt=2026-10-02T20:09:01.243629593Z]])
2026-10-02T22:09:01.320+02:00  INFO 38210 --- [main] e.x.f.service.UsuarioServiceImpl         : Alta de usuario desde el panel: para-borrar con rol USUARIO
2026-10-02T22:09:01.323+02:00  INFO 38210 --- [main] e.x.f.controller.UsuarioAdminController  : Cuenta creada desde el panel: para-borrar
2026-10-02T22:09:01.384+02:00  INFO 38210 --- [main] e.x.f.controller.AuthController          : Inicio de sesión correcto: admin ([ROLE_ADMIN, FactorGrantedAuthority [authority=FACTOR_PASSWORD, issuedAt=2026-10-02T20:09:01.383498209Z]])
2026-10-02T22:09:01.443+02:00  INFO 38210 --- [main] e.x.f.service.UsuarioServiceImpl         : Cuenta borrada por admin: para-borrar
2026-10-02T22:09:01.443+02:00  INFO 38210 --- [main] e.x.f.controller.UsuarioAdminController  : Cuenta borrada desde el panel: 4
2026-10-02T22:09:01.471+02:00  WARN 38210 --- [main] e.x.f.seguridad.UsuariosDetailsService   : Intento de acceso con un usuario que no está dado de alta: para-borrar
2026-10-02T22:09:01.525+02:00  WARN 38210 --- [main] e.x.f.controller.ManejadorExcepciones    : Intento de acceso rechazado: usuario o contraseña incorrectos
2026-10-02T22:09:01.589+02:00  INFO 38210 --- [main] e.x.f.controller.AuthController          : Inicio de sesión correcto: admin ([ROLE_ADMIN, FactorGrantedAuthority [authority=FACTOR_PASSWORD, issuedAt=2026-10-02T20:09:01.588609195Z]])
2026-10-02T22:09:01.644+02:00  INFO 38210 --- [main] e.x.f.service.UsuarioServiceImpl         : Alta de usuario desde el panel: para-borrar con rol USUARIO
2026-10-02T22:09:01.644+02:00  INFO 38210 --- [main] e.x.f.controller.UsuarioAdminController  : Cuenta creada desde el panel: para-borrar
2026-10-02T22:09:01.701+02:00  INFO 38210 --- [main] e.x.f.controller.AuthController          : Inicio de sesión correcto: admin ([ROLE_ADMIN, FactorGrantedAuthority [authority=FACTOR_PASSWORD, issuedAt=2026-10-02T20:09:01.700277093Z]])
2026-10-02T22:09:01.756+02:00  INFO 38210 --- [main] e.x.f.service.UsuarioServiceImpl         : Cuenta borrada por admin: para-borrar
2026-10-02T22:09:01.757+02:00  INFO 38210 --- [main] e.x.f.controller.UsuarioAdminController  : Cuenta borrada desde el panel: 5
2026-10-02T22:09:01.826+02:00  INFO 38210 --- [main] e.x.f.controller.AuthController          : Inicio de sesión correcto: admin ([ROLE_ADMIN, FactorGrantedAuthority [authority=FACTOR_PASSWORD, issuedAt=2026-10-02T20:09:01.825298138Z]])
2026-10-02T22:09:01.837+02:00  INFO 38210 --- [main] e.x.f.service.UsuarioServiceImpl         : Cuenta modificada: datos (rol ADMIN, activo true)
2026-10-02T22:09:01.837+02:00  INFO 38210 --- [main] e.x.f.controller.UsuarioAdminController  : Cuenta editada desde el panel: datos
2026-10-02T22:09:01.913+02:00  INFO 38210 --- [main] e.x.f.controller.AuthController          : Inicio de sesión correcto: datos ([ROLE_ADMIN, FactorGrantedAuthority [authority=FACTOR_PASSWORD, issuedAt=2026-10-02T20:09:01.912579128Z]])
2026-10-02T22:09:01.915+02:00  INFO 38210 --- [main] e.x.f.controller.UsuarioAdminController  : Listado de cuentas del panel
2026-10-02T22:09:01.977+02:00  INFO 38210 --- [main] e.x.f.controller.AuthController          : Inicio de sesión correcto: admin ([ROLE_ADMIN, FactorGrantedAuthority [authority=FACTOR_PASSWORD, issuedAt=2026-10-02T20:09:01.976462738Z]])
2026-10-02T22:09:01.981+02:00  INFO 38210 --- [main] e.x.f.service.UsuarioServiceImpl         : Cuenta modificada: datos (rol USUARIO, activo true)
2026-10-02T22:09:01.981+02:00  INFO 38210 --- [main] e.x.f.controller.UsuarioAdminController  : Cuenta editada desde el panel: datos
2026-10-02T22:09:01.989+02:00  INFO 38210 --- [main] e.x.f.s.PuntoEntradaNoAutenticada        : Petición sin sesión a /usuarios.html: se redirige al login
2026-10-02T22:09:02.049+02:00  INFO 38210 --- [main] e.x.f.controller.AuthController          : Inicio de sesión correcto: admin ([ROLE_ADMIN, FactorGrantedAuthority [authority=FACTOR_PASSWORD, issuedAt=2026-10-02T20:09:02.048426475Z]])
2026-10-02T22:09:02.052+02:00  WARN 38210 --- [main] e.x.f.service.UsuarioServiceImpl         : Se ha rechazado un intento de borrar la propia cuenta: admin
2026-10-02T22:09:02.052+02:00  WARN 38210 --- [main] e.x.f.controller.ManejadorExcepciones    : Se ha rechazado un cambio que dejaría la aplicación sin administradores
2026-10-02T22:09:02.119+02:00  INFO 38210 --- [main] e.x.f.controller.AuthController          : Inicio de sesión correcto: admin ([ROLE_ADMIN, FactorGrantedAuthority [authority=FACTOR_PASSWORD, issuedAt=2026-10-02T20:09:02.118689048Z]])
2026-10-02T22:09:02.174+02:00  INFO 38210 --- [main] e.x.f.service.UsuarioServiceImpl         : Alta de usuario desde el panel: otro-admin con rol ADMIN
2026-10-02T22:09:02.174+02:00  INFO 38210 --- [main] e.x.f.controller.UsuarioAdminController  : Cuenta creada desde el panel: otro-admin
2026-10-02T22:09:02.230+02:00  INFO 38210 --- [main] e.x.f.controller.AuthController          : Inicio de sesión correcto: admin ([ROLE_ADMIN, FactorGrantedAuthority [authority=FACTOR_PASSWORD, issuedAt=2026-10-02T20:09:02.229682008Z]])
2026-10-02T22:09:02.285+02:00  INFO 38210 --- [main] e.x.f.service.UsuarioServiceImpl         : Cuenta borrada por admin: otro-admin
2026-10-02T22:09:02.286+02:00  INFO 38210 --- [main] e.x.f.controller.UsuarioAdminController  : Cuenta borrada desde el panel: 6
2026-10-02T22:09:02.340+02:00  INFO 38210 --- [main] e.x.f.controller.AuthController          : Inicio de sesión correcto: admin ([ROLE_ADMIN, FactorGrantedAuthority [authority=FACTOR_PASSWORD, issuedAt=2026-10-02T20:09:02.339985495Z]])
2026-10-02T22:09:02.394+02:00  INFO 38210 --- [main] e.x.f.service.UsuarioServiceImpl         : Alta de usuario desde el panel: segundo-admin con rol ADMIN
2026-10-02T22:09:02.395+02:00  INFO 38210 --- [main] e.x.f.controller.UsuarioAdminController  : Cuenta creada desde el panel: segundo-admin
2026-10-02T22:09:02.449+02:00  INFO 38210 --- [main] e.x.f.controller.AuthController          : Inicio de sesión correcto: segundo-admin ([ROLE_ADMIN, FactorGrantedAuthority [authority=FACTOR_PASSWORD, issuedAt=2026-10-02T20:09:02.448912968Z]])
2026-10-02T22:09:02.504+02:00  INFO 38210 --- [main] e.x.f.service.UsuarioServiceImpl         : Cuenta borrada por segundo-admin: admin
2026-10-02T22:09:02.505+02:00  INFO 38210 --- [main] e.x.f.controller.UsuarioAdminController  : Cuenta borrada desde el panel: 1
2026-10-02T22:09:02.508+02:00  WARN 38210 --- [main] e.x.f.seguridad.UsuariosDetailsService   : Intento de acceso con un usuario que no está dado de alta: admin
2026-10-02T22:09:02.559+02:00  WARN 38210 --- [main] e.x.f.controller.ManejadorExcepciones    : Intento de acceso rechazado: usuario o contraseña incorrectos
2026-10-02T22:09:02.560+02:00  INFO 38210 --- [main] e.x.f.controller.UsuarioAdminController  : Listado de cuentas del panel
2026-10-02T22:09:02.569+02:00  WARN 38210 --- [main] e.x.f.seguridad.UsuariosDetailsService   : Intento de acceso con un usuario que no está dado de alta: admin
2026-10-02T22:09:02.622+02:00  WARN 38210 --- [main] e.x.f.controller.ManejadorExcepciones    : Intento de acceso rechazado: usuario o contraseña incorrectos
2026-10-02T22:09:02.685+02:00  INFO 38210 --- [main] e.x.f.controller.AuthController          : Inicio de sesión correcto: datos ([ROLE_USUARIO, FactorGrantedAuthority [authority=FACTOR_PASSWORD, issuedAt=2026-10-02T20:09:02.684983097Z]])
2026-10-02T22:09:02.687+02:00  WARN 38210 --- [main] e.x.f.seguridad.AccesoDenegado           : Acceso denegado a /usuarios por datos: No tienes permiso para hacer esta operación. Necesitas ser administrador.
2026-10-02T22:09:02.688+02:00  WARN 38210 --- [main] e.x.f.seguridad.AccesoDenegado           : Acceso denegado a /usuarios.html por datos: No tienes permiso para hacer esta operación. Necesitas ser administrador.
2026-10-02T22:09:02.694+02:00  WARN 38210 --- [main] e.x.f.seguridad.UsuariosDetailsService   : Intento de acceso con un usuario que no está dado de alta: admin
2026-10-02T22:09:02.746+02:00  WARN 38210 --- [main] e.x.f.controller.ManejadorExcepciones    : Intento de acceso rechazado: usuario o contraseña incorrectos
2026-10-02T22:09:02.755+02:00  WARN 38210 --- [main] e.x.f.seguridad.UsuariosDetailsService   : Intento de acceso con un usuario que no está dado de alta: admin
2026-10-02T22:09:02.807+02:00  WARN 38210 --- [main] e.x.f.controller.ManejadorExcepciones    : Intento de acceso rechazado: usuario o contraseña incorrectos
2026-10-02T22:09:02.814+02:00  WARN 38210 --- [main] e.x.f.seguridad.UsuariosDetailsService   : Intento de acceso con un usuario que no está dado de alta: admin
2026-10-02T22:09:02.870+02:00  WARN 38210 --- [main] e.x.f.controller.ManejadorExcepciones    : Intento de acceso rechazado: usuario o contraseña incorrectos
2026-10-02T22:09:02.877+02:00  WARN 38210 --- [main] e.x.f.seguridad.UsuariosDetailsService   : Intento de acceso con un usuario que no está dado de alta: admin
2026-10-02T22:09:02.933+02:00  WARN 38210 --- [main] e.x.f.controller.ManejadorExcepciones    : Intento de acceso rechazado: usuario o contraseña incorrectos
2026-10-02T22:09:02.939+02:00  WARN 38210 --- [main] e.x.f.seguridad.UsuariosDetailsService   : Intento de acceso con un usuario que no está dado de alta: admin
2026-10-02T22:09:02.993+02:00  WARN 38210 --- [main] e.x.f.controller.ManejadorExcepciones    : Intento de acceso rechazado: usuario o contraseña incorrectos
2026-10-02T22:09:02.999+02:00  WARN 38210 --- [main] e.x.f.seguridad.UsuariosDetailsService   : Intento de acceso con un usuario que no está dado de alta: admin
2026-10-02T22:09:03.050+02:00  WARN 38210 --- [main] e.x.f.controller.ManejadorExcepciones    : Intento de acceso rechazado: usuario o contraseña incorrectos
2026-10-02T22:09:03.056+02:00  WARN 38210 --- [main] e.x.f.seguridad.UsuariosDetailsService   : Intento de acceso con un usuario que no está dado de alta: admin
2026-10-02T22:09:03.108+02:00  WARN 38210 --- [main] e.x.f.controller.ManejadorExcepciones    : Intento de acceso rechazado: usuario o contraseña incorrectos
2026-10-02T22:09:03.113+02:00  WARN 38210 --- [main] e.x.f.seguridad.UsuariosDetailsService   : Intento de acceso con un usuario que no está dado de alta: admin
2026-10-02T22:09:03.165+02:00  WARN 38210 --- [main] e.x.f.controller.ManejadorExcepciones    : Intento de acceso rechazado: usuario o contraseña incorrectos
2026-10-02T22:09:03.171+02:00  WARN 38210 --- [main] e.x.f.seguridad.UsuariosDetailsService   : Intento de acceso con un usuario que no está dado de alta: admin
2026-10-02T22:09:03.224+02:00  WARN 38210 --- [main] e.x.f.controller.ManejadorExcepciones    : Intento de acceso rechazado: usuario o contraseña incorrectos
2026-10-02T22:09:03.232+02:00  WARN 38210 --- [main] e.x.f.seguridad.UsuariosDetailsService   : Intento de acceso con un usuario que no está dado de alta: admin
2026-10-02T22:09:03.284+02:00  WARN 38210 --- [main] e.x.f.controller.ManejadorExcepciones    : Intento de acceso rechazado: usuario o contraseña incorrectos
2026-10-02T22:09:03.291+02:00  WARN 38210 --- [main] e.x.f.seguridad.UsuariosDetailsService   : Intento de acceso con un usuario que no está dado de alta: admin
2026-10-02T22:09:03.343+02:00  WARN 38210 --- [main] e.x.f.controller.ManejadorExcepciones    : Intento de acceso rechazado: usuario o contraseña incorrectos
2026-10-02T22:09:03.403+02:00  INFO 38210 --- [main] e.x.f.controller.AuthController          : Inicio de sesión correcto: datos ([ROLE_USUARIO, FactorGrantedAuthority [authority=FACTOR_PASSWORD, issuedAt=2026-10-02T20:09:03.402596190Z]])
2026-10-02T22:09:03.404+02:00  WARN 38210 --- [main] e.x.f.seguridad.AccesoDenegado           : Acceso denegado a /usuarios/3 por datos: No tienes permiso para hacer esta operación. Necesitas ser administrador.
2026-10-02T22:09:03.409+02:00  WARN 38210 --- [main] e.x.f.seguridad.UsuariosDetailsService   : Intento de acceso con un usuario que no está dado de alta: admin
2026-10-02T22:09:03.460+02:00  WARN 38210 --- [main] e.x.f.controller.ManejadorExcepciones    : Intento de acceso rechazado: usuario o contraseña incorrectos
2026-10-02T22:09:03.467+02:00  WARN 38210 --- [main] e.x.f.seguridad.UsuariosDetailsService   : Intento de acceso con un usuario que no está dado de alta: admin
2026-10-02T22:09:03.518+02:00  WARN 38210 --- [main] e.x.f.controller.ManejadorExcepciones    : Intento de acceso rechazado: usuario o contraseña incorrectos
2026-10-02T22:09:03.525+02:00  WARN 38210 --- [main] e.x.f.seguridad.UsuariosDetailsService   : Intento de acceso con un usuario que no está dado de alta: admin
2026-10-02T22:09:03.579+02:00  WARN 38210 --- [main] e.x.f.controller.ManejadorExcepciones    : Intento de acceso rechazado: usuario o contraseña incorrectos
2026-10-02T22:09:03.584+02:00  INFO 38210 --- [main] e.x.f.s.PuntoEntradaNoAutenticada        : Petición sin sesión a /usuarios: se responde 401
2026-10-02T22:09:03.585+02:00  INFO 38210 --- [main] e.x.f.s.PuntoEntradaNoAutenticada        : Petición sin sesión a /usuarios: se responde 401
2026-10-02T22:09:03.591+02:00  WARN 38210 --- [main] e.x.f.seguridad.UsuariosDetailsService   : Intento de acceso con un usuario que no está dado de alta: admin
2026-10-02T22:09:03.642+02:00  WARN 38210 --- [main] e.x.f.controller.ManejadorExcepciones    : Intento de acceso rechazado: usuario o contraseña incorrectos
2026-10-02T22:09:03.700+02:00  INFO 38210 --- [main] e.x.f.controller.AuthController          : Inicio de sesión correcto: datos ([ROLE_USUARIO, FactorGrantedAuthority [authority=FACTOR_PASSWORD, issuedAt=2026-10-02T20:09:03.700043621Z]])
2026-10-02T22:09:03.703+02:00  WARN 38210 --- [main] e.x.f.seguridad.AccesoDenegado           : Acceso denegado a /usuarios/1 por datos: No tienes permiso para hacer esta operación. Necesitas ser administrador.
2026-10-02T22:09:03.721+02:00  WARN 38210 --- [main] e.x.f.seguridad.AccesoDenegado           : Acceso denegado a /usuarios/1/clave por datos: No tienes permiso para hacer esta operación. Necesitas ser administrador.
2026-10-02T22:09:03.728+02:00  WARN 38210 --- [main] e.x.f.seguridad.UsuariosDetailsService   : Intento de acceso con un usuario que no está dado de alta: admin
2026-10-02T22:09:03.781+02:00  WARN 38210 --- [main] e.x.f.controller.ManejadorExcepciones    : Intento de acceso rechazado: usuario o contraseña incorrectos
2026-10-02T22:09:03.786+02:00  WARN 38210 --- [main] e.x.f.seguridad.UsuariosDetailsService   : Intento de acceso con un usuario que no está dado de alta: admin
2026-10-02T22:09:03.838+02:00  WARN 38210 --- [main] e.x.f.controller.ManejadorExcepciones    : Intento de acceso rechazado: usuario o contraseña incorrectos
2026-10-02T22:09:03.880+02:00  INFO 38210 --- [SpringApplicationShutdownHook] com.zaxxer.hikari.HikariDataSource       : HikariPool-1 - Shutdown initiated...
2026-10-02T22:09:03.881+02:00  INFO 38210 --- [SpringApplicationShutdownHook] com.zaxxer.hikari.HikariDataSource       : HikariPool-1 - Shutdown completed.
2026-10-02T22:09:56.604+02:00  INFO 38526 --- [main] e.x.f.seguridad.PanelUsuariosTests       : Starting PanelUsuariosTests using Java 21.0.12 with PID 38526 (started by root in /root/git/facturacion360-Proyecto-de-facturacion/facturacion360)
2026-10-02T22:09:56.605+02:00  INFO 38526 --- [main] e.x.f.seguridad.PanelUsuariosTests       : No active profile set, falling back to 1 default profile: "default"
2026-10-02T22:09:57.299+02:00  INFO 38526 --- [main] com.zaxxer.hikari.HikariDataSource       : HikariPool-1 - Starting...
2026-10-02T22:09:57.426+02:00  INFO 38526 --- [main] com.zaxxer.hikari.pool.HikariPool        : HikariPool-1 - Added connection conn0: url=jdbc:h2:mem:bd_facturacion_test user=SA
2026-10-02T22:09:57.428+02:00  INFO 38526 --- [main] com.zaxxer.hikari.HikariDataSource       : HikariPool-1 - Start completed.
2026-10-02T22:09:57.481+02:00  INFO 38526 --- [main] r$InitializeUserDetailsManagerConfigurer : Global AuthenticationManager configured with UserDetailsService bean with name usuariosDetailsService
2026-10-02T22:09:57.805+02:00  INFO 38526 --- [main] o.s.b.w.a.WelcomePageHandlerMapping      : Adding welcome page: class path resource [static/index.html]
2026-10-02T22:09:58.044+02:00  INFO 38526 --- [main] o.s.b.t.m.w.SpringBootMockServletContext : Initializing Spring TestDispatcherServlet ''
2026-10-02T22:09:58.044+02:00  INFO 38526 --- [main] o.s.t.web.servlet.TestDispatcherServlet  : Initializing Servlet ''
2026-10-02T22:09:58.046+02:00  INFO 38526 --- [main] o.s.t.web.servlet.TestDispatcherServlet  : Completed initialization in 2 ms
2026-10-02T22:09:58.098+02:00  INFO 38526 --- [main] e.x.f.seguridad.PanelUsuariosTests       : Started PanelUsuariosTests in 1.745 seconds (process running for 2.46)
2026-10-02T22:09:58.101+02:00  WARN 38526 --- [main] o.s.core.events.SpringDocAppInitializer  : SpringDoc /v3/api-docs endpoint is enabled by default. To disable it in production, set the property 'springdoc.api-docs.enabled=false'
2026-10-02T22:09:58.102+02:00  WARN 38526 --- [main] o.s.core.events.SpringDocAppInitializer  : SpringDoc /swagger-ui.html endpoint is enabled by default. To disable it in production, set the property 'springdoc.swagger-ui.enabled=false'
2026-10-02T22:09:58.565+02:00  INFO 38526 --- [main] e.x.f.controller.AuthController          : Inicio de sesión correcto: admin ([ROLE_ADMIN, FactorGrantedAuthority [authority=FACTOR_PASSWORD, issuedAt=2026-10-02T20:09:58.560460445Z]])
2026-10-02T22:09:58.635+02:00  INFO 38526 --- [main] e.x.f.service.UsuarioServiceImpl         : Alta de usuario desde el panel: para-borrar con rol USUARIO
2026-10-02T22:09:58.637+02:00  INFO 38526 --- [main] e.x.f.controller.UsuarioAdminController  : Cuenta creada desde el panel: para-borrar
2026-10-02T22:09:58.699+02:00  INFO 38526 --- [main] e.x.f.controller.AuthController          : Inicio de sesión correcto: admin ([ROLE_ADMIN, FactorGrantedAuthority [authority=FACTOR_PASSWORD, issuedAt=2026-10-02T20:09:58.698189974Z]])
2026-10-02T22:09:58.757+02:00  INFO 38526 --- [main] e.x.f.service.UsuarioServiceImpl         : Cuenta borrada por admin: para-borrar
2026-10-02T22:09:58.758+02:00  INFO 38526 --- [main] e.x.f.controller.UsuarioAdminController  : Cuenta borrada desde el panel: 4
2026-10-02T22:09:58.786+02:00  WARN 38526 --- [main] e.x.f.seguridad.UsuariosDetailsService   : Intento de acceso con un usuario que no está dado de alta: para-borrar
2026-10-02T22:09:58.840+02:00  WARN 38526 --- [main] e.x.f.controller.ManejadorExcepciones    : Intento de acceso rechazado: usuario o contraseña incorrectos
2026-10-02T22:09:58.906+02:00  INFO 38526 --- [main] e.x.f.controller.AuthController          : Inicio de sesión correcto: admin ([ROLE_ADMIN, FactorGrantedAuthority [authority=FACTOR_PASSWORD, issuedAt=2026-10-02T20:09:58.904870310Z]])
2026-10-02T22:09:58.960+02:00  INFO 38526 --- [main] e.x.f.service.UsuarioServiceImpl         : Alta de usuario desde el panel: para-borrar con rol USUARIO
2026-10-02T22:09:58.960+02:00  INFO 38526 --- [main] e.x.f.controller.UsuarioAdminController  : Cuenta creada desde el panel: para-borrar
2026-10-02T22:09:59.016+02:00  INFO 38526 --- [main] e.x.f.controller.AuthController          : Inicio de sesión correcto: admin ([ROLE_ADMIN, FactorGrantedAuthority [authority=FACTOR_PASSWORD, issuedAt=2026-10-02T20:09:59.015525231Z]])
2026-10-02T22:09:59.072+02:00  INFO 38526 --- [main] e.x.f.service.UsuarioServiceImpl         : Cuenta borrada por admin: para-borrar
2026-10-02T22:09:59.072+02:00  INFO 38526 --- [main] e.x.f.controller.UsuarioAdminController  : Cuenta borrada desde el panel: 5
2026-10-02T22:09:59.140+02:00  INFO 38526 --- [main] e.x.f.controller.AuthController          : Inicio de sesión correcto: admin ([ROLE_ADMIN, FactorGrantedAuthority [authority=FACTOR_PASSWORD, issuedAt=2026-10-02T20:09:59.139007061Z]])
2026-10-02T22:09:59.195+02:00  INFO 38526 --- [main] e.x.f.service.UsuarioServiceImpl         : Alta de usuario desde el panel: otro-admin con rol ADMIN
2026-10-02T22:09:59.196+02:00  INFO 38526 --- [main] e.x.f.controller.UsuarioAdminController  : Cuenta creada desde el panel: otro-admin
2026-10-02T22:09:59.252+02:00  INFO 38526 --- [main] e.x.f.controller.AuthController          : Inicio de sesión correcto: admin ([ROLE_ADMIN, FactorGrantedAuthority [authority=FACTOR_PASSWORD, issuedAt=2026-10-02T20:09:59.251650492Z]])
2026-10-02T22:09:59.309+02:00  INFO 38526 --- [main] e.x.f.service.UsuarioServiceImpl         : Cuenta borrada por admin: otro-admin
2026-10-02T22:09:59.309+02:00  INFO 38526 --- [main] e.x.f.controller.UsuarioAdminController  : Cuenta borrada desde el panel: 6
2026-10-02T22:09:59.364+02:00  INFO 38526 --- [main] e.x.f.controller.AuthController          : Inicio de sesión correcto: admin ([ROLE_ADMIN, FactorGrantedAuthority [authority=FACTOR_PASSWORD, issuedAt=2026-10-02T20:09:59.363759180Z]])
2026-10-02T22:09:59.366+02:00  INFO 38526 --- [main] e.x.f.controller.UsuarioAdminController  : Listado de cuentas del panel
2026-10-02T22:09:59.436+02:00  INFO 38526 --- [main] e.x.f.controller.AuthController          : Inicio de sesión correcto: admin ([ROLE_ADMIN, FactorGrantedAuthority [authority=FACTOR_PASSWORD, issuedAt=2026-10-02T20:09:59.435498268Z]])
2026-10-02T22:09:59.445+02:00  INFO 38526 --- [main] e.x.f.service.UsuarioServiceImpl         : Cuenta modificada: datos (rol ADMIN, activo true)
2026-10-02T22:09:59.445+02:00  INFO 38526 --- [main] e.x.f.controller.UsuarioAdminController  : Cuenta editada desde el panel: datos
2026-10-02T22:09:59.518+02:00  INFO 38526 --- [main] e.x.f.controller.AuthController          : Inicio de sesión correcto: datos ([ROLE_ADMIN, FactorGrantedAuthority [authority=FACTOR_PASSWORD, issuedAt=2026-10-02T20:09:59.517577922Z]])
2026-10-02T22:09:59.520+02:00  INFO 38526 --- [main] e.x.f.controller.UsuarioAdminController  : Listado de cuentas del panel
2026-10-02T22:09:59.574+02:00  INFO 38526 --- [main] e.x.f.controller.AuthController          : Inicio de sesión correcto: admin ([ROLE_ADMIN, FactorGrantedAuthority [authority=FACTOR_PASSWORD, issuedAt=2026-10-02T20:09:59.574069507Z]])
2026-10-02T22:09:59.578+02:00  INFO 38526 --- [main] e.x.f.service.UsuarioServiceImpl         : Cuenta modificada: datos (rol USUARIO, activo true)
2026-10-02T22:09:59.578+02:00  INFO 38526 --- [main] e.x.f.controller.UsuarioAdminController  : Cuenta editada desde el panel: datos
2026-10-02T22:09:59.584+02:00  INFO 38526 --- [main] e.x.f.s.PuntoEntradaNoAutenticada        : Petición sin sesión a /usuarios.html: se redirige al login
2026-10-02T22:09:59.643+02:00  INFO 38526 --- [main] e.x.f.controller.AuthController          : Inicio de sesión correcto: admin ([ROLE_ADMIN, FactorGrantedAuthority [authority=FACTOR_PASSWORD, issuedAt=2026-10-02T20:09:59.642286966Z]])
2026-10-02T22:09:59.645+02:00  WARN 38526 --- [main] e.x.f.service.UsuarioServiceImpl         : Se ha rechazado un intento de borrar la propia cuenta: admin
2026-10-02T22:09:59.646+02:00  WARN 38526 --- [main] e.x.f.controller.ManejadorExcepciones    : Se ha rechazado un cambio que dejaría la aplicación sin administradores
2026-10-02T22:09:59.709+02:00  INFO 38526 --- [main] e.x.f.controller.AuthController          : Inicio de sesión correcto: admin ([ROLE_ADMIN, FactorGrantedAuthority [authority=FACTOR_PASSWORD, issuedAt=2026-10-02T20:09:59.708184231Z]])
2026-10-02T22:09:59.763+02:00  INFO 38526 --- [main] e.x.f.service.UsuarioServiceImpl         : Alta de usuario desde el panel: se-van-a-borrar con rol USUARIO
2026-10-02T22:09:59.764+02:00  INFO 38526 --- [main] e.x.f.controller.UsuarioAdminController  : Cuenta creada desde el panel: se-van-a-borrar
2026-10-02T22:09:59.820+02:00  INFO 38526 --- [main] e.x.f.controller.AuthController          : Inicio de sesión correcto: admin ([ROLE_ADMIN, FactorGrantedAuthority [authority=FACTOR_PASSWORD, issuedAt=2026-10-02T20:09:59.819469764Z]])
2026-10-02T22:09:59.879+02:00  INFO 38526 --- [main] e.x.f.service.UsuarioServiceImpl         : Cuenta borrada por admin: se-van-a-borrar
2026-10-02T22:09:59.879+02:00  INFO 38526 --- [main] e.x.f.controller.UsuarioAdminController  : Cuenta borrada desde el panel: 7
2026-10-02T22:09:59.939+02:00  INFO 38526 --- [main] e.x.f.controller.AuthController          : Inicio de sesión correcto: admin ([ROLE_ADMIN, FactorGrantedAuthority [authority=FACTOR_PASSWORD, issuedAt=2026-10-02T20:09:59.938601371Z]])
2026-10-02T22:10:00.011+02:00  INFO 38526 --- [main] e.x.f.controller.AuthController          : Inicio de sesión correcto: datos ([ROLE_USUARIO, FactorGrantedAuthority [authority=FACTOR_PASSWORD, issuedAt=2026-10-02T20:10:00.010753405Z]])
2026-10-02T22:10:00.013+02:00  WARN 38526 --- [main] e.x.f.seguridad.AccesoDenegado           : Acceso denegado a /usuarios por datos: No tienes permiso para hacer esta operación. Necesitas ser administrador.
2026-10-02T22:10:00.015+02:00  WARN 38526 --- [main] e.x.f.seguridad.AccesoDenegado           : Acceso denegado a /usuarios.html por datos: No tienes permiso para hacer esta operación. Necesitas ser administrador.
2026-10-02T22:10:00.073+02:00  INFO 38526 --- [main] e.x.f.controller.AuthController          : Inicio de sesión correcto: admin ([ROLE_ADMIN, FactorGrantedAuthority [authority=FACTOR_PASSWORD, issuedAt=2026-10-02T20:10:00.072481145Z]])
2026-10-02T22:10:00.083+02:00  WARN 38526 --- [main] e.x.f.controller.ManejadorExcepciones    : Datos no válidos: {nueva=La contraseña nueva debe tener entre 8 y 200 caracteres}
2026-10-02T22:10:00.146+02:00  INFO 38526 --- [main] e.x.f.controller.AuthController          : Inicio de sesión correcto: admin ([ROLE_ADMIN, FactorGrantedAuthority [authority=FACTOR_PASSWORD, issuedAt=2026-10-02T20:10:00.146004631Z]])
2026-10-02T22:10:00.148+02:00  WARN 38526 --- [main] e.x.f.seguridad.AccesoDenegado           : Acceso denegado a /usuarios por admin: No se ha podido comprobar que la petición venga de esta pantalla. Recarga la página e inténtalo de nuevo.
2026-10-02T22:10:00.207+02:00  INFO 38526 --- [main] e.x.f.controller.AuthController          : Inicio de sesión correcto: admin ([ROLE_ADMIN, FactorGrantedAuthority [authority=FACTOR_PASSWORD, issuedAt=2026-10-02T20:10:00.206607350Z]])
2026-10-02T22:10:00.208+02:00  INFO 38526 --- [main] e.x.f.controller.UsuarioAdminController  : Listado de cuentas del panel
2026-10-02T22:10:00.274+02:00  INFO 38526 --- [main] e.x.f.controller.AuthController          : Inicio de sesión correcto: admin ([ROLE_ADMIN, FactorGrantedAuthority [authority=FACTOR_PASSWORD, issuedAt=2026-10-02T20:10:00.273789857Z]])
2026-10-02T22:10:00.328+02:00  INFO 38526 --- [main] e.x.f.service.UsuarioServiceImpl         : Alta de usuario desde el panel: nuevo-admin con rol ADMIN
2026-10-02T22:10:00.328+02:00  INFO 38526 --- [main] e.x.f.controller.UsuarioAdminController  : Cuenta creada desde el panel: nuevo-admin
2026-10-02T22:10:00.390+02:00  INFO 38526 --- [main] e.x.f.controller.AuthController          : Inicio de sesión correcto: nuevo-admin ([ROLE_ADMIN, FactorGrantedAuthority [authority=FACTOR_PASSWORD, issuedAt=2026-10-02T20:10:00.389547481Z]])
2026-10-02T22:10:00.391+02:00  INFO 38526 --- [main] e.x.f.controller.UsuarioAdminController  : Listado de cuentas del panel
2026-10-02T22:10:00.448+02:00  INFO 38526 --- [main] e.x.f.controller.AuthController          : Inicio de sesión correcto: admin ([ROLE_ADMIN, FactorGrantedAuthority [authority=FACTOR_PASSWORD, issuedAt=2026-10-02T20:10:00.447668493Z]])
2026-10-02T22:10:00.449+02:00  INFO 38526 --- [main] e.x.f.controller.UsuarioAdminController  : Listado de cuentas del panel
2026-10-02T22:10:00.507+02:00  INFO 38526 --- [main] e.x.f.controller.AuthController          : Inicio de sesión correcto: admin ([ROLE_ADMIN, FactorGrantedAuthority [authority=FACTOR_PASSWORD, issuedAt=2026-10-02T20:10:00.507213356Z]])
2026-10-02T22:10:00.511+02:00  WARN 38526 --- [main] e.x.f.controller.ManejadorExcepciones    : Datos no válidos: {rol=El rol es obligatorio}
2026-10-02T22:10:00.570+02:00  INFO 38526 --- [main] e.x.f.controller.AuthController          : Inicio de sesión correcto: admin ([ROLE_ADMIN, FactorGrantedAuthority [authority=FACTOR_PASSWORD, issuedAt=2026-10-02T20:10:00.569554728Z]])
2026-10-02T22:10:00.623+02:00  INFO 38526 --- [main] e.x.f.service.UsuarioServiceImpl         : Alta de usuario desde el panel: segundo-admin con rol ADMIN
2026-10-02T22:10:00.624+02:00  INFO 38526 --- [main] e.x.f.controller.UsuarioAdminController  : Cuenta creada desde el panel: segundo-admin
2026-10-02T22:10:00.679+02:00  INFO 38526 --- [main] e.x.f.controller.AuthController          : Inicio de sesión correcto: admin ([ROLE_ADMIN, FactorGrantedAuthority [authority=FACTOR_PASSWORD, issuedAt=2026-10-02T20:10:00.678876986Z]])
2026-10-02T22:10:00.682+02:00  INFO 38526 --- [main] e.x.f.service.UsuarioServiceImpl         : Cuenta modificada: admin (rol USUARIO, activo true)
2026-10-02T22:10:00.683+02:00  INFO 38526 --- [main] e.x.f.controller.UsuarioAdminController  : Cuenta editada desde el panel: admin
2026-10-02T22:10:00.736+02:00  INFO 38526 --- [main] e.x.f.controller.AuthController          : Inicio de sesión correcto: admin ([ROLE_USUARIO, FactorGrantedAuthority [authority=FACTOR_PASSWORD, issuedAt=2026-10-02T20:10:00.735978294Z]])
2026-10-02T22:10:00.737+02:00  WARN 38526 --- [main] e.x.f.seguridad.AccesoDenegado           : Acceso denegado a /usuarios por admin: No tienes permiso para hacer esta operación. Necesitas ser administrador.
2026-10-02T22:10:00.794+02:00  INFO 38526 --- [main] e.x.f.controller.AuthController          : Inicio de sesión correcto: admin ([ROLE_ADMIN, FactorGrantedAuthority [authority=FACTOR_PASSWORD, issuedAt=2026-10-02T20:10:00.793421894Z]])
2026-10-02T22:10:00.846+02:00  INFO 38526 --- [main] e.x.f.service.UsuarioServiceImpl         : Alta de usuario desde el panel: datos con rol ADMIN
2026-10-02T22:10:00.851+02:00  WARN 38526 --- [main] e.x.f.controller.ManejadorExcepciones    : Alta de usuario repetida
2026-10-02T22:10:00.910+02:00  INFO 38526 --- [main] e.x.f.controller.AuthController          : Inicio de sesión correcto: admin ([ROLE_ADMIN, FactorGrantedAuthority [authority=FACTOR_PASSWORD, issuedAt=2026-10-02T20:10:00.909430760Z]])
2026-10-02T22:10:00.911+02:00  WARN 38526 --- [main] e.x.f.seguridad.AccesoDenegado           : Acceso denegado a /usuarios/2 por admin: No se ha podido comprobar que la petición venga de esta pantalla. Recarga la página e inténtalo de nuevo.
2026-10-02T22:10:00.970+02:00  INFO 38526 --- [main] e.x.f.controller.AuthController          : Inicio de sesión correcto: admin ([ROLE_ADMIN, FactorGrantedAuthority [authority=FACTOR_PASSWORD, issuedAt=2026-10-02T20:10:00.969291476Z]])
2026-10-02T22:10:00.972+02:00  WARN 38526 --- [main] e.x.f.service.UsuarioServiceImpl         : Se ha rechazado dejar la aplicación sin administradores: admin era la última cuenta con permisos de administrador
2026-10-02T22:10:00.973+02:00  WARN 38526 --- [main] e.x.f.controller.ManejadorExcepciones    : Se ha rechazado un cambio que dejaría la aplicación sin administradores
2026-10-02T22:10:01.026+02:00  INFO 38526 --- [main] e.x.f.controller.AuthController          : Inicio de sesión correcto: admin ([ROLE_ADMIN, FactorGrantedAuthority [authority=FACTOR_PASSWORD, issuedAt=2026-10-02T20:10:01.026164967Z]])
2026-10-02T22:10:01.029+02:00  WARN 38526 --- [main] e.x.f.service.UsuarioServiceImpl         : Se ha rechazado dejar la aplicación sin administradores: admin era la última cuenta con permisos de administrador
2026-10-02T22:10:01.029+02:00  WARN 38526 --- [main] e.x.f.controller.ManejadorExcepciones    : Se ha rechazado un cambio que dejaría la aplicación sin administradores
2026-10-02T22:10:01.086+02:00  INFO 38526 --- [main] e.x.f.controller.AuthController          : Inicio de sesión correcto: admin ([ROLE_ADMIN, FactorGrantedAuthority [authority=FACTOR_PASSWORD, issuedAt=2026-10-02T20:10:01.085626123Z]])
2026-10-02T22:10:01.089+02:00  WARN 38526 --- [main] e.x.f.controller.ManejadorExcepciones    : Datos no válidos: {clave=La contraseña debe tener entre 8 y 200 caracteres}
2026-10-02T22:10:01.145+02:00  INFO 38526 --- [main] e.x.f.controller.AuthController          : Inicio de sesión correcto: admin ([ROLE_ADMIN, FactorGrantedAuthority [authority=FACTOR_PASSWORD, issuedAt=2026-10-02T20:10:01.145135129Z]])
2026-10-02T22:10:01.199+02:00  INFO 38526 --- [main] e.x.f.service.UsuarioServiceImpl         : Alta de usuario desde el panel: esta-se-queda con rol USUARIO
2026-10-02T22:10:01.199+02:00  INFO 38526 --- [main] e.x.f.controller.UsuarioAdminController  : Cuenta creada desde el panel: esta-se-queda
2026-10-02T22:10:01.254+02:00  INFO 38526 --- [main] e.x.f.controller.AuthController          : Inicio de sesión correcto: admin ([ROLE_ADMIN, FactorGrantedAuthority [authority=FACTOR_PASSWORD, issuedAt=2026-10-02T20:10:01.254001880Z]])
2026-10-02T22:10:01.310+02:00  WARN 38526 --- [main] e.x.f.service.UsuarioServiceImpl         : Borrado de la cuenta esta-se-queda rechazado: contraseña de confirmación incorrecta de admin
2026-10-02T22:10:01.311+02:00  WARN 38526 --- [main] e.x.f.controller.ManejadorExcepciones    : Borrado de una cuenta rechazado: la contraseña de confirmación no es correcta
2026-10-02T22:10:01.369+02:00  INFO 38526 --- [main] e.x.f.controller.AuthController          : Inicio de sesión correcto: admin ([ROLE_ADMIN, FactorGrantedAuthority [authority=FACTOR_PASSWORD, issuedAt=2026-10-02T20:10:01.368547189Z]])
2026-10-02T22:10:01.371+02:00  WARN 38526 --- [main] e.x.f.controller.ManejadorExcepciones    : Datos no válidos: {clave=Escribe tu contraseña para confirmar el borrado}
2026-10-02T22:10:01.426+02:00  INFO 38526 --- [main] e.x.f.controller.AuthController          : Inicio de sesión correcto: esta-se-queda ([ROLE_USUARIO, FactorGrantedAuthority [authority=FACTOR_PASSWORD, issuedAt=2026-10-02T20:10:01.425711104Z]])
2026-10-02T22:10:01.486+02:00  INFO 38526 --- [main] e.x.f.controller.AuthController          : Inicio de sesión correcto: datos ([ROLE_USUARIO, FactorGrantedAuthority [authority=FACTOR_PASSWORD, issuedAt=2026-10-02T20:10:01.485243143Z]])
2026-10-02T22:10:01.487+02:00  WARN 38526 --- [main] e.x.f.seguridad.AccesoDenegado           : Acceso denegado a /usuarios/3 por datos: No tienes permiso para hacer esta operación. Necesitas ser administrador.
2026-10-02T22:10:01.544+02:00  INFO 38526 --- [main] e.x.f.controller.AuthController          : Inicio de sesión correcto: admin ([ROLE_ADMIN, FactorGrantedAuthority [authority=FACTOR_PASSWORD, issuedAt=2026-10-02T20:10:01.543584407Z]])
2026-10-02T22:10:01.596+02:00  INFO 38526 --- [main] e.x.f.service.UsuarioServiceImpl         : Alta de usuario desde el panel: clave-distinta con rol USUARIO
2026-10-02T22:10:01.597+02:00  INFO 38526 --- [main] e.x.f.controller.UsuarioAdminController  : Cuenta creada desde el panel: clave-distinta
2026-10-02T22:10:01.657+02:00  INFO 38526 --- [main] e.x.f.controller.AuthController          : Inicio de sesión correcto: admin ([ROLE_ADMIN, FactorGrantedAuthority [authority=FACTOR_PASSWORD, issuedAt=2026-10-02T20:10:01.657023520Z]])
2026-10-02T22:10:01.710+02:00  WARN 38526 --- [main] e.x.f.service.UsuarioServiceImpl         : Borrado de la cuenta clave-distinta rechazado: contraseña de confirmación incorrecta de admin
2026-10-02T22:10:01.710+02:00  WARN 38526 --- [main] e.x.f.controller.ManejadorExcepciones    : Borrado de una cuenta rechazado: la contraseña de confirmación no es correcta
2026-10-02T22:10:01.768+02:00  INFO 38526 --- [main] e.x.f.controller.AuthController          : Inicio de sesión correcto: admin ([ROLE_ADMIN, FactorGrantedAuthority [authority=FACTOR_PASSWORD, issuedAt=2026-10-02T20:10:01.768366939Z]])
2026-10-02T22:10:01.770+02:00  INFO 38526 --- [main] e.x.f.service.UsuarioServiceImpl         : Cuenta modificada: datos (rol USUARIO, activo false)
2026-10-02T22:10:01.771+02:00  INFO 38526 --- [main] e.x.f.controller.UsuarioAdminController  : Cuenta editada desde el panel: datos
2026-10-02T22:10:01.823+02:00  WARN 38526 --- [main] e.x.f.controller.ManejadorExcepciones    : Intento de acceso a una cuenta desactivada
2026-10-02T22:10:01.877+02:00  INFO 38526 --- [main] e.x.f.controller.AuthController          : Inicio de sesión correcto: admin ([ROLE_ADMIN, FactorGrantedAuthority [authority=FACTOR_PASSWORD, issuedAt=2026-10-02T20:10:01.876767576Z]])
2026-10-02T22:10:01.879+02:00  INFO 38526 --- [main] e.x.f.service.UsuarioServiceImpl         : Cuenta modificada: datos (rol USUARIO, activo true)
2026-10-02T22:10:01.879+02:00  INFO 38526 --- [main] e.x.f.controller.UsuarioAdminController  : Cuenta editada desde el panel: datos
2026-10-02T22:10:01.931+02:00  INFO 38526 --- [main] e.x.f.controller.AuthController          : Inicio de sesión correcto: datos ([ROLE_USUARIO, FactorGrantedAuthority [authority=FACTOR_PASSWORD, issuedAt=2026-10-02T20:10:01.931182583Z]])
2026-10-02T22:10:01.989+02:00  INFO 38526 --- [main] e.x.f.controller.AuthController          : Inicio de sesión correcto: admin ([ROLE_ADMIN, FactorGrantedAuthority [authority=FACTOR_PASSWORD, issuedAt=2026-10-02T20:10:01.988403224Z]])
2026-10-02T22:10:01.991+02:00  WARN 38526 --- [main] e.x.f.controller.ManejadorExcepciones    : El panel ha pedido modificar una cuenta que no existe
2026-10-02T22:10:01.994+02:00  INFO 38526 --- [main] e.x.f.s.PuntoEntradaNoAutenticada        : Petición sin sesión a /usuarios: se responde 401
2026-10-02T22:10:01.996+02:00  INFO 38526 --- [main] e.x.f.s.PuntoEntradaNoAutenticada        : Petición sin sesión a /usuarios: se responde 401
2026-10-02T22:10:02.051+02:00  INFO 38526 --- [main] e.x.f.controller.AuthController          : Inicio de sesión correcto: admin ([ROLE_ADMIN, FactorGrantedAuthority [authority=FACTOR_PASSWORD, issuedAt=2026-10-02T20:10:02.050455853Z]])
2026-10-02T22:10:02.103+02:00  INFO 38526 --- [main] e.x.f.service.UsuarioServiceImpl         : Alta de usuario desde el panel: olvido-la-clave con rol USUARIO
2026-10-02T22:10:02.104+02:00  INFO 38526 --- [main] e.x.f.controller.UsuarioAdminController  : Cuenta creada desde el panel: olvido-la-clave
2026-10-02T22:10:02.160+02:00  INFO 38526 --- [main] e.x.f.controller.AuthController          : Inicio de sesión correcto: admin ([ROLE_ADMIN, FactorGrantedAuthority [authority=FACTOR_PASSWORD, issuedAt=2026-10-02T20:10:02.159833242Z]])
2026-10-02T22:10:02.216+02:00  INFO 38526 --- [main] e.x.f.service.UsuarioServiceImpl         : Contraseña cambiada por un administrador: panel -> olvido-la-clave
2026-10-02T22:10:02.217+02:00  INFO 38526 --- [main] e.x.f.controller.UsuarioAdminController  : Contraseña puesta desde el panel a la cuenta olvido-la-clave
2026-10-02T22:10:02.272+02:00  INFO 38526 --- [main] e.x.f.controller.AuthController          : Inicio de sesión correcto: olvido-la-clave ([ROLE_USUARIO, FactorGrantedAuthority [authority=FACTOR_PASSWORD, issuedAt=2026-10-02T20:10:02.272373146Z]])
2026-10-02T22:10:02.325+02:00  WARN 38526 --- [main] e.x.f.controller.ManejadorExcepciones    : Intento de acceso rechazado: usuario o contraseña incorrectos
2026-10-02T22:10:02.378+02:00  INFO 38526 --- [main] e.x.f.controller.AuthController          : Inicio de sesión correcto: admin ([ROLE_ADMIN, FactorGrantedAuthority [authority=FACTOR_PASSWORD, issuedAt=2026-10-02T20:10:02.377888407Z]])
2026-10-02T22:10:02.440+02:00  INFO 38526 --- [main] e.x.f.controller.AuthController          : Inicio de sesión correcto: datos ([ROLE_USUARIO, FactorGrantedAuthority [authority=FACTOR_PASSWORD, issuedAt=2026-10-02T20:10:02.439471004Z]])
2026-10-02T22:10:02.441+02:00  WARN 38526 --- [main] e.x.f.seguridad.AccesoDenegado           : Acceso denegado a /usuarios/1 por datos: No tienes permiso para hacer esta operación. Necesitas ser administrador.
2026-10-02T22:10:02.442+02:00  WARN 38526 --- [main] e.x.f.seguridad.AccesoDenegado           : Acceso denegado a /usuarios/1/clave por datos: No tienes permiso para hacer esta operación. Necesitas ser administrador.
2026-10-02T22:10:02.498+02:00  INFO 38526 --- [main] e.x.f.controller.AuthController          : Inicio de sesión correcto: admin ([ROLE_ADMIN, FactorGrantedAuthority [authority=FACTOR_PASSWORD, issuedAt=2026-10-02T20:10:02.497521302Z]])
2026-10-02T22:10:02.500+02:00  WARN 38526 --- [main] e.x.f.controller.ManejadorExcepciones    : El panel ha pedido modificar una cuenta que no existe
2026-10-02T22:10:02.556+02:00  INFO 38526 --- [main] e.x.f.controller.AuthController          : Inicio de sesión correcto: admin ([ROLE_ADMIN, FactorGrantedAuthority [authority=FACTOR_PASSWORD, issuedAt=2026-10-02T20:10:02.555959729Z]])
2026-10-02T22:10:02.559+02:00  WARN 38526 --- [main] e.x.f.controller.ManejadorExcepciones    : El panel ha pedido modificar una cuenta que no existe
2026-10-02T22:10:02.589+02:00  INFO 38526 --- [SpringApplicationShutdownHook] com.zaxxer.hikari.HikariDataSource       : HikariPool-1 - Shutdown initiated...
2026-10-02T22:10:02.591+02:00  INFO 38526 --- [SpringApplicationShutdownHook] com.zaxxer.hikari.HikariDataSource       : HikariPool-1 - Shutdown completed.
2026-10-02T22:10:43.803+02:00  INFO 38773 --- [main] e.x.f.seguridad.PanelUsuariosTests       : Starting PanelUsuariosTests using Java 21.0.12 with PID 38773 (started by root in /root/git/facturacion360-Proyecto-de-facturacion/facturacion360)
2026-10-02T22:10:43.805+02:00  INFO 38773 --- [main] e.x.f.seguridad.PanelUsuariosTests       : No active profile set, falling back to 1 default profile: "default"
2026-10-02T22:10:44.476+02:00  INFO 38773 --- [main] com.zaxxer.hikari.HikariDataSource       : HikariPool-1 - Starting...
2026-10-02T22:10:44.615+02:00  INFO 38773 --- [main] com.zaxxer.hikari.pool.HikariPool        : HikariPool-1 - Added connection conn0: url=jdbc:h2:mem:bd_facturacion_test user=SA
2026-10-02T22:10:44.616+02:00  INFO 38773 --- [main] com.zaxxer.hikari.HikariDataSource       : HikariPool-1 - Start completed.
2026-10-02T22:10:44.672+02:00  INFO 38773 --- [main] r$InitializeUserDetailsManagerConfigurer : Global AuthenticationManager configured with UserDetailsService bean with name usuariosDetailsService
2026-10-02T22:10:45.029+02:00  INFO 38773 --- [main] o.s.b.w.a.WelcomePageHandlerMapping      : Adding welcome page: class path resource [static/index.html]
2026-10-02T22:10:45.263+02:00  INFO 38773 --- [main] o.s.b.t.m.w.SpringBootMockServletContext : Initializing Spring TestDispatcherServlet ''
2026-10-02T22:10:45.263+02:00  INFO 38773 --- [main] o.s.t.web.servlet.TestDispatcherServlet  : Initializing Servlet ''
2026-10-02T22:10:45.265+02:00  INFO 38773 --- [main] o.s.t.web.servlet.TestDispatcherServlet  : Completed initialization in 2 ms
2026-10-02T22:10:45.315+02:00  INFO 38773 --- [main] e.x.f.seguridad.PanelUsuariosTests       : Started PanelUsuariosTests in 1.755 seconds (process running for 2.454)
2026-10-02T22:10:45.318+02:00  WARN 38773 --- [main] o.s.core.events.SpringDocAppInitializer  : SpringDoc /v3/api-docs endpoint is enabled by default. To disable it in production, set the property 'springdoc.api-docs.enabled=false'
2026-10-02T22:10:45.318+02:00  WARN 38773 --- [main] o.s.core.events.SpringDocAppInitializer  : SpringDoc /swagger-ui.html endpoint is enabled by default. To disable it in production, set the property 'springdoc.swagger-ui.enabled=false'
2026-10-02T22:10:45.781+02:00  INFO 38773 --- [main] e.x.f.controller.AuthController          : Inicio de sesión correcto: admin ([ROLE_ADMIN, FactorGrantedAuthority [authority=FACTOR_PASSWORD, issuedAt=2026-10-02T20:10:45.776916379Z]])
2026-10-02T22:10:45.850+02:00  INFO 38773 --- [main] e.x.f.service.UsuarioServiceImpl         : Alta de usuario desde el panel: para-borrar con rol USUARIO
2026-10-02T22:10:45.853+02:00  INFO 38773 --- [main] e.x.f.controller.UsuarioAdminController  : Cuenta creada desde el panel: para-borrar
2026-10-02T22:10:45.912+02:00  INFO 38773 --- [main] e.x.f.controller.AuthController          : Inicio de sesión correcto: admin ([ROLE_ADMIN, FactorGrantedAuthority [authority=FACTOR_PASSWORD, issuedAt=2026-10-02T20:10:45.912035669Z]])
2026-10-02T22:10:45.970+02:00  INFO 38773 --- [main] e.x.f.service.UsuarioServiceImpl         : Cuenta borrada por admin: para-borrar
2026-10-02T22:10:45.970+02:00  INFO 38773 --- [main] e.x.f.controller.UsuarioAdminController  : Cuenta borrada desde el panel: 4
2026-10-02T22:10:45.999+02:00  WARN 38773 --- [main] e.x.f.seguridad.UsuariosDetailsService   : Intento de acceso con un usuario que no está dado de alta: para-borrar
2026-10-02T22:10:46.053+02:00  WARN 38773 --- [main] e.x.f.controller.ManejadorExcepciones    : Intento de acceso rechazado: usuario o contraseña incorrectos
2026-10-02T22:10:46.115+02:00  INFO 38773 --- [main] e.x.f.controller.AuthController          : Inicio de sesión correcto: admin ([ROLE_ADMIN, FactorGrantedAuthority [authority=FACTOR_PASSWORD, issuedAt=2026-10-02T20:10:46.114485167Z]])
2026-10-02T22:10:46.168+02:00  INFO 38773 --- [main] e.x.f.service.UsuarioServiceImpl         : Alta de usuario desde el panel: para-borrar con rol USUARIO
2026-10-02T22:10:46.169+02:00  INFO 38773 --- [main] e.x.f.controller.UsuarioAdminController  : Cuenta creada desde el panel: para-borrar
2026-10-02T22:10:46.224+02:00  INFO 38773 --- [main] e.x.f.controller.AuthController          : Inicio de sesión correcto: admin ([ROLE_ADMIN, FactorGrantedAuthority [authority=FACTOR_PASSWORD, issuedAt=2026-10-02T20:10:46.223768030Z]])
2026-10-02T22:10:46.277+02:00  INFO 38773 --- [main] e.x.f.service.UsuarioServiceImpl         : Cuenta borrada por admin: para-borrar
2026-10-02T22:10:46.278+02:00  INFO 38773 --- [main] e.x.f.controller.UsuarioAdminController  : Cuenta borrada desde el panel: 5
2026-10-02T22:10:46.342+02:00  INFO 38773 --- [main] e.x.f.controller.AuthController          : Inicio de sesión correcto: admin ([ROLE_ADMIN, FactorGrantedAuthority [authority=FACTOR_PASSWORD, issuedAt=2026-10-02T20:10:46.341289351Z]])
2026-10-02T22:10:46.395+02:00  INFO 38773 --- [main] e.x.f.service.UsuarioServiceImpl         : Alta de usuario desde el panel: otro-admin con rol ADMIN
2026-10-02T22:10:46.396+02:00  INFO 38773 --- [main] e.x.f.controller.UsuarioAdminController  : Cuenta creada desde el panel: otro-admin
2026-10-02T22:10:46.450+02:00  INFO 38773 --- [main] e.x.f.controller.AuthController          : Inicio de sesión correcto: admin ([ROLE_ADMIN, FactorGrantedAuthority [authority=FACTOR_PASSWORD, issuedAt=2026-10-02T20:10:46.450248286Z]])
2026-10-02T22:10:46.504+02:00  INFO 38773 --- [main] e.x.f.service.UsuarioServiceImpl         : Cuenta borrada por admin: otro-admin
2026-10-02T22:10:46.504+02:00  INFO 38773 --- [main] e.x.f.controller.UsuarioAdminController  : Cuenta borrada desde el panel: 6
2026-10-02T22:10:46.560+02:00  INFO 38773 --- [main] e.x.f.controller.AuthController          : Inicio de sesión correcto: admin ([ROLE_ADMIN, FactorGrantedAuthority [authority=FACTOR_PASSWORD, issuedAt=2026-10-02T20:10:46.559844867Z]])
2026-10-02T22:10:46.562+02:00  INFO 38773 --- [main] e.x.f.controller.UsuarioAdminController  : Listado de cuentas del panel
2026-10-02T22:10:46.627+02:00  INFO 38773 --- [main] e.x.f.controller.AuthController          : Inicio de sesión correcto: admin ([ROLE_ADMIN, FactorGrantedAuthority [authority=FACTOR_PASSWORD, issuedAt=2026-10-02T20:10:46.626561515Z]])
2026-10-02T22:10:46.637+02:00  INFO 38773 --- [main] e.x.f.service.UsuarioServiceImpl         : Cuenta modificada: datos (rol ADMIN, activo true)
2026-10-02T22:10:46.637+02:00  INFO 38773 --- [main] e.x.f.controller.UsuarioAdminController  : Cuenta editada desde el panel: datos
2026-10-02T22:10:46.709+02:00  INFO 38773 --- [main] e.x.f.controller.AuthController          : Inicio de sesión correcto: datos ([ROLE_ADMIN, FactorGrantedAuthority [authority=FACTOR_PASSWORD, issuedAt=2026-10-02T20:10:46.708462292Z]])
2026-10-02T22:10:46.710+02:00  INFO 38773 --- [main] e.x.f.controller.UsuarioAdminController  : Listado de cuentas del panel
2026-10-02T22:10:46.764+02:00  INFO 38773 --- [main] e.x.f.controller.AuthController          : Inicio de sesión correcto: admin ([ROLE_ADMIN, FactorGrantedAuthority [authority=FACTOR_PASSWORD, issuedAt=2026-10-02T20:10:46.764272216Z]])
2026-10-02T22:10:46.767+02:00  INFO 38773 --- [main] e.x.f.service.UsuarioServiceImpl         : Cuenta modificada: datos (rol USUARIO, activo true)
2026-10-02T22:10:46.767+02:00  INFO 38773 --- [main] e.x.f.controller.UsuarioAdminController  : Cuenta editada desde el panel: datos
2026-10-02T22:10:46.773+02:00  INFO 38773 --- [main] e.x.f.s.PuntoEntradaNoAutenticada        : Petición sin sesión a /usuarios.html: se redirige al login
2026-10-02T22:10:46.832+02:00  INFO 38773 --- [main] e.x.f.controller.AuthController          : Inicio de sesión correcto: admin ([ROLE_ADMIN, FactorGrantedAuthority [authority=FACTOR_PASSWORD, issuedAt=2026-10-02T20:10:46.831725475Z]])
2026-10-02T22:10:46.834+02:00  WARN 38773 --- [main] e.x.f.service.UsuarioServiceImpl         : Se ha rechazado un intento de borrar la propia cuenta: admin
2026-10-02T22:10:46.834+02:00  WARN 38773 --- [main] e.x.f.controller.ManejadorExcepciones    : Se ha rechazado un cambio que dejaría la aplicación sin administradores
2026-10-02T22:10:46.894+02:00  INFO 38773 --- [main] e.x.f.controller.AuthController          : Inicio de sesión correcto: admin ([ROLE_ADMIN, FactorGrantedAuthority [authority=FACTOR_PASSWORD, issuedAt=2026-10-02T20:10:46.893628171Z]])
2026-10-02T22:10:46.947+02:00  INFO 38773 --- [main] e.x.f.service.UsuarioServiceImpl         : Alta de usuario desde el panel: se-van-a-borrar con rol USUARIO
2026-10-02T22:10:46.947+02:00  INFO 38773 --- [main] e.x.f.controller.UsuarioAdminController  : Cuenta creada desde el panel: se-van-a-borrar
2026-10-02T22:10:47.001+02:00  INFO 38773 --- [main] e.x.f.controller.AuthController          : Inicio de sesión correcto: admin ([ROLE_ADMIN, FactorGrantedAuthority [authority=FACTOR_PASSWORD, issuedAt=2026-10-02T20:10:47.000884962Z]])
2026-10-02T22:10:47.055+02:00  INFO 38773 --- [main] e.x.f.service.UsuarioServiceImpl         : Cuenta borrada por admin: se-van-a-borrar
2026-10-02T22:10:47.056+02:00  INFO 38773 --- [main] e.x.f.controller.UsuarioAdminController  : Cuenta borrada desde el panel: 7
2026-10-02T22:10:47.114+02:00  INFO 38773 --- [main] e.x.f.controller.AuthController          : Inicio de sesión correcto: admin ([ROLE_ADMIN, FactorGrantedAuthority [authority=FACTOR_PASSWORD, issuedAt=2026-10-02T20:10:47.114000095Z]])
2026-10-02T22:10:47.186+02:00  INFO 38773 --- [main] e.x.f.controller.AuthController          : Inicio de sesión correcto: datos ([ROLE_USUARIO, FactorGrantedAuthority [authority=FACTOR_PASSWORD, issuedAt=2026-10-02T20:10:47.185451165Z]])
2026-10-02T22:10:47.187+02:00  WARN 38773 --- [main] e.x.f.seguridad.AccesoDenegado           : Acceso denegado a /usuarios por datos: No tienes permiso para hacer esta operación. Necesitas ser administrador.
2026-10-02T22:10:47.189+02:00  WARN 38773 --- [main] e.x.f.seguridad.AccesoDenegado           : Acceso denegado a /usuarios.html por datos: No tienes permiso para hacer esta operación. Necesitas ser administrador.
2026-10-02T22:10:47.247+02:00  INFO 38773 --- [main] e.x.f.controller.AuthController          : Inicio de sesión correcto: admin ([ROLE_ADMIN, FactorGrantedAuthority [authority=FACTOR_PASSWORD, issuedAt=2026-10-02T20:10:47.246986551Z]])
2026-10-02T22:10:47.256+02:00  WARN 38773 --- [main] e.x.f.controller.ManejadorExcepciones    : Datos no válidos: {nueva=La contraseña nueva debe tener entre 8 y 200 caracteres}
2026-10-02T22:10:47.316+02:00  INFO 38773 --- [main] e.x.f.controller.AuthController          : Inicio de sesión correcto: admin ([ROLE_ADMIN, FactorGrantedAuthority [authority=FACTOR_PASSWORD, issuedAt=2026-10-02T20:10:47.315860706Z]])
2026-10-02T22:10:47.318+02:00  WARN 38773 --- [main] e.x.f.seguridad.AccesoDenegado           : Acceso denegado a /usuarios por admin: No se ha podido comprobar que la petición venga de esta pantalla. Recarga la página e inténtalo de nuevo.
2026-10-02T22:10:47.379+02:00  INFO 38773 --- [main] e.x.f.controller.AuthController          : Inicio de sesión correcto: admin ([ROLE_ADMIN, FactorGrantedAuthority [authority=FACTOR_PASSWORD, issuedAt=2026-10-02T20:10:47.378685190Z]])
2026-10-02T22:10:47.380+02:00  INFO 38773 --- [main] e.x.f.controller.UsuarioAdminController  : Listado de cuentas del panel
2026-10-02T22:10:47.446+02:00  INFO 38773 --- [main] e.x.f.controller.AuthController          : Inicio de sesión correcto: admin ([ROLE_ADMIN, FactorGrantedAuthority [authority=FACTOR_PASSWORD, issuedAt=2026-10-02T20:10:47.446004999Z]])
2026-10-02T22:10:47.499+02:00  INFO 38773 --- [main] e.x.f.service.UsuarioServiceImpl         : Alta de usuario desde el panel: nuevo-admin con rol ADMIN
2026-10-02T22:10:47.499+02:00  INFO 38773 --- [main] e.x.f.controller.UsuarioAdminController  : Cuenta creada desde el panel: nuevo-admin
2026-10-02T22:10:47.554+02:00  INFO 38773 --- [main] e.x.f.controller.AuthController          : Inicio de sesión correcto: nuevo-admin ([ROLE_ADMIN, FactorGrantedAuthority [authority=FACTOR_PASSWORD, issuedAt=2026-10-02T20:10:47.554109981Z]])
2026-10-02T22:10:47.555+02:00  INFO 38773 --- [main] e.x.f.controller.UsuarioAdminController  : Listado de cuentas del panel
2026-10-02T22:10:47.611+02:00  INFO 38773 --- [main] e.x.f.controller.AuthController          : Inicio de sesión correcto: admin ([ROLE_ADMIN, FactorGrantedAuthority [authority=FACTOR_PASSWORD, issuedAt=2026-10-02T20:10:47.611431772Z]])
2026-10-02T22:10:47.612+02:00  INFO 38773 --- [main] e.x.f.controller.UsuarioAdminController  : Listado de cuentas del panel
2026-10-02T22:10:47.676+02:00  INFO 38773 --- [main] e.x.f.controller.AuthController          : Inicio de sesión correcto: admin ([ROLE_ADMIN, FactorGrantedAuthority [authority=FACTOR_PASSWORD, issuedAt=2026-10-02T20:10:47.676372246Z]])
2026-10-02T22:10:47.680+02:00  WARN 38773 --- [main] e.x.f.controller.ManejadorExcepciones    : Datos no válidos: {rol=El rol es obligatorio}
2026-10-02T22:10:47.737+02:00  INFO 38773 --- [main] e.x.f.controller.AuthController          : Inicio de sesión correcto: admin ([ROLE_ADMIN, FactorGrantedAuthority [authority=FACTOR_PASSWORD, issuedAt=2026-10-02T20:10:47.736809812Z]])
2026-10-02T22:10:47.789+02:00  INFO 38773 --- [main] e.x.f.service.UsuarioServiceImpl         : Alta de usuario desde el panel: segundo-admin con rol ADMIN
2026-10-02T22:10:47.790+02:00  INFO 38773 --- [main] e.x.f.controller.UsuarioAdminController  : Cuenta creada desde el panel: segundo-admin
2026-10-02T22:10:47.843+02:00  INFO 38773 --- [main] e.x.f.controller.AuthController          : Inicio de sesión correcto: admin ([ROLE_ADMIN, FactorGrantedAuthority [authority=FACTOR_PASSWORD, issuedAt=2026-10-02T20:10:47.843493537Z]])
2026-10-02T22:10:47.846+02:00  INFO 38773 --- [main] e.x.f.service.UsuarioServiceImpl         : Cuenta modificada: admin (rol USUARIO, activo true)
2026-10-02T22:10:47.846+02:00  INFO 38773 --- [main] e.x.f.controller.UsuarioAdminController  : Cuenta editada desde el panel: admin
2026-10-02T22:10:47.899+02:00  INFO 38773 --- [main] e.x.f.controller.AuthController          : Inicio de sesión correcto: admin ([ROLE_USUARIO, FactorGrantedAuthority [authority=FACTOR_PASSWORD, issuedAt=2026-10-02T20:10:47.899379614Z]])
2026-10-02T22:10:47.900+02:00  WARN 38773 --- [main] e.x.f.seguridad.AccesoDenegado           : Acceso denegado a /usuarios por admin: No tienes permiso para hacer esta operación. Necesitas ser administrador.
2026-10-02T22:10:47.958+02:00  INFO 38773 --- [main] e.x.f.controller.AuthController          : Inicio de sesión correcto: admin ([ROLE_ADMIN, FactorGrantedAuthority [authority=FACTOR_PASSWORD, issuedAt=2026-10-02T20:10:47.957612574Z]])
2026-10-02T22:10:48.011+02:00  INFO 38773 --- [main] e.x.f.service.UsuarioServiceImpl         : Alta de usuario desde el panel: datos con rol ADMIN
2026-10-02T22:10:48.015+02:00  WARN 38773 --- [main] e.x.f.controller.ManejadorExcepciones    : Alta de usuario repetida
2026-10-02T22:10:48.072+02:00  INFO 38773 --- [main] e.x.f.controller.AuthController          : Inicio de sesión correcto: admin ([ROLE_ADMIN, FactorGrantedAuthority [authority=FACTOR_PASSWORD, issuedAt=2026-10-02T20:10:48.071665655Z]])
2026-10-02T22:10:48.073+02:00  WARN 38773 --- [main] e.x.f.seguridad.AccesoDenegado           : Acceso denegado a /usuarios/2 por admin: No se ha podido comprobar que la petición venga de esta pantalla. Recarga la página e inténtalo de nuevo.
2026-10-02T22:10:48.129+02:00  INFO 38773 --- [main] e.x.f.controller.AuthController          : Inicio de sesión correcto: admin ([ROLE_ADMIN, FactorGrantedAuthority [authority=FACTOR_PASSWORD, issuedAt=2026-10-02T20:10:48.128840669Z]])
2026-10-02T22:10:48.131+02:00  WARN 38773 --- [main] e.x.f.service.UsuarioServiceImpl         : Se ha rechazado dejar la aplicación sin administradores: admin era la última cuenta con permisos de administrador
2026-10-02T22:10:48.131+02:00  WARN 38773 --- [main] e.x.f.controller.ManejadorExcepciones    : Se ha rechazado un cambio que dejaría la aplicación sin administradores
2026-10-02T22:10:48.184+02:00  INFO 38773 --- [main] e.x.f.controller.AuthController          : Inicio de sesión correcto: admin ([ROLE_ADMIN, FactorGrantedAuthority [authority=FACTOR_PASSWORD, issuedAt=2026-10-02T20:10:48.184238980Z]])
2026-10-02T22:10:48.186+02:00  WARN 38773 --- [main] e.x.f.service.UsuarioServiceImpl         : Se ha rechazado dejar la aplicación sin administradores: admin era la última cuenta con permisos de administrador
2026-10-02T22:10:48.186+02:00  WARN 38773 --- [main] e.x.f.controller.ManejadorExcepciones    : Se ha rechazado un cambio que dejaría la aplicación sin administradores
2026-10-02T22:10:48.242+02:00  INFO 38773 --- [main] e.x.f.controller.AuthController          : Inicio de sesión correcto: admin ([ROLE_ADMIN, FactorGrantedAuthority [authority=FACTOR_PASSWORD, issuedAt=2026-10-02T20:10:48.242297742Z]])
2026-10-02T22:10:48.244+02:00  WARN 38773 --- [main] e.x.f.controller.ManejadorExcepciones    : Datos no válidos: {clave=La contraseña debe tener entre 8 y 200 caracteres}
2026-10-02T22:10:48.300+02:00  INFO 38773 --- [main] e.x.f.controller.AuthController          : Inicio de sesión correcto: admin ([ROLE_ADMIN, FactorGrantedAuthority [authority=FACTOR_PASSWORD, issuedAt=2026-10-02T20:10:48.299643837Z]])
2026-10-02T22:10:48.353+02:00  INFO 38773 --- [main] e.x.f.service.UsuarioServiceImpl         : Alta de usuario desde el panel: esta-se-queda con rol USUARIO
2026-10-02T22:10:48.354+02:00  INFO 38773 --- [main] e.x.f.controller.UsuarioAdminController  : Cuenta creada desde el panel: esta-se-queda
2026-10-02T22:10:48.409+02:00  INFO 38773 --- [main] e.x.f.controller.AuthController          : Inicio de sesión correcto: admin ([ROLE_ADMIN, FactorGrantedAuthority [authority=FACTOR_PASSWORD, issuedAt=2026-10-02T20:10:48.408584316Z]])
2026-10-02T22:10:48.461+02:00  WARN 38773 --- [main] e.x.f.service.UsuarioServiceImpl         : Borrado de la cuenta esta-se-queda rechazado: contraseña de confirmación incorrecta de admin
2026-10-02T22:10:48.461+02:00  WARN 38773 --- [main] e.x.f.controller.ManejadorExcepciones    : Borrado de una cuenta rechazado: la contraseña de confirmación no es correcta
2026-10-02T22:10:48.515+02:00  INFO 38773 --- [main] e.x.f.controller.AuthController          : Inicio de sesión correcto: admin ([ROLE_ADMIN, FactorGrantedAuthority [authority=FACTOR_PASSWORD, issuedAt=2026-10-02T20:10:48.514713300Z]])
2026-10-02T22:10:48.517+02:00  WARN 38773 --- [main] e.x.f.controller.ManejadorExcepciones    : Datos no válidos: {clave=Escribe tu contraseña para confirmar el borrado}
2026-10-02T22:10:48.570+02:00  INFO 38773 --- [main] e.x.f.controller.AuthController          : Inicio de sesión correcto: esta-se-queda ([ROLE_USUARIO, FactorGrantedAuthority [authority=FACTOR_PASSWORD, issuedAt=2026-10-02T20:10:48.570299223Z]])
2026-10-02T22:10:48.627+02:00  INFO 38773 --- [main] e.x.f.controller.AuthController          : Inicio de sesión correcto: datos ([ROLE_USUARIO, FactorGrantedAuthority [authority=FACTOR_PASSWORD, issuedAt=2026-10-02T20:10:48.627034582Z]])
2026-10-02T22:10:48.628+02:00  WARN 38773 --- [main] e.x.f.seguridad.AccesoDenegado           : Acceso denegado a /usuarios/3 por datos: No tienes permiso para hacer esta operación. Necesitas ser administrador.
2026-10-02T22:10:48.683+02:00  INFO 38773 --- [main] e.x.f.controller.AuthController          : Inicio de sesión correcto: admin ([ROLE_ADMIN, FactorGrantedAuthority [authority=FACTOR_PASSWORD, issuedAt=2026-10-02T20:10:48.683174344Z]])
2026-10-02T22:10:48.736+02:00  INFO 38773 --- [main] e.x.f.service.UsuarioServiceImpl         : Alta de usuario desde el panel: clave-distinta con rol USUARIO
2026-10-02T22:10:48.736+02:00  INFO 38773 --- [main] e.x.f.controller.UsuarioAdminController  : Cuenta creada desde el panel: clave-distinta
2026-10-02T22:10:48.790+02:00  INFO 38773 --- [main] e.x.f.controller.AuthController          : Inicio de sesión correcto: admin ([ROLE_ADMIN, FactorGrantedAuthority [authority=FACTOR_PASSWORD, issuedAt=2026-10-02T20:10:48.790267477Z]])
2026-10-02T22:10:48.842+02:00  WARN 38773 --- [main] e.x.f.service.UsuarioServiceImpl         : Borrado de la cuenta clave-distinta rechazado: contraseña de confirmación incorrecta de admin
2026-10-02T22:10:48.843+02:00  WARN 38773 --- [main] e.x.f.controller.ManejadorExcepciones    : Borrado de una cuenta rechazado: la contraseña de confirmación no es correcta
2026-10-02T22:10:48.903+02:00  INFO 38773 --- [main] e.x.f.controller.AuthController          : Inicio de sesión correcto: admin ([ROLE_ADMIN, FactorGrantedAuthority [authority=FACTOR_PASSWORD, issuedAt=2026-10-02T20:10:48.902724273Z]])
2026-10-02T22:10:48.904+02:00  INFO 38773 --- [main] e.x.f.service.UsuarioServiceImpl         : Cuenta modificada: datos (rol USUARIO, activo false)
2026-10-02T22:10:48.905+02:00  INFO 38773 --- [main] e.x.f.controller.UsuarioAdminController  : Cuenta editada desde el panel: datos
2026-10-02T22:10:48.960+02:00  WARN 38773 --- [main] e.x.f.controller.ManejadorExcepciones    : Intento de acceso a una cuenta desactivada
2026-10-02T22:10:49.014+02:00  INFO 38773 --- [main] e.x.f.controller.AuthController          : Inicio de sesión correcto: admin ([ROLE_ADMIN, FactorGrantedAuthority [authority=FACTOR_PASSWORD, issuedAt=2026-10-02T20:10:49.014112955Z]])
2026-10-02T22:10:49.015+02:00  INFO 38773 --- [main] e.x.f.service.UsuarioServiceImpl         : Cuenta modificada: datos (rol USUARIO, activo true)
2026-10-02T22:10:49.016+02:00  INFO 38773 --- [main] e.x.f.controller.UsuarioAdminController  : Cuenta editada desde el panel: datos
2026-10-02T22:10:49.069+02:00  INFO 38773 --- [main] e.x.f.controller.AuthController          : Inicio de sesión correcto: datos ([ROLE_USUARIO, FactorGrantedAuthority [authority=FACTOR_PASSWORD, issuedAt=2026-10-02T20:10:49.068888377Z]])
2026-10-02T22:10:49.127+02:00  INFO 38773 --- [main] e.x.f.controller.AuthController          : Inicio de sesión correcto: admin ([ROLE_ADMIN, FactorGrantedAuthority [authority=FACTOR_PASSWORD, issuedAt=2026-10-02T20:10:49.126688533Z]])
2026-10-02T22:10:49.128+02:00  WARN 38773 --- [main] e.x.f.controller.ManejadorExcepciones    : El panel ha pedido modificar una cuenta que no existe
2026-10-02T22:10:49.131+02:00  INFO 38773 --- [main] e.x.f.s.PuntoEntradaNoAutenticada        : Petición sin sesión a /usuarios: se responde 401
2026-10-02T22:10:49.132+02:00  INFO 38773 --- [main] e.x.f.s.PuntoEntradaNoAutenticada        : Petición sin sesión a /usuarios: se responde 401
2026-10-02T22:10:49.188+02:00  INFO 38773 --- [main] e.x.f.controller.AuthController          : Inicio de sesión correcto: admin ([ROLE_ADMIN, FactorGrantedAuthority [authority=FACTOR_PASSWORD, issuedAt=2026-10-02T20:10:49.187667795Z]])
2026-10-02T22:10:49.242+02:00  INFO 38773 --- [main] e.x.f.service.UsuarioServiceImpl         : Alta de usuario desde el panel: olvido-la-clave con rol USUARIO
2026-10-02T22:10:49.243+02:00  INFO 38773 --- [main] e.x.f.controller.UsuarioAdminController  : Cuenta creada desde el panel: olvido-la-clave
2026-10-02T22:10:49.296+02:00  INFO 38773 --- [main] e.x.f.controller.AuthController          : Inicio de sesión correcto: admin ([ROLE_ADMIN, FactorGrantedAuthority [authority=FACTOR_PASSWORD, issuedAt=2026-10-02T20:10:49.295869918Z]])
2026-10-02T22:10:49.352+02:00  INFO 38773 --- [main] e.x.f.service.UsuarioServiceImpl         : Contraseña cambiada por un administrador: panel -> olvido-la-clave
2026-10-02T22:10:49.353+02:00  INFO 38773 --- [main] e.x.f.controller.UsuarioAdminController  : Contraseña puesta desde el panel a la cuenta olvido-la-clave
2026-10-02T22:10:49.407+02:00  INFO 38773 --- [main] e.x.f.controller.AuthController          : Inicio de sesión correcto: olvido-la-clave ([ROLE_USUARIO, FactorGrantedAuthority [authority=FACTOR_PASSWORD, issuedAt=2026-10-02T20:10:49.406694791Z]])
2026-10-02T22:10:49.461+02:00  WARN 38773 --- [main] e.x.f.controller.ManejadorExcepciones    : Intento de acceso rechazado: usuario o contraseña incorrectos
2026-10-02T22:10:49.517+02:00  INFO 38773 --- [main] e.x.f.controller.AuthController          : Inicio de sesión correcto: admin ([ROLE_ADMIN, FactorGrantedAuthority [authority=FACTOR_PASSWORD, issuedAt=2026-10-02T20:10:49.516826815Z]])
2026-10-02T22:10:49.577+02:00  INFO 38773 --- [main] e.x.f.controller.AuthController          : Inicio de sesión correcto: datos ([ROLE_USUARIO, FactorGrantedAuthority [authority=FACTOR_PASSWORD, issuedAt=2026-10-02T20:10:49.577425592Z]])
2026-10-02T22:10:49.578+02:00  WARN 38773 --- [main] e.x.f.seguridad.AccesoDenegado           : Acceso denegado a /usuarios/1 por datos: No tienes permiso para hacer esta operación. Necesitas ser administrador.
2026-10-02T22:10:49.579+02:00  WARN 38773 --- [main] e.x.f.seguridad.AccesoDenegado           : Acceso denegado a /usuarios/1/clave por datos: No tienes permiso para hacer esta operación. Necesitas ser administrador.
2026-10-02T22:10:49.637+02:00  INFO 38773 --- [main] e.x.f.controller.AuthController          : Inicio de sesión correcto: admin ([ROLE_ADMIN, FactorGrantedAuthority [authority=FACTOR_PASSWORD, issuedAt=2026-10-02T20:10:49.637278801Z]])
2026-10-02T22:10:49.639+02:00  WARN 38773 --- [main] e.x.f.controller.ManejadorExcepciones    : El panel ha pedido modificar una cuenta que no existe
2026-10-02T22:10:49.698+02:00  INFO 38773 --- [main] e.x.f.controller.AuthController          : Inicio de sesión correcto: admin ([ROLE_ADMIN, FactorGrantedAuthority [authority=FACTOR_PASSWORD, issuedAt=2026-10-02T20:10:49.697890974Z]])
2026-10-02T22:10:49.700+02:00  WARN 38773 --- [main] e.x.f.controller.ManejadorExcepciones    : El panel ha pedido modificar una cuenta que no existe
2026-10-02T22:10:49.706+02:00  INFO 38773 --- [main] t.c.s.AnnotationConfigContextLoaderUtils : Could not detect default configuration classes for test class [edu.xtd.facturacion360.seguridad.AccesoSinSesionTests]: AccesoSinSesionTests does not declare any static, non-private, non-final, nested classes annotated with @Configuration.
2026-10-02T22:10:49.707+02:00  INFO 38773 --- [main] .b.t.c.SpringBootTestContextBootstrapper : Found @SpringBootConfiguration edu.xtd.facturacion360.Facturacion360Application for test class edu.xtd.facturacion360.seguridad.AccesoSinSesionTests
2026-10-02T22:10:49.708+02:00  INFO 38773 --- [main] t.c.s.AnnotationConfigContextLoaderUtils : Could not detect default configuration classes for test class [edu.xtd.facturacion360.seguridad.AccesoSinSesionTests]: AccesoSinSesionTests does not declare any static, non-private, non-final, nested classes annotated with @Configuration.
2026-10-02T22:10:49.708+02:00  INFO 38773 --- [main] .b.t.c.SpringBootTestContextBootstrapper : Found @SpringBootConfiguration edu.xtd.facturacion360.Facturacion360Application for test class edu.xtd.facturacion360.seguridad.AccesoSinSesionTests
2026-10-02T22:10:49.767+02:00  INFO 38773 --- [main] e.x.f.controller.AuthController          : Inicio de sesión correcto: datos ([ROLE_USUARIO, FactorGrantedAuthority [authority=FACTOR_PASSWORD, issuedAt=2026-10-02T20:10:49.766793381Z]])
2026-10-02T22:10:49.769+02:00  WARN 38773 --- [main] e.x.f.seguridad.AccesoDenegado           : Acceso denegado a /emisor por datos: No tienes permiso para hacer esta operación. Necesitas ser administrador.
2026-10-02T22:10:49.821+02:00  INFO 38773 --- [main] e.x.f.controller.AuthController          : Inicio de sesión correcto: admin ([ROLE_ADMIN, FactorGrantedAuthority [authority=FACTOR_PASSWORD, issuedAt=2026-10-02T20:10:49.821525511Z]])
2026-10-02T22:10:49.835+02:00  INFO 38773 --- [main] e.x.f.s.PuntoEntradaNoAutenticada        : Petición sin sesión a /cliente/listar-pagina: se responde 401
2026-10-02T22:10:49.835+02:00  INFO 38773 --- [main] e.x.f.s.PuntoEntradaNoAutenticada        : Petición sin sesión a /cliente/provincias: se responde 401
2026-10-02T22:10:49.836+02:00  INFO 38773 --- [main] e.x.f.s.PuntoEntradaNoAutenticada        : Petición sin sesión a /cliente/1: se responde 401
2026-10-02T22:10:49.836+02:00  INFO 38773 --- [main] e.x.f.s.PuntoEntradaNoAutenticada        : Petición sin sesión a /emisor: se responde 401
2026-10-02T22:10:49.836+02:00  INFO 38773 --- [main] e.x.f.s.PuntoEntradaNoAutenticada        : Petición sin sesión a /emisor/logo: se responde 401
2026-10-02T22:10:49.837+02:00  INFO 38773 --- [main] e.x.f.s.PuntoEntradaNoAutenticada        : Petición sin sesión a /factura/buscar: se responde 401
2026-10-02T22:10:49.837+02:00  INFO 38773 --- [main] e.x.f.s.PuntoEntradaNoAutenticada        : Petición sin sesión a /factura/trimestral: se responde 401
2026-10-02T22:10:49.837+02:00  INFO 38773 --- [main] e.x.f.s.PuntoEntradaNoAutenticada        : Petición sin sesión a /auth/yo: se responde 401
2026-10-02T22:10:49.838+02:00  INFO 38773 --- [main] e.x.f.s.PuntoEntradaNoAutenticada        : Petición sin sesión a /factura-imprimir.html: se responde 401
2026-10-02T22:10:49.840+02:00  INFO 38773 --- [main] e.x.f.s.PuntoEntradaNoAutenticada        : Petición sin sesión a /cliente/listar-pagina: se responde 401
2026-10-02T22:10:49.895+02:00  INFO 38773 --- [main] e.x.f.controller.AuthController          : Inicio de sesión correcto: datos ([ROLE_USUARIO, FactorGrantedAuthority [authority=FACTOR_PASSWORD, issuedAt=2026-10-02T20:10:49.895266196Z]])
2026-10-02T22:10:49.897+02:00  WARN 38773 --- [main] e.x.f.seguridad.AccesoDenegado           : Acceso denegado a /cliente/1 por datos: No tienes permiso para hacer esta operación. Necesitas ser administrador.
2026-10-02T22:10:49.950+02:00  INFO 38773 --- [main] e.x.f.controller.AuthController          : Inicio de sesión correcto: admin ([ROLE_ADMIN, FactorGrantedAuthority [authority=FACTOR_PASSWORD, issuedAt=2026-10-02T20:10:49.949664891Z]])
2026-10-02T22:10:49.951+02:00  INFO 38773 --- [main] e.x.f.controller.ClienteController       : Peticion DELETE recibida para eliminar el cliente con ID 1
2026-10-02T22:10:49.951+02:00  INFO 38773 --- [main] e.x.f.service.ClienteServiceImpl         : Intentando eliminar el cliente con ID 1
2026-10-02T22:10:49.952+02:00  INFO 38773 --- [main] e.x.f.service.ClienteServiceImpl         : Cliente 1 eliminado correctamente.
2026-10-02T22:10:49.952+02:00  INFO 38773 --- [main] e.x.f.controller.ClienteController       : Cliente con ID 1 eliminado correctamente.
2026-10-02T22:10:49.955+02:00  INFO 38773 --- [main] e.x.f.s.PuntoEntradaNoAutenticada        : Petición sin sesión a /clientes.html: se redirige al login
2026-10-02T22:10:49.955+02:00  INFO 38773 --- [main] e.x.f.s.PuntoEntradaNoAutenticada        : Petición sin sesión a /: se redirige al login
2026-10-02T22:10:50.009+02:00  INFO 38773 --- [main] e.x.f.controller.AuthController          : Inicio de sesión correcto: datos ([ROLE_USUARIO, FactorGrantedAuthority [authority=FACTOR_PASSWORD, issuedAt=2026-10-02T20:10:50.009293969Z]])
2026-10-02T22:10:50.010+02:00  INFO 38773 --- [main] e.x.f.controller.ClienteController       : GET /cliente/provincias
2026-10-02T22:10:50.011+02:00  INFO 38773 --- [main] e.x.f.service.ClienteServiceImpl         : listarProvincias() -> 0 provincias
2026-10-02T22:10:50.011+02:00  INFO 38773 --- [main] e.x.f.controller.ClienteController       : GET /cliente/provincias -> 200 (0 provincias)
2026-10-02T22:10:50.067+02:00  INFO 38773 --- [main] e.x.f.controller.AuthController          : Inicio de sesión correcto: admin ([ROLE_ADMIN, FactorGrantedAuthority [authority=FACTOR_PASSWORD, issuedAt=2026-10-02T20:10:50.066695908Z]])
2026-10-02T22:10:50.085+02:00  INFO 38773 --- [main] e.x.f.controller.ClienteController       : POST /cliente -> 201, cliente 2
2026-10-02T22:10:50.145+02:00  INFO 38773 --- [main] e.x.f.controller.AuthController          : Inicio de sesión correcto: admin ([ROLE_ADMIN, FactorGrantedAuthority [authority=FACTOR_PASSWORD, issuedAt=2026-10-02T20:10:50.144819606Z]])
2026-10-02T22:10:50.146+02:00  WARN 38773 --- [main] e.x.f.seguridad.AccesoDenegado           : Acceso denegado a /cliente por admin: No se ha podido comprobar que la petición venga de esta pantalla. Recarga la página e inténtalo de nuevo.
2026-10-02T22:10:50.149+02:00  INFO 38773 --- [main] e.x.f.seguridad.AccesoDenegado           : Petición sin sesión a /cliente rechazada por CSRF: se responde 401
2026-10-02T22:10:50.151+02:00  INFO 38773 --- [main] t.c.s.AnnotationConfigContextLoaderUtils : Could not detect default configuration classes for test class [edu.xtd.facturacion360.seguridad.AutenticacionTests]: AutenticacionTests does not declare any static, non-private, non-final, nested classes annotated with @Configuration.
2026-10-02T22:10:50.152+02:00  INFO 38773 --- [main] .b.t.c.SpringBootTestContextBootstrapper : Found @SpringBootConfiguration edu.xtd.facturacion360.Facturacion360Application for test class edu.xtd.facturacion360.seguridad.AutenticacionTests
2026-10-02T22:10:50.152+02:00  INFO 38773 --- [main] t.c.s.AnnotationConfigContextLoaderUtils : Could not detect default configuration classes for test class [edu.xtd.facturacion360.seguridad.AutenticacionTests]: AutenticacionTests does not declare any static, non-private, non-final, nested classes annotated with @Configuration.
2026-10-02T22:10:50.153+02:00  INFO 38773 --- [main] .b.t.c.SpringBootTestContextBootstrapper : Found @SpringBootConfiguration edu.xtd.facturacion360.Facturacion360Application for test class edu.xtd.facturacion360.seguridad.AutenticacionTests
2026-10-02T22:10:50.212+02:00  INFO 38773 --- [main] e.x.f.service.UsuarioServiceImpl         : Alta de usuario: actual-equivocada
2026-10-02T22:10:50.213+02:00  INFO 38773 --- [main] e.x.f.controller.AuthController          : Cuenta creada: actual-equivocada
2026-10-02T22:10:50.266+02:00  INFO 38773 --- [main] e.x.f.controller.AuthController          : Inicio de sesión correcto: actual-equivocada ([ROLE_USUARIO, FactorGrantedAuthority [authority=FACTOR_PASSWORD, issuedAt=2026-10-02T20:10:50.266476923Z]])
2026-10-02T22:10:50.323+02:00  WARN 38773 --- [main] e.x.f.service.UsuarioServiceImpl         : Intento de cambio de contraseña con la clave actual equivocada: actual-equivocada
2026-10-02T22:10:50.324+02:00  WARN 38773 --- [main] e.x.f.controller.ManejadorExcepciones    : Cambio de contraseña rechazado: la contraseña actual no es la correcta
2026-10-02T22:10:50.377+02:00  INFO 38773 --- [main] e.x.f.controller.AuthController          : Inicio de sesión correcto: actual-equivocada ([ROLE_USUARIO, FactorGrantedAuthority [authority=FACTOR_PASSWORD, issuedAt=2026-10-02T20:10:50.377548879Z]])
2026-10-02T22:10:50.432+02:00  WARN 38773 --- [main] e.x.f.controller.ManejadorExcepciones    : Intento de acceso a una cuenta desactivada
2026-10-02T22:10:50.486+02:00  INFO 38773 --- [main] e.x.f.service.UsuarioServiceImpl         : Alta de usuario: recien-creado
2026-10-02T22:10:50.487+02:00  INFO 38773 --- [main] e.x.f.controller.AuthController          : Cuenta creada: recien-creado
2026-10-02T22:10:50.540+02:00  INFO 38773 --- [main] e.x.f.controller.AuthController          : Inicio de sesión correcto: recien-creado ([ROLE_USUARIO, FactorGrantedAuthority [authority=FACTOR_PASSWORD, issuedAt=2026-10-02T20:10:50.539904495Z]])
2026-10-02T22:10:50.595+02:00  INFO 38773 --- [main] e.x.f.service.UsuarioServiceImpl         : Alta de usuario: cambio-de-clave
2026-10-02T22:10:50.595+02:00  INFO 38773 --- [main] e.x.f.controller.AuthController          : Cuenta creada: cambio-de-clave
2026-10-02T22:10:50.647+02:00  INFO 38773 --- [main] e.x.f.controller.AuthController          : Inicio de sesión correcto: cambio-de-clave ([ROLE_USUARIO, FactorGrantedAuthority [authority=FACTOR_PASSWORD, issuedAt=2026-10-02T20:10:50.647456928Z]])
2026-10-02T22:10:50.750+02:00  INFO 38773 --- [main] e.x.f.service.UsuarioServiceImpl         : Contraseña cambiada: cambio-de-clave
2026-10-02T22:10:50.805+02:00  INFO 38773 --- [main] e.x.f.controller.AuthController          : Inicio de sesión correcto: cambio-de-clave ([ROLE_USUARIO, FactorGrantedAuthority [authority=FACTOR_PASSWORD, issuedAt=2026-10-02T20:10:50.804758291Z]])
2026-10-02T22:10:50.858+02:00  WARN 38773 --- [main] e.x.f.controller.ManejadorExcepciones    : Intento de acceso rechazado: usuario o contraseña incorrectos
2026-10-02T22:10:50.914+02:00  INFO 38773 --- [main] e.x.f.controller.AuthController          : Inicio de sesión correcto: datos ([ROLE_USUARIO, FactorGrantedAuthority [authority=FACTOR_PASSWORD, issuedAt=2026-10-02T20:10:50.913681777Z]])
2026-10-02T22:10:50.969+02:00  INFO 38773 --- [main] e.x.f.service.UsuarioServiceImpl         : Alta de usuario: falso-admin
2026-10-02T22:10:50.970+02:00  INFO 38773 --- [main] e.x.f.controller.AuthController          : Cuenta creada: falso-admin
2026-10-02T22:10:50.973+02:00  WARN 38773 --- [main] e.x.f.seguridad.UsuariosDetailsService   : Intento de acceso con un usuario que no está dado de alta: no-existe
2026-10-02T22:10:51.024+02:00  WARN 38773 --- [main] e.x.f.controller.ManejadorExcepciones    : Intento de acceso rechazado: usuario o contraseña incorrectos
2026-10-02T22:10:51.079+02:00  WARN 38773 --- [main] e.x.f.controller.ManejadorExcepciones    : Intento de acceso rechazado: usuario o contraseña incorrectos
2026-10-02T22:10:51.134+02:00  INFO 38773 --- [main] e.x.f.service.UsuarioServiceImpl         : Alta de usuario: hash-guardado
2026-10-02T22:10:51.134+02:00  INFO 38773 --- [main] e.x.f.controller.AuthController          : Cuenta creada: hash-guardado
2026-10-02T22:10:51.187+02:00  INFO 38773 --- [main] e.x.f.controller.AuthController          : Inicio de sesión correcto: hash-guardado ([ROLE_USUARIO, FactorGrantedAuthority [authority=FACTOR_PASSWORD, issuedAt=2026-10-02T20:10:51.187344038Z]])
2026-10-02T22:10:51.296+02:00  INFO 38773 --- [main] e.x.f.service.UsuarioServiceImpl         : Contraseña cambiada: hash-guardado
2026-10-02T22:10:51.353+02:00  INFO 38773 --- [main] e.x.f.controller.AuthController          : Inicio de sesión correcto: admin ([ROLE_ADMIN, FactorGrantedAuthority [authority=FACTOR_PASSWORD, issuedAt=2026-10-02T20:10:51.352756608Z]])
2026-10-02T22:10:51.408+02:00  INFO 38773 --- [main] e.x.f.service.UsuarioServiceImpl         : Alta de usuario: admin
2026-10-02T22:10:51.408+02:00  WARN 38773 --- [main] e.x.f.controller.ManejadorExcepciones    : Alta de usuario repetida
2026-10-02T22:10:51.464+02:00  INFO 38773 --- [main] e.x.f.controller.AuthController          : Inicio de sesión correcto: datos ([ROLE_USUARIO, FactorGrantedAuthority [authority=FACTOR_PASSWORD, issuedAt=2026-10-02T20:10:51.463641783Z]])
2026-10-02T22:10:51.471+02:00  INFO 38773 --- [main] e.x.f.s.PuntoEntradaNoAutenticada        : Petición sin sesión a /auth/yo: se responde 401
2026-10-02T22:10:51.525+02:00  INFO 38773 --- [main] e.x.f.controller.AuthController          : Inicio de sesión correcto: datos ([ROLE_USUARIO, FactorGrantedAuthority [authority=FACTOR_PASSWORD, issuedAt=2026-10-02T20:10:51.525493250Z]])
2026-10-02T22:10:51.530+02:00  WARN 38773 --- [main] e.x.f.controller.ManejadorExcepciones    : Datos no válidos: {clave=La contraseña es obligatoria, usuario=El usuario es obligatorio}
2026-10-02T22:10:51.534+02:00  INFO 38773 --- [main] e.x.f.s.PuntoEntradaNoAutenticada        : Petición sin sesión a /auth/clave: se responde 401
2026-10-02T22:10:51.588+02:00  INFO 38773 --- [main] e.x.f.service.UsuarioServiceImpl         : Alta de usuario: clave-corta
2026-10-02T22:10:51.588+02:00  INFO 38773 --- [main] e.x.f.controller.AuthController          : Cuenta creada: clave-corta
2026-10-02T22:10:51.642+02:00  INFO 38773 --- [main] e.x.f.controller.AuthController          : Inicio de sesión correcto: clave-corta ([ROLE_USUARIO, FactorGrantedAuthority [authority=FACTOR_PASSWORD, issuedAt=2026-10-02T20:10:51.641848178Z]])
2026-10-02T22:10:51.644+02:00  WARN 38773 --- [main] e.x.f.controller.ManejadorExcepciones    : Datos no válidos: {nueva=La contraseña nueva debe tener entre 8 y 200 caracteres}
2026-10-02T22:10:51.659+02:00  INFO 38773 --- [SpringApplicationShutdownHook] com.zaxxer.hikari.HikariDataSource       : HikariPool-1 - Shutdown initiated...
2026-10-02T22:10:51.661+02:00  INFO 38773 --- [SpringApplicationShutdownHook] com.zaxxer.hikari.HikariDataSource       : HikariPool-1 - Shutdown completed.
2026-10-02T22:12:25.820+02:00  INFO 39323 --- [main] e.x.f.seguridad.PanelUsuariosTests       : Starting PanelUsuariosTests using Java 21.0.12 with PID 39323 (started by root in /root/git/facturacion360-Proyecto-de-facturacion/facturacion360)
2026-10-02T22:12:25.821+02:00  INFO 39323 --- [main] e.x.f.seguridad.PanelUsuariosTests       : No active profile set, falling back to 1 default profile: "default"
2026-10-02T22:12:26.488+02:00  INFO 39323 --- [main] com.zaxxer.hikari.HikariDataSource       : HikariPool-1 - Starting...
2026-10-02T22:12:26.606+02:00  INFO 39323 --- [main] com.zaxxer.hikari.pool.HikariPool        : HikariPool-1 - Added connection conn0: url=jdbc:h2:mem:bd_facturacion_test user=SA
2026-10-02T22:12:26.607+02:00  INFO 39323 --- [main] com.zaxxer.hikari.HikariDataSource       : HikariPool-1 - Start completed.
2026-10-02T22:12:26.654+02:00  INFO 39323 --- [main] r$InitializeUserDetailsManagerConfigurer : Global AuthenticationManager configured with UserDetailsService bean with name usuariosDetailsService
2026-10-02T22:12:26.996+02:00  INFO 39323 --- [main] o.s.b.w.a.WelcomePageHandlerMapping      : Adding welcome page: class path resource [static/index.html]
2026-10-02T22:12:27.203+02:00  INFO 39323 --- [main] o.s.b.t.m.w.SpringBootMockServletContext : Initializing Spring TestDispatcherServlet ''
2026-10-02T22:12:27.204+02:00  INFO 39323 --- [main] o.s.t.web.servlet.TestDispatcherServlet  : Initializing Servlet ''
2026-10-02T22:12:27.206+02:00  INFO 39323 --- [main] o.s.t.web.servlet.TestDispatcherServlet  : Completed initialization in 2 ms
2026-10-02T22:12:27.254+02:00  INFO 39323 --- [main] e.x.f.seguridad.PanelUsuariosTests       : Started PanelUsuariosTests in 1.676 seconds (process running for 2.347)
2026-10-02T22:12:27.256+02:00  WARN 39323 --- [main] o.s.core.events.SpringDocAppInitializer  : SpringDoc /v3/api-docs endpoint is enabled by default. To disable it in production, set the property 'springdoc.api-docs.enabled=false'
2026-10-02T22:12:27.257+02:00  WARN 39323 --- [main] o.s.core.events.SpringDocAppInitializer  : SpringDoc /swagger-ui.html endpoint is enabled by default. To disable it in production, set the property 'springdoc.swagger-ui.enabled=false'
2026-10-02T22:12:27.715+02:00  INFO 39323 --- [main] e.x.f.controller.AuthController          : Inicio de sesión correcto: admin ([ROLE_ADMIN, FactorGrantedAuthority [authority=FACTOR_PASSWORD, issuedAt=2026-10-02T20:12:27.711132269Z]])
2026-10-02T22:12:27.783+02:00  INFO 39323 --- [main] e.x.f.service.UsuarioServiceImpl         : Alta de usuario desde el panel: para-borrar con rol USUARIO
2026-10-02T22:12:27.785+02:00  INFO 39323 --- [main] e.x.f.controller.UsuarioAdminController  : Cuenta creada desde el panel: para-borrar
2026-10-02T22:12:27.845+02:00  INFO 39323 --- [main] e.x.f.controller.AuthController          : Inicio de sesión correcto: admin ([ROLE_ADMIN, FactorGrantedAuthority [authority=FACTOR_PASSWORD, issuedAt=2026-10-02T20:12:27.844938628Z]])
2026-10-02T22:12:27.902+02:00  INFO 39323 --- [main] e.x.f.service.UsuarioServiceImpl         : Cuenta borrada por admin: para-borrar
2026-10-02T22:12:27.902+02:00  INFO 39323 --- [main] e.x.f.controller.UsuarioAdminController  : Cuenta borrada desde el panel: 4
2026-10-02T22:12:27.931+02:00  WARN 39323 --- [main] e.x.f.seguridad.UsuariosDetailsService   : Intento de acceso con un usuario que no está dado de alta: para-borrar
2026-10-02T22:12:27.984+02:00  WARN 39323 --- [main] e.x.f.controller.ManejadorExcepciones    : Intento de acceso rechazado: usuario o contraseña incorrectos
2026-10-02T22:12:28.046+02:00  INFO 39323 --- [main] e.x.f.controller.AuthController          : Inicio de sesión correcto: admin ([ROLE_ADMIN, FactorGrantedAuthority [authority=FACTOR_PASSWORD, issuedAt=2026-10-02T20:12:28.045920825Z]])
2026-10-02T22:12:28.100+02:00  INFO 39323 --- [main] e.x.f.service.UsuarioServiceImpl         : Alta de usuario desde el panel: para-borrar con rol USUARIO
2026-10-02T22:12:28.100+02:00  INFO 39323 --- [main] e.x.f.controller.UsuarioAdminController  : Cuenta creada desde el panel: para-borrar
2026-10-02T22:12:28.154+02:00  INFO 39323 --- [main] e.x.f.controller.AuthController          : Inicio de sesión correcto: admin ([ROLE_ADMIN, FactorGrantedAuthority [authority=FACTOR_PASSWORD, issuedAt=2026-10-02T20:12:28.154406117Z]])
2026-10-02T22:12:28.209+02:00  INFO 39323 --- [main] e.x.f.service.UsuarioServiceImpl         : Cuenta borrada por admin: para-borrar
2026-10-02T22:12:28.209+02:00  INFO 39323 --- [main] e.x.f.controller.UsuarioAdminController  : Cuenta borrada desde el panel: 5
2026-10-02T22:12:28.274+02:00  INFO 39323 --- [main] e.x.f.controller.AuthController          : Inicio de sesión correcto: admin ([ROLE_ADMIN, FactorGrantedAuthority [authority=FACTOR_PASSWORD, issuedAt=2026-10-02T20:12:28.273525610Z]])
2026-10-02T22:12:28.330+02:00  INFO 39323 --- [main] e.x.f.service.UsuarioServiceImpl         : Alta de usuario desde el panel: otro-admin con rol ADMIN
2026-10-02T22:12:28.331+02:00  INFO 39323 --- [main] e.x.f.controller.UsuarioAdminController  : Cuenta creada desde el panel: otro-admin
2026-10-02T22:12:28.386+02:00  INFO 39323 --- [main] e.x.f.controller.AuthController          : Inicio de sesión correcto: admin ([ROLE_ADMIN, FactorGrantedAuthority [authority=FACTOR_PASSWORD, issuedAt=2026-10-02T20:12:28.385722898Z]])
2026-10-02T22:12:28.439+02:00  INFO 39323 --- [main] e.x.f.service.UsuarioServiceImpl         : Cuenta borrada por admin: otro-admin
2026-10-02T22:12:28.439+02:00  INFO 39323 --- [main] e.x.f.controller.UsuarioAdminController  : Cuenta borrada desde el panel: 6
2026-10-02T22:12:28.494+02:00  INFO 39323 --- [main] e.x.f.controller.AuthController          : Inicio de sesión correcto: admin ([ROLE_ADMIN, FactorGrantedAuthority [authority=FACTOR_PASSWORD, issuedAt=2026-10-02T20:12:28.494108322Z]])
2026-10-02T22:12:28.496+02:00  INFO 39323 --- [main] e.x.f.controller.UsuarioAdminController  : Listado de cuentas del panel
2026-10-02T22:12:28.560+02:00  INFO 39323 --- [main] e.x.f.controller.AuthController          : Inicio de sesión correcto: admin ([ROLE_ADMIN, FactorGrantedAuthority [authority=FACTOR_PASSWORD, issuedAt=2026-10-02T20:12:28.559065786Z]])
2026-10-02T22:12:28.571+02:00  INFO 39323 --- [main] e.x.f.service.UsuarioServiceImpl         : Cuenta modificada: datos (rol ADMIN, activo true)
2026-10-02T22:12:28.571+02:00  INFO 39323 --- [main] e.x.f.controller.UsuarioAdminController  : Cuenta editada desde el panel: datos
2026-10-02T22:12:28.644+02:00  INFO 39323 --- [main] e.x.f.controller.AuthController          : Inicio de sesión correcto: datos ([ROLE_ADMIN, FactorGrantedAuthority [authority=FACTOR_PASSWORD, issuedAt=2026-10-02T20:12:28.644023045Z]])
2026-10-02T22:12:28.645+02:00  INFO 39323 --- [main] e.x.f.controller.UsuarioAdminController  : Listado de cuentas del panel
2026-10-02T22:12:28.700+02:00  INFO 39323 --- [main] e.x.f.controller.AuthController          : Inicio de sesión correcto: admin ([ROLE_ADMIN, FactorGrantedAuthority [authority=FACTOR_PASSWORD, issuedAt=2026-10-02T20:12:28.700169455Z]])
2026-10-02T22:12:28.703+02:00  INFO 39323 --- [main] e.x.f.service.UsuarioServiceImpl         : Cuenta modificada: datos (rol USUARIO, activo true)
2026-10-02T22:12:28.703+02:00  INFO 39323 --- [main] e.x.f.controller.UsuarioAdminController  : Cuenta editada desde el panel: datos
2026-10-02T22:12:28.710+02:00  INFO 39323 --- [main] e.x.f.s.PuntoEntradaNoAutenticada        : Petición sin sesión a /usuarios.html: se redirige al login
2026-10-02T22:12:28.769+02:00  INFO 39323 --- [main] e.x.f.controller.AuthController          : Inicio de sesión correcto: admin ([ROLE_ADMIN, FactorGrantedAuthority [authority=FACTOR_PASSWORD, issuedAt=2026-10-02T20:12:28.768070693Z]])
2026-10-02T22:12:28.771+02:00  WARN 39323 --- [main] e.x.f.service.UsuarioServiceImpl         : Se ha rechazado un intento de borrar la propia cuenta: admin
2026-10-02T22:12:28.772+02:00  WARN 39323 --- [main] e.x.f.controller.ManejadorExcepciones    : Se ha rechazado un cambio que dejaría la aplicación sin administradores
2026-10-02T22:12:28.836+02:00  INFO 39323 --- [main] e.x.f.controller.AuthController          : Inicio de sesión correcto: admin ([ROLE_ADMIN, FactorGrantedAuthority [authority=FACTOR_PASSWORD, issuedAt=2026-10-02T20:12:28.835944931Z]])
2026-10-02T22:12:28.889+02:00  INFO 39323 --- [main] e.x.f.service.UsuarioServiceImpl         : Alta de usuario desde el panel: se-van-a-borrar con rol USUARIO
2026-10-02T22:12:28.890+02:00  INFO 39323 --- [main] e.x.f.controller.UsuarioAdminController  : Cuenta creada desde el panel: se-van-a-borrar
2026-10-02T22:12:28.943+02:00  INFO 39323 --- [main] e.x.f.controller.AuthController          : Inicio de sesión correcto: admin ([ROLE_ADMIN, FactorGrantedAuthority [authority=FACTOR_PASSWORD, issuedAt=2026-10-02T20:12:28.943443508Z]])
2026-10-02T22:12:28.998+02:00  INFO 39323 --- [main] e.x.f.service.UsuarioServiceImpl         : Cuenta borrada por admin: se-van-a-borrar
2026-10-02T22:12:28.999+02:00  INFO 39323 --- [main] e.x.f.controller.UsuarioAdminController  : Cuenta borrada desde el panel: 7
2026-10-02T22:12:29.058+02:00  INFO 39323 --- [main] e.x.f.controller.AuthController          : Inicio de sesión correcto: admin ([ROLE_ADMIN, FactorGrantedAuthority [authority=FACTOR_PASSWORD, issuedAt=2026-10-02T20:12:29.057799215Z]])
2026-10-02T22:12:29.129+02:00  INFO 39323 --- [main] e.x.f.controller.AuthController          : Inicio de sesión correcto: datos ([ROLE_USUARIO, FactorGrantedAuthority [authority=FACTOR_PASSWORD, issuedAt=2026-10-02T20:12:29.129256233Z]])
2026-10-02T22:12:29.131+02:00  WARN 39323 --- [main] e.x.f.seguridad.AccesoDenegado           : Acceso denegado a /usuarios por datos: No tienes permiso para hacer esta operación. Necesitas ser administrador.
2026-10-02T22:12:29.132+02:00  WARN 39323 --- [main] e.x.f.seguridad.AccesoDenegado           : Acceso denegado a /usuarios.html por datos: No tienes permiso para hacer esta operación. Necesitas ser administrador.
2026-10-02T22:12:29.189+02:00  INFO 39323 --- [main] e.x.f.controller.AuthController          : Inicio de sesión correcto: admin ([ROLE_ADMIN, FactorGrantedAuthority [authority=FACTOR_PASSWORD, issuedAt=2026-10-02T20:12:29.188945017Z]])
2026-10-02T22:12:29.198+02:00  WARN 39323 --- [main] e.x.f.controller.ManejadorExcepciones    : Datos no válidos: {nueva=La contraseña nueva debe tener entre 8 y 200 caracteres}
2026-10-02T22:12:29.257+02:00  INFO 39323 --- [main] e.x.f.controller.AuthController          : Inicio de sesión correcto: admin ([ROLE_ADMIN, FactorGrantedAuthority [authority=FACTOR_PASSWORD, issuedAt=2026-10-02T20:12:29.256899585Z]])
2026-10-02T22:12:29.258+02:00  WARN 39323 --- [main] e.x.f.seguridad.AccesoDenegado           : Acceso denegado a /usuarios por admin: No se ha podido comprobar que la petición venga de esta pantalla. Recarga la página e inténtalo de nuevo.
2026-10-02T22:12:29.315+02:00  INFO 39323 --- [main] e.x.f.controller.AuthController          : Inicio de sesión correcto: admin ([ROLE_ADMIN, FactorGrantedAuthority [authority=FACTOR_PASSWORD, issuedAt=2026-10-02T20:12:29.314644845Z]])
2026-10-02T22:12:29.316+02:00  INFO 39323 --- [main] e.x.f.controller.UsuarioAdminController  : Listado de cuentas del panel
2026-10-02T22:12:29.387+02:00  INFO 39323 --- [main] e.x.f.controller.AuthController          : Inicio de sesión correcto: admin ([ROLE_ADMIN, FactorGrantedAuthority [authority=FACTOR_PASSWORD, issuedAt=2026-10-02T20:12:29.386561171Z]])
2026-10-02T22:12:29.439+02:00  INFO 39323 --- [main] e.x.f.service.UsuarioServiceImpl         : Alta de usuario desde el panel: nuevo-admin con rol ADMIN
2026-10-02T22:12:29.440+02:00  INFO 39323 --- [main] e.x.f.controller.UsuarioAdminController  : Cuenta creada desde el panel: nuevo-admin
2026-10-02T22:12:29.494+02:00  INFO 39323 --- [main] e.x.f.controller.AuthController          : Inicio de sesión correcto: nuevo-admin ([ROLE_ADMIN, FactorGrantedAuthority [authority=FACTOR_PASSWORD, issuedAt=2026-10-02T20:12:29.493875777Z]])
2026-10-02T22:12:29.495+02:00  INFO 39323 --- [main] e.x.f.controller.UsuarioAdminController  : Listado de cuentas del panel
2026-10-02T22:12:29.551+02:00  INFO 39323 --- [main] e.x.f.controller.AuthController          : Inicio de sesión correcto: admin ([ROLE_ADMIN, FactorGrantedAuthority [authority=FACTOR_PASSWORD, issuedAt=2026-10-02T20:12:29.550704846Z]])
2026-10-02T22:12:29.551+02:00  INFO 39323 --- [main] e.x.f.controller.UsuarioAdminController  : Listado de cuentas del panel
2026-10-02T22:12:29.607+02:00  INFO 39323 --- [main] e.x.f.controller.AuthController          : Inicio de sesión correcto: admin ([ROLE_ADMIN, FactorGrantedAuthority [authority=FACTOR_PASSWORD, issuedAt=2026-10-02T20:12:29.607427593Z]])
2026-10-02T22:12:29.610+02:00  WARN 39323 --- [main] e.x.f.controller.ManejadorExcepciones    : Datos no válidos: {rol=El rol es obligatorio}
2026-10-02T22:12:29.666+02:00  INFO 39323 --- [main] e.x.f.controller.AuthController          : Inicio de sesión correcto: admin ([ROLE_ADMIN, FactorGrantedAuthority [authority=FACTOR_PASSWORD, issuedAt=2026-10-02T20:12:29.666253686Z]])
2026-10-02T22:12:29.720+02:00  INFO 39323 --- [main] e.x.f.service.UsuarioServiceImpl         : Alta de usuario desde el panel: segundo-admin con rol ADMIN
2026-10-02T22:12:29.720+02:00  INFO 39323 --- [main] e.x.f.controller.UsuarioAdminController  : Cuenta creada desde el panel: segundo-admin
2026-10-02T22:12:29.779+02:00  INFO 39323 --- [main] e.x.f.controller.AuthController          : Inicio de sesión correcto: admin ([ROLE_ADMIN, FactorGrantedAuthority [authority=FACTOR_PASSWORD, issuedAt=2026-10-02T20:12:29.778981314Z]])
2026-10-02T22:12:29.781+02:00  INFO 39323 --- [main] e.x.f.service.UsuarioServiceImpl         : Cuenta modificada: admin (rol USUARIO, activo true)
2026-10-02T22:12:29.781+02:00  INFO 39323 --- [main] e.x.f.controller.UsuarioAdminController  : Cuenta editada desde el panel: admin
2026-10-02T22:12:29.838+02:00  INFO 39323 --- [main] e.x.f.controller.AuthController          : Inicio de sesión correcto: admin ([ROLE_USUARIO, FactorGrantedAuthority [authority=FACTOR_PASSWORD, issuedAt=2026-10-02T20:12:29.838628499Z]])
2026-10-02T22:12:29.839+02:00  WARN 39323 --- [main] e.x.f.seguridad.AccesoDenegado           : Acceso denegado a /usuarios por admin: No tienes permiso para hacer esta operación. Necesitas ser administrador.
2026-10-02T22:12:29.894+02:00  INFO 39323 --- [main] e.x.f.controller.AuthController          : Inicio de sesión correcto: admin ([ROLE_ADMIN, FactorGrantedAuthority [authority=FACTOR_PASSWORD, issuedAt=2026-10-02T20:12:29.894548639Z]])
2026-10-02T22:12:29.947+02:00  INFO 39323 --- [main] e.x.f.service.UsuarioServiceImpl         : Alta de usuario desde el panel: datos con rol ADMIN
2026-10-02T22:12:29.951+02:00  WARN 39323 --- [main] e.x.f.controller.ManejadorExcepciones    : Alta de usuario repetida
2026-10-02T22:12:30.009+02:00  INFO 39323 --- [main] e.x.f.controller.AuthController          : Inicio de sesión correcto: admin ([ROLE_ADMIN, FactorGrantedAuthority [authority=FACTOR_PASSWORD, issuedAt=2026-10-02T20:12:30.008119200Z]])
2026-10-02T22:12:30.010+02:00  WARN 39323 --- [main] e.x.f.seguridad.AccesoDenegado           : Acceso denegado a /usuarios/2 por admin: No se ha podido comprobar que la petición venga de esta pantalla. Recarga la página e inténtalo de nuevo.
2026-10-02T22:12:30.067+02:00  INFO 39323 --- [main] e.x.f.controller.AuthController          : Inicio de sesión correcto: admin ([ROLE_ADMIN, FactorGrantedAuthority [authority=FACTOR_PASSWORD, issuedAt=2026-10-02T20:12:30.067137445Z]])
2026-10-02T22:12:30.069+02:00  WARN 39323 --- [main] e.x.f.service.UsuarioServiceImpl         : Se ha rechazado dejar la aplicación sin administradores: admin era la última cuenta con permisos de administrador
2026-10-02T22:12:30.069+02:00  WARN 39323 --- [main] e.x.f.controller.ManejadorExcepciones    : Se ha rechazado un cambio que dejaría la aplicación sin administradores
2026-10-02T22:12:30.123+02:00  INFO 39323 --- [main] e.x.f.controller.AuthController          : Inicio de sesión correcto: admin ([ROLE_ADMIN, FactorGrantedAuthority [authority=FACTOR_PASSWORD, issuedAt=2026-10-02T20:12:30.122956422Z]])
2026-10-02T22:12:30.124+02:00  WARN 39323 --- [main] e.x.f.service.UsuarioServiceImpl         : Se ha rechazado dejar la aplicación sin administradores: admin era la última cuenta con permisos de administrador
2026-10-02T22:12:30.124+02:00  WARN 39323 --- [main] e.x.f.controller.ManejadorExcepciones    : Se ha rechazado un cambio que dejaría la aplicación sin administradores
2026-10-02T22:12:30.181+02:00  INFO 39323 --- [main] e.x.f.controller.AuthController          : Inicio de sesión correcto: admin ([ROLE_ADMIN, FactorGrantedAuthority [authority=FACTOR_PASSWORD, issuedAt=2026-10-02T20:12:30.180845823Z]])
2026-10-02T22:12:30.183+02:00  WARN 39323 --- [main] e.x.f.controller.ManejadorExcepciones    : Datos no válidos: {clave=La contraseña debe tener entre 8 y 200 caracteres}
2026-10-02T22:12:30.240+02:00  INFO 39323 --- [main] e.x.f.controller.AuthController          : Inicio de sesión correcto: admin ([ROLE_ADMIN, FactorGrantedAuthority [authority=FACTOR_PASSWORD, issuedAt=2026-10-02T20:12:30.239385343Z]])
2026-10-02T22:12:30.294+02:00  INFO 39323 --- [main] e.x.f.service.UsuarioServiceImpl         : Alta de usuario desde el panel: esta-se-queda con rol USUARIO
2026-10-02T22:12:30.295+02:00  INFO 39323 --- [main] e.x.f.controller.UsuarioAdminController  : Cuenta creada desde el panel: esta-se-queda
2026-10-02T22:12:30.349+02:00  INFO 39323 --- [main] e.x.f.controller.AuthController          : Inicio de sesión correcto: admin ([ROLE_ADMIN, FactorGrantedAuthority [authority=FACTOR_PASSWORD, issuedAt=2026-10-02T20:12:30.349464872Z]])
2026-10-02T22:12:30.402+02:00  WARN 39323 --- [main] e.x.f.service.UsuarioServiceImpl         : Borrado de la cuenta esta-se-queda rechazado: contraseña de confirmación incorrecta de admin
2026-10-02T22:12:30.403+02:00  WARN 39323 --- [main] e.x.f.controller.ManejadorExcepciones    : Borrado de una cuenta rechazado: la contraseña de confirmación no es correcta
2026-10-02T22:12:30.456+02:00  INFO 39323 --- [main] e.x.f.controller.AuthController          : Inicio de sesión correcto: admin ([ROLE_ADMIN, FactorGrantedAuthority [authority=FACTOR_PASSWORD, issuedAt=2026-10-02T20:12:30.455863905Z]])
2026-10-02T22:12:30.457+02:00  WARN 39323 --- [main] e.x.f.controller.ManejadorExcepciones    : Datos no válidos: {clave=Escribe tu contraseña para confirmar el borrado}
2026-10-02T22:12:30.511+02:00  INFO 39323 --- [main] e.x.f.controller.AuthController          : Inicio de sesión correcto: esta-se-queda ([ROLE_USUARIO, FactorGrantedAuthority [authority=FACTOR_PASSWORD, issuedAt=2026-10-02T20:12:30.511101123Z]])
2026-10-02T22:12:30.568+02:00  INFO 39323 --- [main] e.x.f.controller.AuthController          : Inicio de sesión correcto: datos ([ROLE_USUARIO, FactorGrantedAuthority [authority=FACTOR_PASSWORD, issuedAt=2026-10-02T20:12:30.568295660Z]])
2026-10-02T22:12:30.569+02:00  WARN 39323 --- [main] e.x.f.seguridad.AccesoDenegado           : Acceso denegado a /usuarios/3 por datos: No tienes permiso para hacer esta operación. Necesitas ser administrador.
2026-10-02T22:12:30.645+02:00  INFO 39323 --- [main] e.x.f.controller.AuthController          : Inicio de sesión correcto: admin ([ROLE_ADMIN, FactorGrantedAuthority [authority=FACTOR_PASSWORD, issuedAt=2026-10-02T20:12:30.644815866Z]])
2026-10-02T22:12:30.698+02:00  INFO 39323 --- [main] e.x.f.service.UsuarioServiceImpl         : Alta de usuario desde el panel: clave-distinta con rol USUARIO
2026-10-02T22:12:30.699+02:00  INFO 39323 --- [main] e.x.f.controller.UsuarioAdminController  : Cuenta creada desde el panel: clave-distinta
2026-10-02T22:12:30.752+02:00  INFO 39323 --- [main] e.x.f.controller.AuthController          : Inicio de sesión correcto: admin ([ROLE_ADMIN, FactorGrantedAuthority [authority=FACTOR_PASSWORD, issuedAt=2026-10-02T20:12:30.752311041Z]])
2026-10-02T22:12:30.805+02:00  WARN 39323 --- [main] e.x.f.service.UsuarioServiceImpl         : Borrado de la cuenta clave-distinta rechazado: contraseña de confirmación incorrecta de admin
2026-10-02T22:12:30.805+02:00  WARN 39323 --- [main] e.x.f.controller.ManejadorExcepciones    : Borrado de una cuenta rechazado: la contraseña de confirmación no es correcta
2026-10-02T22:12:30.863+02:00  INFO 39323 --- [main] e.x.f.controller.AuthController          : Inicio de sesión correcto: admin ([ROLE_ADMIN, FactorGrantedAuthority [authority=FACTOR_PASSWORD, issuedAt=2026-10-02T20:12:30.862992658Z]])
2026-10-02T22:12:30.864+02:00  INFO 39323 --- [main] e.x.f.service.UsuarioServiceImpl         : Cuenta modificada: datos (rol USUARIO, activo false)
2026-10-02T22:12:30.864+02:00  INFO 39323 --- [main] e.x.f.controller.UsuarioAdminController  : Cuenta editada desde el panel: datos
2026-10-02T22:12:30.921+02:00  WARN 39323 --- [main] e.x.f.controller.ManejadorExcepciones    : Intento de acceso a una cuenta desactivada
2026-10-02T22:12:30.974+02:00  INFO 39323 --- [main] e.x.f.controller.AuthController          : Inicio de sesión correcto: admin ([ROLE_ADMIN, FactorGrantedAuthority [authority=FACTOR_PASSWORD, issuedAt=2026-10-02T20:12:30.973979933Z]])
2026-10-02T22:12:30.975+02:00  INFO 39323 --- [main] e.x.f.service.UsuarioServiceImpl         : Cuenta modificada: datos (rol USUARIO, activo true)
2026-10-02T22:12:30.975+02:00  INFO 39323 --- [main] e.x.f.controller.UsuarioAdminController  : Cuenta editada desde el panel: datos
2026-10-02T22:12:31.029+02:00  INFO 39323 --- [main] e.x.f.controller.AuthController          : Inicio de sesión correcto: datos ([ROLE_USUARIO, FactorGrantedAuthority [authority=FACTOR_PASSWORD, issuedAt=2026-10-02T20:12:31.029364358Z]])
2026-10-02T22:12:31.085+02:00  INFO 39323 --- [main] e.x.f.controller.AuthController          : Inicio de sesión correcto: admin ([ROLE_ADMIN, FactorGrantedAuthority [authority=FACTOR_PASSWORD, issuedAt=2026-10-02T20:12:31.085040554Z]])
2026-10-02T22:12:31.086+02:00  WARN 39323 --- [main] e.x.f.controller.ManejadorExcepciones    : El panel ha pedido modificar una cuenta que no existe
2026-10-02T22:12:31.089+02:00  INFO 39323 --- [main] e.x.f.s.PuntoEntradaNoAutenticada        : Petición sin sesión a /usuarios: se responde 401
2026-10-02T22:12:31.090+02:00  INFO 39323 --- [main] e.x.f.s.PuntoEntradaNoAutenticada        : Petición sin sesión a /usuarios: se responde 401
2026-10-02T22:12:31.144+02:00  INFO 39323 --- [main] e.x.f.controller.AuthController          : Inicio de sesión correcto: admin ([ROLE_ADMIN, FactorGrantedAuthority [authority=FACTOR_PASSWORD, issuedAt=2026-10-02T20:12:31.144560415Z]])
2026-10-02T22:12:31.197+02:00  INFO 39323 --- [main] e.x.f.service.UsuarioServiceImpl         : Alta de usuario desde el panel: olvido-la-clave con rol USUARIO
2026-10-02T22:12:31.198+02:00  INFO 39323 --- [main] e.x.f.controller.UsuarioAdminController  : Cuenta creada desde el panel: olvido-la-clave
2026-10-02T22:12:31.253+02:00  INFO 39323 --- [main] e.x.f.controller.AuthController          : Inicio de sesión correcto: admin ([ROLE_ADMIN, FactorGrantedAuthority [authority=FACTOR_PASSWORD, issuedAt=2026-10-02T20:12:31.252542297Z]])
2026-10-02T22:12:31.309+02:00  INFO 39323 --- [main] e.x.f.service.UsuarioServiceImpl         : Contraseña cambiada por un administrador: panel -> olvido-la-clave
2026-10-02T22:12:31.309+02:00  INFO 39323 --- [main] e.x.f.controller.UsuarioAdminController  : Contraseña puesta desde el panel a la cuenta olvido-la-clave
2026-10-02T22:12:31.362+02:00  INFO 39323 --- [main] e.x.f.controller.AuthController          : Inicio de sesión correcto: olvido-la-clave ([ROLE_USUARIO, FactorGrantedAuthority [authority=FACTOR_PASSWORD, issuedAt=2026-10-02T20:12:31.362560998Z]])
2026-10-02T22:12:31.415+02:00  WARN 39323 --- [main] e.x.f.controller.ManejadorExcepciones    : Intento de acceso rechazado: usuario o contraseña incorrectos
2026-10-02T22:12:31.467+02:00  INFO 39323 --- [main] e.x.f.controller.AuthController          : Inicio de sesión correcto: admin ([ROLE_ADMIN, FactorGrantedAuthority [authority=FACTOR_PASSWORD, issuedAt=2026-10-02T20:12:31.467300180Z]])
2026-10-02T22:12:31.524+02:00  INFO 39323 --- [main] e.x.f.controller.AuthController          : Inicio de sesión correcto: datos ([ROLE_USUARIO, FactorGrantedAuthority [authority=FACTOR_PASSWORD, issuedAt=2026-10-02T20:12:31.523810302Z]])
2026-10-02T22:12:31.525+02:00  WARN 39323 --- [main] e.x.f.seguridad.AccesoDenegado           : Acceso denegado a /usuarios/1 por datos: No tienes permiso para hacer esta operación. Necesitas ser administrador.
2026-10-02T22:12:31.526+02:00  WARN 39323 --- [main] e.x.f.seguridad.AccesoDenegado           : Acceso denegado a /usuarios/1/clave por datos: No tienes permiso para hacer esta operación. Necesitas ser administrador.
2026-10-02T22:12:31.582+02:00  INFO 39323 --- [main] e.x.f.controller.AuthController          : Inicio de sesión correcto: admin ([ROLE_ADMIN, FactorGrantedAuthority [authority=FACTOR_PASSWORD, issuedAt=2026-10-02T20:12:31.582003596Z]])
2026-10-02T22:12:31.584+02:00  WARN 39323 --- [main] e.x.f.controller.ManejadorExcepciones    : El panel ha pedido modificar una cuenta que no existe
2026-10-02T22:12:31.639+02:00  INFO 39323 --- [main] e.x.f.controller.AuthController          : Inicio de sesión correcto: admin ([ROLE_ADMIN, FactorGrantedAuthority [authority=FACTOR_PASSWORD, issuedAt=2026-10-02T20:12:31.639085679Z]])
2026-10-02T22:12:31.642+02:00  WARN 39323 --- [main] e.x.f.controller.ManejadorExcepciones    : El panel ha pedido modificar una cuenta que no existe
2026-10-02T22:12:31.648+02:00  INFO 39323 --- [main] t.c.s.AnnotationConfigContextLoaderUtils : Could not detect default configuration classes for test class [edu.xtd.facturacion360.seguridad.AccesoSinSesionTests]: AccesoSinSesionTests does not declare any static, non-private, non-final, nested classes annotated with @Configuration.
2026-10-02T22:12:31.650+02:00  INFO 39323 --- [main] .b.t.c.SpringBootTestContextBootstrapper : Found @SpringBootConfiguration edu.xtd.facturacion360.Facturacion360Application for test class edu.xtd.facturacion360.seguridad.AccesoSinSesionTests
2026-10-02T22:12:31.650+02:00  INFO 39323 --- [main] t.c.s.AnnotationConfigContextLoaderUtils : Could not detect default configuration classes for test class [edu.xtd.facturacion360.seguridad.AccesoSinSesionTests]: AccesoSinSesionTests does not declare any static, non-private, non-final, nested classes annotated with @Configuration.
2026-10-02T22:12:31.651+02:00  INFO 39323 --- [main] .b.t.c.SpringBootTestContextBootstrapper : Found @SpringBootConfiguration edu.xtd.facturacion360.Facturacion360Application for test class edu.xtd.facturacion360.seguridad.AccesoSinSesionTests
2026-10-02T22:12:31.710+02:00  INFO 39323 --- [main] e.x.f.controller.AuthController          : Inicio de sesión correcto: datos ([ROLE_USUARIO, FactorGrantedAuthority [authority=FACTOR_PASSWORD, issuedAt=2026-10-02T20:12:31.709776545Z]])
2026-10-02T22:12:31.712+02:00  WARN 39323 --- [main] e.x.f.seguridad.AccesoDenegado           : Acceso denegado a /emisor por datos: No tienes permiso para hacer esta operación. Necesitas ser administrador.
2026-10-02T22:12:31.765+02:00  INFO 39323 --- [main] e.x.f.controller.AuthController          : Inicio de sesión correcto: admin ([ROLE_ADMIN, FactorGrantedAuthority [authority=FACTOR_PASSWORD, issuedAt=2026-10-02T20:12:31.765044790Z]])
2026-10-02T22:12:31.779+02:00  INFO 39323 --- [main] e.x.f.s.PuntoEntradaNoAutenticada        : Petición sin sesión a /cliente/listar-pagina: se responde 401
2026-10-02T22:12:31.779+02:00  INFO 39323 --- [main] e.x.f.s.PuntoEntradaNoAutenticada        : Petición sin sesión a /cliente/provincias: se responde 401
2026-10-02T22:12:31.780+02:00  INFO 39323 --- [main] e.x.f.s.PuntoEntradaNoAutenticada        : Petición sin sesión a /cliente/1: se responde 401
2026-10-02T22:12:31.780+02:00  INFO 39323 --- [main] e.x.f.s.PuntoEntradaNoAutenticada        : Petición sin sesión a /emisor: se responde 401
2026-10-02T22:12:31.780+02:00  INFO 39323 --- [main] e.x.f.s.PuntoEntradaNoAutenticada        : Petición sin sesión a /emisor/logo: se responde 401
2026-10-02T22:12:31.781+02:00  INFO 39323 --- [main] e.x.f.s.PuntoEntradaNoAutenticada        : Petición sin sesión a /factura/buscar: se responde 401
2026-10-02T22:12:31.781+02:00  INFO 39323 --- [main] e.x.f.s.PuntoEntradaNoAutenticada        : Petición sin sesión a /factura/trimestral: se responde 401
2026-10-02T22:12:31.781+02:00  INFO 39323 --- [main] e.x.f.s.PuntoEntradaNoAutenticada        : Petición sin sesión a /auth/yo: se responde 401
2026-10-02T22:12:31.782+02:00  INFO 39323 --- [main] e.x.f.s.PuntoEntradaNoAutenticada        : Petición sin sesión a /factura-imprimir.html: se responde 401
2026-10-02T22:12:31.784+02:00  INFO 39323 --- [main] e.x.f.s.PuntoEntradaNoAutenticada        : Petición sin sesión a /cliente/listar-pagina: se responde 401
2026-10-02T22:12:31.839+02:00  INFO 39323 --- [main] e.x.f.controller.AuthController          : Inicio de sesión correcto: datos ([ROLE_USUARIO, FactorGrantedAuthority [authority=FACTOR_PASSWORD, issuedAt=2026-10-02T20:12:31.838747278Z]])
2026-10-02T22:12:31.840+02:00  WARN 39323 --- [main] e.x.f.seguridad.AccesoDenegado           : Acceso denegado a /cliente/1 por datos: No tienes permiso para hacer esta operación. Necesitas ser administrador.
2026-10-02T22:12:31.893+02:00  INFO 39323 --- [main] e.x.f.controller.AuthController          : Inicio de sesión correcto: admin ([ROLE_ADMIN, FactorGrantedAuthority [authority=FACTOR_PASSWORD, issuedAt=2026-10-02T20:12:31.892645774Z]])
2026-10-02T22:12:31.894+02:00  INFO 39323 --- [main] e.x.f.controller.ClienteController       : Peticion DELETE recibida para eliminar el cliente con ID 1
2026-10-02T22:12:31.894+02:00  INFO 39323 --- [main] e.x.f.service.ClienteServiceImpl         : Intentando eliminar el cliente con ID 1
2026-10-02T22:12:31.895+02:00  INFO 39323 --- [main] e.x.f.service.ClienteServiceImpl         : Cliente 1 eliminado correctamente.
2026-10-02T22:12:31.895+02:00  INFO 39323 --- [main] e.x.f.controller.ClienteController       : Cliente con ID 1 eliminado correctamente.
2026-10-02T22:12:31.898+02:00  INFO 39323 --- [main] e.x.f.s.PuntoEntradaNoAutenticada        : Petición sin sesión a /clientes.html: se redirige al login
2026-10-02T22:12:31.898+02:00  INFO 39323 --- [main] e.x.f.s.PuntoEntradaNoAutenticada        : Petición sin sesión a /: se redirige al login
2026-10-02T22:12:31.952+02:00  INFO 39323 --- [main] e.x.f.controller.AuthController          : Inicio de sesión correcto: datos ([ROLE_USUARIO, FactorGrantedAuthority [authority=FACTOR_PASSWORD, issuedAt=2026-10-02T20:12:31.951802709Z]])
2026-10-02T22:12:31.952+02:00  INFO 39323 --- [main] e.x.f.controller.ClienteController       : GET /cliente/provincias
2026-10-02T22:12:31.953+02:00  INFO 39323 --- [main] e.x.f.service.ClienteServiceImpl         : listarProvincias() -> 0 provincias
2026-10-02T22:12:31.953+02:00  INFO 39323 --- [main] e.x.f.controller.ClienteController       : GET /cliente/provincias -> 200 (0 provincias)
2026-10-02T22:12:32.009+02:00  INFO 39323 --- [main] e.x.f.controller.AuthController          : Inicio de sesión correcto: admin ([ROLE_ADMIN, FactorGrantedAuthority [authority=FACTOR_PASSWORD, issuedAt=2026-10-02T20:12:32.008883540Z]])
2026-10-02T22:12:32.026+02:00  INFO 39323 --- [main] e.x.f.controller.ClienteController       : POST /cliente -> 201, cliente 2
2026-10-02T22:12:32.083+02:00  INFO 39323 --- [main] e.x.f.controller.AuthController          : Inicio de sesión correcto: admin ([ROLE_ADMIN, FactorGrantedAuthority [authority=FACTOR_PASSWORD, issuedAt=2026-10-02T20:12:32.082826941Z]])
2026-10-02T22:12:32.084+02:00  WARN 39323 --- [main] e.x.f.seguridad.AccesoDenegado           : Acceso denegado a /cliente por admin: No se ha podido comprobar que la petición venga de esta pantalla. Recarga la página e inténtalo de nuevo.
2026-10-02T22:12:32.086+02:00  INFO 39323 --- [main] e.x.f.seguridad.AccesoDenegado           : Petición sin sesión a /cliente rechazada por CSRF: se responde 401
2026-10-02T22:12:32.088+02:00  INFO 39323 --- [main] t.c.s.AnnotationConfigContextLoaderUtils : Could not detect default configuration classes for test class [edu.xtd.facturacion360.seguridad.AutenticacionTests]: AutenticacionTests does not declare any static, non-private, non-final, nested classes annotated with @Configuration.
2026-10-02T22:12:32.089+02:00  INFO 39323 --- [main] .b.t.c.SpringBootTestContextBootstrapper : Found @SpringBootConfiguration edu.xtd.facturacion360.Facturacion360Application for test class edu.xtd.facturacion360.seguridad.AutenticacionTests
2026-10-02T22:12:32.090+02:00  INFO 39323 --- [main] t.c.s.AnnotationConfigContextLoaderUtils : Could not detect default configuration classes for test class [edu.xtd.facturacion360.seguridad.AutenticacionTests]: AutenticacionTests does not declare any static, non-private, non-final, nested classes annotated with @Configuration.
2026-10-02T22:12:32.091+02:00  INFO 39323 --- [main] .b.t.c.SpringBootTestContextBootstrapper : Found @SpringBootConfiguration edu.xtd.facturacion360.Facturacion360Application for test class edu.xtd.facturacion360.seguridad.AutenticacionTests
2026-10-02T22:12:32.151+02:00  INFO 39323 --- [main] e.x.f.service.UsuarioServiceImpl         : Alta de usuario: actual-equivocada
2026-10-02T22:12:32.151+02:00  INFO 39323 --- [main] e.x.f.controller.AuthController          : Cuenta creada: actual-equivocada
2026-10-02T22:12:32.205+02:00  INFO 39323 --- [main] e.x.f.controller.AuthController          : Inicio de sesión correcto: actual-equivocada ([ROLE_USUARIO, FactorGrantedAuthority [authority=FACTOR_PASSWORD, issuedAt=2026-10-02T20:12:32.204959616Z]])
2026-10-02T22:12:32.261+02:00  WARN 39323 --- [main] e.x.f.service.UsuarioServiceImpl         : Intento de cambio de contraseña con la clave actual equivocada: actual-equivocada
2026-10-02T22:12:32.261+02:00  WARN 39323 --- [main] e.x.f.controller.ManejadorExcepciones    : Cambio de contraseña rechazado: la contraseña actual no es la correcta
2026-10-02T22:12:32.315+02:00  INFO 39323 --- [main] e.x.f.controller.AuthController          : Inicio de sesión correcto: actual-equivocada ([ROLE_USUARIO, FactorGrantedAuthority [authority=FACTOR_PASSWORD, issuedAt=2026-10-02T20:12:32.315250619Z]])
2026-10-02T22:12:32.370+02:00  WARN 39323 --- [main] e.x.f.controller.ManejadorExcepciones    : Intento de acceso a una cuenta desactivada
2026-10-02T22:12:32.426+02:00  INFO 39323 --- [main] e.x.f.service.UsuarioServiceImpl         : Alta de usuario: recien-creado
2026-10-02T22:12:32.427+02:00  INFO 39323 --- [main] e.x.f.controller.AuthController          : Cuenta creada: recien-creado
2026-10-02T22:12:32.480+02:00  INFO 39323 --- [main] e.x.f.controller.AuthController          : Inicio de sesión correcto: recien-creado ([ROLE_USUARIO, FactorGrantedAuthority [authority=FACTOR_PASSWORD, issuedAt=2026-10-02T20:12:32.480062182Z]])
2026-10-02T22:12:32.534+02:00  INFO 39323 --- [main] e.x.f.service.UsuarioServiceImpl         : Alta de usuario: cambio-de-clave
2026-10-02T22:12:32.535+02:00  INFO 39323 --- [main] e.x.f.controller.AuthController          : Cuenta creada: cambio-de-clave
2026-10-02T22:12:32.588+02:00  INFO 39323 --- [main] e.x.f.controller.AuthController          : Inicio de sesión correcto: cambio-de-clave ([ROLE_USUARIO, FactorGrantedAuthority [authority=FACTOR_PASSWORD, issuedAt=2026-10-02T20:12:32.587882975Z]])
2026-10-02T22:12:32.692+02:00  INFO 39323 --- [main] e.x.f.service.UsuarioServiceImpl         : Contraseña cambiada: cambio-de-clave
2026-10-02T22:12:32.753+02:00  INFO 39323 --- [main] e.x.f.controller.AuthController          : Inicio de sesión correcto: cambio-de-clave ([ROLE_USUARIO, FactorGrantedAuthority [authority=FACTOR_PASSWORD, issuedAt=2026-10-02T20:12:32.753031254Z]])
2026-10-02T22:12:32.806+02:00  WARN 39323 --- [main] e.x.f.controller.ManejadorExcepciones    : Intento de acceso rechazado: usuario o contraseña incorrectos
2026-10-02T22:12:32.861+02:00  INFO 39323 --- [main] e.x.f.controller.AuthController          : Inicio de sesión correcto: datos ([ROLE_USUARIO, FactorGrantedAuthority [authority=FACTOR_PASSWORD, issuedAt=2026-10-02T20:12:32.860855755Z]])
2026-10-02T22:12:32.916+02:00  INFO 39323 --- [main] e.x.f.service.UsuarioServiceImpl         : Alta de usuario: falso-admin
2026-10-02T22:12:32.916+02:00  INFO 39323 --- [main] e.x.f.controller.AuthController          : Cuenta creada: falso-admin
2026-10-02T22:12:32.919+02:00  WARN 39323 --- [main] e.x.f.seguridad.UsuariosDetailsService   : Intento de acceso con un usuario que no está dado de alta: no-existe
2026-10-02T22:12:32.970+02:00  WARN 39323 --- [main] e.x.f.controller.ManejadorExcepciones    : Intento de acceso rechazado: usuario o contraseña incorrectos
2026-10-02T22:12:33.028+02:00  WARN 39323 --- [main] e.x.f.controller.ManejadorExcepciones    : Intento de acceso rechazado: usuario o contraseña incorrectos
2026-10-02T22:12:33.085+02:00  INFO 39323 --- [main] e.x.f.service.UsuarioServiceImpl         : Alta de usuario: hash-guardado
2026-10-02T22:12:33.086+02:00  INFO 39323 --- [main] e.x.f.controller.AuthController          : Cuenta creada: hash-guardado
2026-10-02T22:12:33.138+02:00  INFO 39323 --- [main] e.x.f.controller.AuthController          : Inicio de sesión correcto: hash-guardado ([ROLE_USUARIO, FactorGrantedAuthority [authority=FACTOR_PASSWORD, issuedAt=2026-10-02T20:12:33.138384542Z]])
2026-10-02T22:12:33.242+02:00  INFO 39323 --- [main] e.x.f.service.UsuarioServiceImpl         : Contraseña cambiada: hash-guardado
2026-10-02T22:12:33.298+02:00  INFO 39323 --- [main] e.x.f.controller.AuthController          : Inicio de sesión correcto: admin ([ROLE_ADMIN, FactorGrantedAuthority [authority=FACTOR_PASSWORD, issuedAt=2026-10-02T20:12:33.298345903Z]])
2026-10-02T22:12:33.352+02:00  INFO 39323 --- [main] e.x.f.service.UsuarioServiceImpl         : Alta de usuario: admin
2026-10-02T22:12:33.353+02:00  WARN 39323 --- [main] e.x.f.controller.ManejadorExcepciones    : Alta de usuario repetida
2026-10-02T22:12:33.408+02:00  INFO 39323 --- [main] e.x.f.controller.AuthController          : Inicio de sesión correcto: datos ([ROLE_USUARIO, FactorGrantedAuthority [authority=FACTOR_PASSWORD, issuedAt=2026-10-02T20:12:33.408114595Z]])
2026-10-02T22:12:33.416+02:00  INFO 39323 --- [main] e.x.f.s.PuntoEntradaNoAutenticada        : Petición sin sesión a /auth/yo: se responde 401
2026-10-02T22:12:33.471+02:00  INFO 39323 --- [main] e.x.f.controller.AuthController          : Inicio de sesión correcto: datos ([ROLE_USUARIO, FactorGrantedAuthority [authority=FACTOR_PASSWORD, issuedAt=2026-10-02T20:12:33.471354314Z]])
2026-10-02T22:12:33.476+02:00  WARN 39323 --- [main] e.x.f.controller.ManejadorExcepciones    : Datos no válidos: {clave=La contraseña es obligatoria, usuario=El usuario es obligatorio}
2026-10-02T22:12:33.480+02:00  INFO 39323 --- [main] e.x.f.s.PuntoEntradaNoAutenticada        : Petición sin sesión a /auth/clave: se responde 401
2026-10-02T22:12:33.534+02:00  INFO 39323 --- [main] e.x.f.service.UsuarioServiceImpl         : Alta de usuario: clave-corta
2026-10-02T22:12:33.535+02:00  INFO 39323 --- [main] e.x.f.controller.AuthController          : Cuenta creada: clave-corta
2026-10-02T22:12:33.592+02:00  INFO 39323 --- [main] e.x.f.controller.AuthController          : Inicio de sesión correcto: clave-corta ([ROLE_USUARIO, FactorGrantedAuthority [authority=FACTOR_PASSWORD, issuedAt=2026-10-02T20:12:33.592521220Z]])
2026-10-02T22:12:33.595+02:00  WARN 39323 --- [main] e.x.f.controller.ManejadorExcepciones    : Datos no válidos: {nueva=La contraseña nueva debe tener entre 8 y 200 caracteres}
2026-10-02T22:12:33.609+02:00  INFO 39323 --- [SpringApplicationShutdownHook] com.zaxxer.hikari.HikariDataSource       : HikariPool-1 - Shutdown initiated...
2026-10-02T22:12:33.610+02:00  INFO 39323 --- [SpringApplicationShutdownHook] com.zaxxer.hikari.HikariDataSource       : HikariPool-1 - Shutdown completed.
2026-10-02T22:12:50.210+02:00  INFO 39509 --- [main] e.x.f.seguridad.PanelUsuariosTests       : Starting PanelUsuariosTests using Java 21.0.12 with PID 39509 (started by root in /root/git/facturacion360-Proyecto-de-facturacion/facturacion360)
2026-10-02T22:12:50.211+02:00  INFO 39509 --- [main] e.x.f.seguridad.PanelUsuariosTests       : No active profile set, falling back to 1 default profile: "default"
2026-10-02T22:12:50.860+02:00  INFO 39509 --- [main] com.zaxxer.hikari.HikariDataSource       : HikariPool-1 - Starting...
2026-10-02T22:12:50.982+02:00  INFO 39509 --- [main] com.zaxxer.hikari.pool.HikariPool        : HikariPool-1 - Added connection conn0: url=jdbc:h2:mem:bd_facturacion_test user=SA
2026-10-02T22:12:50.984+02:00  INFO 39509 --- [main] com.zaxxer.hikari.HikariDataSource       : HikariPool-1 - Start completed.
2026-10-02T22:12:51.033+02:00  INFO 39509 --- [main] r$InitializeUserDetailsManagerConfigurer : Global AuthenticationManager configured with UserDetailsService bean with name usuariosDetailsService
2026-10-02T22:12:51.346+02:00  INFO 39509 --- [main] o.s.b.w.a.WelcomePageHandlerMapping      : Adding welcome page: class path resource [static/index.html]
2026-10-02T22:12:51.562+02:00  INFO 39509 --- [main] o.s.b.t.m.w.SpringBootMockServletContext : Initializing Spring TestDispatcherServlet ''
2026-10-02T22:12:51.562+02:00  INFO 39509 --- [main] o.s.t.web.servlet.TestDispatcherServlet  : Initializing Servlet ''
2026-10-02T22:12:51.564+02:00  INFO 39509 --- [main] o.s.t.web.servlet.TestDispatcherServlet  : Completed initialization in 2 ms
2026-10-02T22:12:51.606+02:00  INFO 39509 --- [main] e.x.f.seguridad.PanelUsuariosTests       : Started PanelUsuariosTests in 1.634 seconds (process running for 2.333)
2026-10-02T22:12:51.608+02:00  WARN 39509 --- [main] o.s.core.events.SpringDocAppInitializer  : SpringDoc /v3/api-docs endpoint is enabled by default. To disable it in production, set the property 'springdoc.api-docs.enabled=false'
2026-10-02T22:12:51.608+02:00  WARN 39509 --- [main] o.s.core.events.SpringDocAppInitializer  : SpringDoc /swagger-ui.html endpoint is enabled by default. To disable it in production, set the property 'springdoc.swagger-ui.enabled=false'
2026-10-02T22:12:52.061+02:00  INFO 39509 --- [main] e.x.f.controller.AuthController          : Inicio de sesión correcto: admin ([ROLE_ADMIN, FactorGrantedAuthority [authority=FACTOR_PASSWORD, issuedAt=2026-10-02T20:12:52.056866671Z]])
2026-10-02T22:12:52.130+02:00  INFO 39509 --- [main] e.x.f.service.UsuarioServiceImpl         : Alta de usuario desde el panel: para-borrar con rol USUARIO
2026-10-02T22:12:52.133+02:00  INFO 39509 --- [main] e.x.f.controller.UsuarioAdminController  : Cuenta creada desde el panel: para-borrar
2026-10-02T22:12:52.193+02:00  INFO 39509 --- [main] e.x.f.controller.AuthController          : Inicio de sesión correcto: admin ([ROLE_ADMIN, FactorGrantedAuthority [authority=FACTOR_PASSWORD, issuedAt=2026-10-02T20:12:52.193029639Z]])
2026-10-02T22:12:52.251+02:00  INFO 39509 --- [main] e.x.f.service.UsuarioServiceImpl         : Cuenta borrada por admin: para-borrar
2026-10-02T22:12:52.252+02:00  INFO 39509 --- [main] e.x.f.controller.UsuarioAdminController  : Cuenta borrada desde el panel: 4
2026-10-02T22:12:52.279+02:00  WARN 39509 --- [main] e.x.f.seguridad.UsuariosDetailsService   : Intento de acceso con un usuario que no está dado de alta: para-borrar
2026-10-02T22:12:52.332+02:00  WARN 39509 --- [main] e.x.f.controller.ManejadorExcepciones    : Intento de acceso rechazado: usuario o contraseña incorrectos
2026-10-02T22:12:52.394+02:00  INFO 39509 --- [main] e.x.f.controller.AuthController          : Inicio de sesión correcto: admin ([ROLE_ADMIN, FactorGrantedAuthority [authority=FACTOR_PASSWORD, issuedAt=2026-10-02T20:12:52.393379291Z]])
2026-10-02T22:12:52.448+02:00  INFO 39509 --- [main] e.x.f.service.UsuarioServiceImpl         : Alta de usuario desde el panel: para-borrar con rol USUARIO
2026-10-02T22:12:52.448+02:00  INFO 39509 --- [main] e.x.f.controller.UsuarioAdminController  : Cuenta creada desde el panel: para-borrar
2026-10-02T22:12:52.503+02:00  INFO 39509 --- [main] e.x.f.controller.AuthController          : Inicio de sesión correcto: admin ([ROLE_ADMIN, FactorGrantedAuthority [authority=FACTOR_PASSWORD, issuedAt=2026-10-02T20:12:52.502845854Z]])
2026-10-02T22:12:52.557+02:00  INFO 39509 --- [main] e.x.f.service.UsuarioServiceImpl         : Cuenta borrada por admin: para-borrar
2026-10-02T22:12:52.557+02:00  INFO 39509 --- [main] e.x.f.controller.UsuarioAdminController  : Cuenta borrada desde el panel: 5
2026-10-02T22:12:52.624+02:00  INFO 39509 --- [main] e.x.f.controller.AuthController          : Inicio de sesión correcto: admin ([ROLE_ADMIN, FactorGrantedAuthority [authority=FACTOR_PASSWORD, issuedAt=2026-10-02T20:12:52.623732876Z]])
2026-10-02T22:12:52.678+02:00  INFO 39509 --- [main] e.x.f.service.UsuarioServiceImpl         : Alta de usuario desde el panel: otro-admin con rol ADMIN
2026-10-02T22:12:52.679+02:00  INFO 39509 --- [main] e.x.f.controller.UsuarioAdminController  : Cuenta creada desde el panel: otro-admin
2026-10-02T22:12:52.734+02:00  INFO 39509 --- [main] e.x.f.controller.AuthController          : Inicio de sesión correcto: admin ([ROLE_ADMIN, FactorGrantedAuthority [authority=FACTOR_PASSWORD, issuedAt=2026-10-02T20:12:52.733610717Z]])
2026-10-02T22:12:52.787+02:00  INFO 39509 --- [main] e.x.f.service.UsuarioServiceImpl         : Cuenta borrada por admin: otro-admin
2026-10-02T22:12:52.787+02:00  INFO 39509 --- [main] e.x.f.controller.UsuarioAdminController  : Cuenta borrada desde el panel: 6
2026-10-02T22:12:52.840+02:00  INFO 39509 --- [main] e.x.f.controller.AuthController          : Inicio de sesión correcto: admin ([ROLE_ADMIN, FactorGrantedAuthority [authority=FACTOR_PASSWORD, issuedAt=2026-10-02T20:12:52.840343324Z]])
2026-10-02T22:12:52.842+02:00  INFO 39509 --- [main] e.x.f.controller.UsuarioAdminController  : Listado de cuentas del panel
2026-10-02T22:12:52.908+02:00  INFO 39509 --- [main] e.x.f.controller.AuthController          : Inicio de sesión correcto: admin ([ROLE_ADMIN, FactorGrantedAuthority [authority=FACTOR_PASSWORD, issuedAt=2026-10-02T20:12:52.906805137Z]])
2026-10-02T22:12:52.918+02:00  INFO 39509 --- [main] e.x.f.service.UsuarioServiceImpl         : Cuenta modificada: datos (rol ADMIN, activo true)
2026-10-02T22:12:52.918+02:00  INFO 39509 --- [main] e.x.f.controller.UsuarioAdminController  : Cuenta editada desde el panel: datos
2026-10-02T22:12:52.991+02:00  INFO 39509 --- [main] e.x.f.controller.AuthController          : Inicio de sesión correcto: datos ([ROLE_ADMIN, FactorGrantedAuthority [authority=FACTOR_PASSWORD, issuedAt=2026-10-02T20:12:52.990550248Z]])
2026-10-02T22:12:52.992+02:00  INFO 39509 --- [main] e.x.f.controller.UsuarioAdminController  : Listado de cuentas del panel
2026-10-02T22:12:53.049+02:00  INFO 39509 --- [main] e.x.f.controller.AuthController          : Inicio de sesión correcto: admin ([ROLE_ADMIN, FactorGrantedAuthority [authority=FACTOR_PASSWORD, issuedAt=2026-10-02T20:12:53.048959664Z]])
2026-10-02T22:12:53.052+02:00  INFO 39509 --- [main] e.x.f.service.UsuarioServiceImpl         : Cuenta modificada: datos (rol USUARIO, activo true)
2026-10-02T22:12:53.052+02:00  INFO 39509 --- [main] e.x.f.controller.UsuarioAdminController  : Cuenta editada desde el panel: datos
2026-10-02T22:12:53.058+02:00  INFO 39509 --- [main] e.x.f.s.PuntoEntradaNoAutenticada        : Petición sin sesión a /usuarios.html: se redirige al login
2026-10-02T22:12:53.117+02:00  INFO 39509 --- [main] e.x.f.controller.AuthController          : Inicio de sesión correcto: admin ([ROLE_ADMIN, FactorGrantedAuthority [authority=FACTOR_PASSWORD, issuedAt=2026-10-02T20:12:53.116960013Z]])
2026-10-02T22:12:53.119+02:00  WARN 39509 --- [main] e.x.f.service.UsuarioServiceImpl         : Se ha rechazado un intento de borrar la propia cuenta: admin
2026-10-02T22:12:53.120+02:00  WARN 39509 --- [main] e.x.f.controller.ManejadorExcepciones    : Se ha rechazado un cambio que dejaría la aplicación sin administradores
2026-10-02T22:12:53.181+02:00  INFO 39509 --- [main] e.x.f.controller.AuthController          : Inicio de sesión correcto: admin ([ROLE_ADMIN, FactorGrantedAuthority [authority=FACTOR_PASSWORD, issuedAt=2026-10-02T20:12:53.180979660Z]])
2026-10-02T22:12:53.234+02:00  INFO 39509 --- [main] e.x.f.service.UsuarioServiceImpl         : Alta de usuario desde el panel: se-van-a-borrar con rol USUARIO
2026-10-02T22:12:53.235+02:00  INFO 39509 --- [main] e.x.f.controller.UsuarioAdminController  : Cuenta creada desde el panel: se-van-a-borrar
2026-10-02T22:12:53.292+02:00  INFO 39509 --- [main] e.x.f.controller.AuthController          : Inicio de sesión correcto: admin ([ROLE_ADMIN, FactorGrantedAuthority [authority=FACTOR_PASSWORD, issuedAt=2026-10-02T20:12:53.291499620Z]])
2026-10-02T22:12:53.345+02:00  INFO 39509 --- [main] e.x.f.service.UsuarioServiceImpl         : Cuenta borrada por admin: se-van-a-borrar
2026-10-02T22:12:53.345+02:00  INFO 39509 --- [main] e.x.f.controller.UsuarioAdminController  : Cuenta borrada desde el panel: 7
2026-10-02T22:12:53.403+02:00  INFO 39509 --- [main] e.x.f.controller.AuthController          : Inicio de sesión correcto: admin ([ROLE_ADMIN, FactorGrantedAuthority [authority=FACTOR_PASSWORD, issuedAt=2026-10-02T20:12:53.402867593Z]])
2026-10-02T22:12:53.470+02:00  INFO 39509 --- [main] e.x.f.controller.AuthController          : Inicio de sesión correcto: datos ([ROLE_USUARIO, FactorGrantedAuthority [authority=FACTOR_PASSWORD, issuedAt=2026-10-02T20:12:53.469921053Z]])
2026-10-02T22:12:53.471+02:00  WARN 39509 --- [main] e.x.f.seguridad.AccesoDenegado           : Acceso denegado a /usuarios por datos: No tienes permiso para hacer esta operación. Necesitas ser administrador.
2026-10-02T22:12:53.473+02:00  WARN 39509 --- [main] e.x.f.seguridad.AccesoDenegado           : Acceso denegado a /usuarios.html por datos: No tienes permiso para hacer esta operación. Necesitas ser administrador.
2026-10-02T22:12:53.530+02:00  INFO 39509 --- [main] e.x.f.controller.AuthController          : Inicio de sesión correcto: admin ([ROLE_ADMIN, FactorGrantedAuthority [authority=FACTOR_PASSWORD, issuedAt=2026-10-02T20:12:53.529156059Z]])
2026-10-02T22:12:53.539+02:00  WARN 39509 --- [main] e.x.f.controller.ManejadorExcepciones    : Datos no válidos: {nueva=La contraseña nueva debe tener entre 8 y 200 caracteres}
2026-10-02T22:12:53.600+02:00  INFO 39509 --- [main] e.x.f.controller.AuthController          : Inicio de sesión correcto: admin ([ROLE_ADMIN, FactorGrantedAuthority [authority=FACTOR_PASSWORD, issuedAt=2026-10-02T20:12:53.600418140Z]])
2026-10-02T22:12:53.602+02:00  WARN 39509 --- [main] e.x.f.seguridad.AccesoDenegado           : Acceso denegado a /usuarios por admin: No se ha podido comprobar que la petición venga de esta pantalla. Recarga la página e inténtalo de nuevo.
2026-10-02T22:12:53.661+02:00  INFO 39509 --- [main] e.x.f.controller.AuthController          : Inicio de sesión correcto: admin ([ROLE_ADMIN, FactorGrantedAuthority [authority=FACTOR_PASSWORD, issuedAt=2026-10-02T20:12:53.661056007Z]])
2026-10-02T22:12:53.663+02:00  INFO 39509 --- [main] e.x.f.controller.UsuarioAdminController  : Listado de cuentas del panel
2026-10-02T22:12:53.733+02:00  INFO 39509 --- [main] e.x.f.controller.AuthController          : Inicio de sesión correcto: admin ([ROLE_ADMIN, FactorGrantedAuthority [authority=FACTOR_PASSWORD, issuedAt=2026-10-02T20:12:53.733086932Z]])
2026-10-02T22:12:53.786+02:00  INFO 39509 --- [main] e.x.f.service.UsuarioServiceImpl         : Alta de usuario desde el panel: nuevo-admin con rol ADMIN
2026-10-02T22:12:53.786+02:00  INFO 39509 --- [main] e.x.f.controller.UsuarioAdminController  : Cuenta creada desde el panel: nuevo-admin
2026-10-02T22:12:53.840+02:00  INFO 39509 --- [main] e.x.f.controller.AuthController          : Inicio de sesión correcto: nuevo-admin ([ROLE_ADMIN, FactorGrantedAuthority [authority=FACTOR_PASSWORD, issuedAt=2026-10-02T20:12:53.840466418Z]])
2026-10-02T22:12:53.841+02:00  INFO 39509 --- [main] e.x.f.controller.UsuarioAdminController  : Listado de cuentas del panel
2026-10-02T22:12:53.897+02:00  INFO 39509 --- [main] e.x.f.controller.AuthController          : Inicio de sesión correcto: admin ([ROLE_ADMIN, FactorGrantedAuthority [authority=FACTOR_PASSWORD, issuedAt=2026-10-02T20:12:53.897243410Z]])
2026-10-02T22:12:53.899+02:00  INFO 39509 --- [main] e.x.f.controller.UsuarioAdminController  : Listado de cuentas del panel
2026-10-02T22:12:53.956+02:00  INFO 39509 --- [main] e.x.f.controller.AuthController          : Inicio de sesión correcto: admin ([ROLE_ADMIN, FactorGrantedAuthority [authority=FACTOR_PASSWORD, issuedAt=2026-10-02T20:12:53.955710124Z]])
2026-10-02T22:12:53.958+02:00  WARN 39509 --- [main] e.x.f.controller.ManejadorExcepciones    : Datos no válidos: {rol=El rol es obligatorio}
2026-10-02T22:12:54.014+02:00  INFO 39509 --- [main] e.x.f.controller.AuthController          : Inicio de sesión correcto: admin ([ROLE_ADMIN, FactorGrantedAuthority [authority=FACTOR_PASSWORD, issuedAt=2026-10-02T20:12:54.014541478Z]])
2026-10-02T22:12:54.067+02:00  INFO 39509 --- [main] e.x.f.service.UsuarioServiceImpl         : Alta de usuario desde el panel: segundo-admin con rol ADMIN
2026-10-02T22:12:54.067+02:00  INFO 39509 --- [main] e.x.f.controller.UsuarioAdminController  : Cuenta creada desde el panel: segundo-admin
2026-10-02T22:12:54.121+02:00  INFO 39509 --- [main] e.x.f.controller.AuthController          : Inicio de sesión correcto: admin ([ROLE_ADMIN, FactorGrantedAuthority [authority=FACTOR_PASSWORD, issuedAt=2026-10-02T20:12:54.120823417Z]])
2026-10-02T22:12:54.123+02:00  INFO 39509 --- [main] e.x.f.service.UsuarioServiceImpl         : Cuenta modificada: admin (rol USUARIO, activo true)
2026-10-02T22:12:54.123+02:00  INFO 39509 --- [main] e.x.f.controller.UsuarioAdminController  : Cuenta editada desde el panel: admin
2026-10-02T22:12:54.178+02:00  INFO 39509 --- [main] e.x.f.controller.AuthController          : Inicio de sesión correcto: admin ([ROLE_USUARIO, FactorGrantedAuthority [authority=FACTOR_PASSWORD, issuedAt=2026-10-02T20:12:54.178102306Z]])
2026-10-02T22:12:54.179+02:00  WARN 39509 --- [main] e.x.f.seguridad.AccesoDenegado           : Acceso denegado a /usuarios por admin: No tienes permiso para hacer esta operación. Necesitas ser administrador.
2026-10-02T22:12:54.234+02:00  INFO 39509 --- [main] e.x.f.controller.AuthController          : Inicio de sesión correcto: admin ([ROLE_ADMIN, FactorGrantedAuthority [authority=FACTOR_PASSWORD, issuedAt=2026-10-02T20:12:54.234315420Z]])
2026-10-02T22:12:54.287+02:00  INFO 39509 --- [main] e.x.f.service.UsuarioServiceImpl         : Alta de usuario desde el panel: datos con rol ADMIN
2026-10-02T22:12:54.291+02:00  WARN 39509 --- [main] e.x.f.controller.ManejadorExcepciones    : Alta de usuario repetida
2026-10-02T22:12:54.347+02:00  INFO 39509 --- [main] e.x.f.controller.AuthController          : Inicio de sesión correcto: admin ([ROLE_ADMIN, FactorGrantedAuthority [authority=FACTOR_PASSWORD, issuedAt=2026-10-02T20:12:54.346763692Z]])
2026-10-02T22:12:54.348+02:00  WARN 39509 --- [main] e.x.f.seguridad.AccesoDenegado           : Acceso denegado a /usuarios/2 por admin: No se ha podido comprobar que la petición venga de esta pantalla. Recarga la página e inténtalo de nuevo.
2026-10-02T22:12:54.405+02:00  INFO 39509 --- [main] e.x.f.controller.AuthController          : Inicio de sesión correcto: admin ([ROLE_ADMIN, FactorGrantedAuthority [authority=FACTOR_PASSWORD, issuedAt=2026-10-02T20:12:54.404599663Z]])
2026-10-02T22:12:54.407+02:00  WARN 39509 --- [main] e.x.f.service.UsuarioServiceImpl         : Se ha rechazado dejar la aplicación sin administradores: admin era la última cuenta con permisos de administrador
2026-10-02T22:12:54.407+02:00  WARN 39509 --- [main] e.x.f.controller.ManejadorExcepciones    : Se ha rechazado un cambio que dejaría la aplicación sin administradores
2026-10-02T22:12:54.460+02:00  INFO 39509 --- [main] e.x.f.controller.AuthController          : Inicio de sesión correcto: admin ([ROLE_ADMIN, FactorGrantedAuthority [authority=FACTOR_PASSWORD, issuedAt=2026-10-02T20:12:54.459935690Z]])
2026-10-02T22:12:54.461+02:00  WARN 39509 --- [main] e.x.f.service.UsuarioServiceImpl         : Se ha rechazado dejar la aplicación sin administradores: admin era la última cuenta con permisos de administrador
2026-10-02T22:12:54.461+02:00  WARN 39509 --- [main] e.x.f.controller.ManejadorExcepciones    : Se ha rechazado un cambio que dejaría la aplicación sin administradores
2026-10-02T22:12:54.520+02:00  INFO 39509 --- [main] e.x.f.controller.AuthController          : Inicio de sesión correcto: admin ([ROLE_ADMIN, FactorGrantedAuthority [authority=FACTOR_PASSWORD, issuedAt=2026-10-02T20:12:54.519655150Z]])
2026-10-02T22:12:54.522+02:00  WARN 39509 --- [main] e.x.f.controller.ManejadorExcepciones    : Datos no válidos: {clave=La contraseña debe tener entre 8 y 200 caracteres}
2026-10-02T22:12:54.577+02:00  INFO 39509 --- [main] e.x.f.controller.AuthController          : Inicio de sesión correcto: admin ([ROLE_ADMIN, FactorGrantedAuthority [authority=FACTOR_PASSWORD, issuedAt=2026-10-02T20:12:54.577161508Z]])
2026-10-02T22:12:54.633+02:00  INFO 39509 --- [main] e.x.f.service.UsuarioServiceImpl         : Alta de usuario desde el panel: esta-se-queda con rol USUARIO
2026-10-02T22:12:54.634+02:00  INFO 39509 --- [main] e.x.f.controller.UsuarioAdminController  : Cuenta creada desde el panel: esta-se-queda
2026-10-02T22:12:54.688+02:00  INFO 39509 --- [main] e.x.f.controller.AuthController          : Inicio de sesión correcto: admin ([ROLE_ADMIN, FactorGrantedAuthority [authority=FACTOR_PASSWORD, issuedAt=2026-10-02T20:12:54.687755085Z]])
2026-10-02T22:12:54.740+02:00  WARN 39509 --- [main] e.x.f.service.UsuarioServiceImpl         : Borrado de la cuenta esta-se-queda rechazado: contraseña de confirmación incorrecta de admin
2026-10-02T22:12:54.740+02:00  WARN 39509 --- [main] e.x.f.controller.ManejadorExcepciones    : Borrado de una cuenta rechazado: la contraseña de confirmación no es correcta
2026-10-02T22:12:54.794+02:00  INFO 39509 --- [main] e.x.f.controller.AuthController          : Inicio de sesión correcto: admin ([ROLE_ADMIN, FactorGrantedAuthority [authority=FACTOR_PASSWORD, issuedAt=2026-10-02T20:12:54.794188741Z]])
2026-10-02T22:12:54.796+02:00  WARN 39509 --- [main] e.x.f.controller.ManejadorExcepciones    : Datos no válidos: {clave=Escribe tu contraseña para confirmar el borrado}
2026-10-02T22:12:54.855+02:00  INFO 39509 --- [main] e.x.f.controller.AuthController          : Inicio de sesión correcto: esta-se-queda ([ROLE_USUARIO, FactorGrantedAuthority [authority=FACTOR_PASSWORD, issuedAt=2026-10-02T20:12:54.854392366Z]])
2026-10-02T22:12:54.914+02:00  INFO 39509 --- [main] e.x.f.controller.AuthController          : Inicio de sesión correcto: datos ([ROLE_USUARIO, FactorGrantedAuthority [authority=FACTOR_PASSWORD, issuedAt=2026-10-02T20:12:54.913555264Z]])
2026-10-02T22:12:54.915+02:00  WARN 39509 --- [main] e.x.f.seguridad.AccesoDenegado           : Acceso denegado a /usuarios/3 por datos: No tienes permiso para hacer esta operación. Necesitas ser administrador.
2026-10-02T22:12:54.971+02:00  INFO 39509 --- [main] e.x.f.controller.AuthController          : Inicio de sesión correcto: admin ([ROLE_ADMIN, FactorGrantedAuthority [authority=FACTOR_PASSWORD, issuedAt=2026-10-02T20:12:54.970828232Z]])
2026-10-02T22:12:55.023+02:00  INFO 39509 --- [main] e.x.f.service.UsuarioServiceImpl         : Alta de usuario desde el panel: clave-distinta con rol USUARIO
2026-10-02T22:12:55.023+02:00  INFO 39509 --- [main] e.x.f.controller.UsuarioAdminController  : Cuenta creada desde el panel: clave-distinta
2026-10-02T22:12:55.077+02:00  INFO 39509 --- [main] e.x.f.controller.AuthController          : Inicio de sesión correcto: admin ([ROLE_ADMIN, FactorGrantedAuthority [authority=FACTOR_PASSWORD, issuedAt=2026-10-02T20:12:55.076612599Z]])
2026-10-02T22:12:55.128+02:00  WARN 39509 --- [main] e.x.f.service.UsuarioServiceImpl         : Borrado de la cuenta clave-distinta rechazado: contraseña de confirmación incorrecta de admin
2026-10-02T22:12:55.129+02:00  WARN 39509 --- [main] e.x.f.controller.ManejadorExcepciones    : Borrado de una cuenta rechazado: la contraseña de confirmación no es correcta
2026-10-02T22:12:55.185+02:00  INFO 39509 --- [main] e.x.f.controller.AuthController          : Inicio de sesión correcto: admin ([ROLE_ADMIN, FactorGrantedAuthority [authority=FACTOR_PASSWORD, issuedAt=2026-10-02T20:12:55.185161880Z]])
2026-10-02T22:12:55.187+02:00  INFO 39509 --- [main] e.x.f.service.UsuarioServiceImpl         : Cuenta modificada: datos (rol USUARIO, activo false)
2026-10-02T22:12:55.187+02:00  INFO 39509 --- [main] e.x.f.controller.UsuarioAdminController  : Cuenta editada desde el panel: datos
2026-10-02T22:12:55.242+02:00  WARN 39509 --- [main] e.x.f.controller.ManejadorExcepciones    : Intento de acceso a una cuenta desactivada
2026-10-02T22:12:55.295+02:00  INFO 39509 --- [main] e.x.f.controller.AuthController          : Inicio de sesión correcto: admin ([ROLE_ADMIN, FactorGrantedAuthority [authority=FACTOR_PASSWORD, issuedAt=2026-10-02T20:12:55.295210163Z]])
2026-10-02T22:12:55.296+02:00  INFO 39509 --- [main] e.x.f.service.UsuarioServiceImpl         : Cuenta modificada: datos (rol USUARIO, activo true)
2026-10-02T22:12:55.296+02:00  INFO 39509 --- [main] e.x.f.controller.UsuarioAdminController  : Cuenta editada desde el panel: datos
2026-10-02T22:12:55.348+02:00  INFO 39509 --- [main] e.x.f.controller.AuthController          : Inicio de sesión correcto: datos ([ROLE_USUARIO, FactorGrantedAuthority [authority=FACTOR_PASSWORD, issuedAt=2026-10-02T20:12:55.348666187Z]])
2026-10-02T22:12:55.405+02:00  INFO 39509 --- [main] e.x.f.controller.AuthController          : Inicio de sesión correcto: admin ([ROLE_ADMIN, FactorGrantedAuthority [authority=FACTOR_PASSWORD, issuedAt=2026-10-02T20:12:55.404650478Z]])
2026-10-02T22:12:55.406+02:00  WARN 39509 --- [main] e.x.f.controller.ManejadorExcepciones    : El panel ha pedido modificar una cuenta que no existe
2026-10-02T22:12:55.409+02:00  INFO 39509 --- [main] e.x.f.s.PuntoEntradaNoAutenticada        : Petición sin sesión a /usuarios: se responde 401
2026-10-02T22:12:55.410+02:00  INFO 39509 --- [main] e.x.f.s.PuntoEntradaNoAutenticada        : Petición sin sesión a /usuarios: se responde 401
2026-10-02T22:12:55.464+02:00  INFO 39509 --- [main] e.x.f.controller.AuthController          : Inicio de sesión correcto: admin ([ROLE_ADMIN, FactorGrantedAuthority [authority=FACTOR_PASSWORD, issuedAt=2026-10-02T20:12:55.464404522Z]])
2026-10-02T22:12:55.519+02:00  INFO 39509 --- [main] e.x.f.service.UsuarioServiceImpl         : Alta de usuario desde el panel: olvido-la-clave con rol USUARIO
2026-10-02T22:12:55.519+02:00  INFO 39509 --- [main] e.x.f.controller.UsuarioAdminController  : Cuenta creada desde el panel: olvido-la-clave
2026-10-02T22:12:55.572+02:00  INFO 39509 --- [main] e.x.f.controller.AuthController          : Inicio de sesión correcto: admin ([ROLE_ADMIN, FactorGrantedAuthority [authority=FACTOR_PASSWORD, issuedAt=2026-10-02T20:12:55.572200940Z]])
2026-10-02T22:12:55.628+02:00  INFO 39509 --- [main] e.x.f.service.UsuarioServiceImpl         : Contraseña cambiada por un administrador: panel -> olvido-la-clave
2026-10-02T22:12:55.628+02:00  INFO 39509 --- [main] e.x.f.controller.UsuarioAdminController  : Contraseña puesta desde el panel a la cuenta olvido-la-clave
2026-10-02T22:12:55.682+02:00  INFO 39509 --- [main] e.x.f.controller.AuthController          : Inicio de sesión correcto: olvido-la-clave ([ROLE_USUARIO, FactorGrantedAuthority [authority=FACTOR_PASSWORD, issuedAt=2026-10-02T20:12:55.682331128Z]])
2026-10-02T22:12:55.735+02:00  WARN 39509 --- [main] e.x.f.controller.ManejadorExcepciones    : Intento de acceso rechazado: usuario o contraseña incorrectos
2026-10-02T22:12:55.787+02:00  INFO 39509 --- [main] e.x.f.controller.AuthController          : Inicio de sesión correcto: admin ([ROLE_ADMIN, FactorGrantedAuthority [authority=FACTOR_PASSWORD, issuedAt=2026-10-02T20:12:55.786889158Z]])
2026-10-02T22:12:55.842+02:00  INFO 39509 --- [main] e.x.f.controller.AuthController          : Inicio de sesión correcto: datos ([ROLE_USUARIO, FactorGrantedAuthority [authority=FACTOR_PASSWORD, issuedAt=2026-10-02T20:12:55.842107972Z]])
2026-10-02T22:12:55.843+02:00  WARN 39509 --- [main] e.x.f.seguridad.AccesoDenegado           : Acceso denegado a /usuarios/1 por datos: No tienes permiso para hacer esta operación. Necesitas ser administrador.
2026-10-02T22:12:55.844+02:00  WARN 39509 --- [main] e.x.f.seguridad.AccesoDenegado           : Acceso denegado a /usuarios/1/clave por datos: No tienes permiso para hacer esta operación. Necesitas ser administrador.
2026-10-02T22:12:55.899+02:00  INFO 39509 --- [main] e.x.f.controller.AuthController          : Inicio de sesión correcto: admin ([ROLE_ADMIN, FactorGrantedAuthority [authority=FACTOR_PASSWORD, issuedAt=2026-10-02T20:12:55.899486397Z]])
2026-10-02T22:12:55.901+02:00  WARN 39509 --- [main] e.x.f.controller.ManejadorExcepciones    : El panel ha pedido modificar una cuenta que no existe
2026-10-02T22:12:55.958+02:00  INFO 39509 --- [main] e.x.f.controller.AuthController          : Inicio de sesión correcto: admin ([ROLE_ADMIN, FactorGrantedAuthority [authority=FACTOR_PASSWORD, issuedAt=2026-10-02T20:12:55.958086611Z]])
2026-10-02T22:12:55.961+02:00  WARN 39509 --- [main] e.x.f.controller.ManejadorExcepciones    : El panel ha pedido modificar una cuenta que no existe
2026-10-02T22:12:55.967+02:00  INFO 39509 --- [main] t.c.s.AnnotationConfigContextLoaderUtils : Could not detect default configuration classes for test class [edu.xtd.facturacion360.seguridad.AccesoSinSesionTests]: AccesoSinSesionTests does not declare any static, non-private, non-final, nested classes annotated with @Configuration.
2026-10-02T22:12:55.969+02:00  INFO 39509 --- [main] .b.t.c.SpringBootTestContextBootstrapper : Found @SpringBootConfiguration edu.xtd.facturacion360.Facturacion360Application for test class edu.xtd.facturacion360.seguridad.AccesoSinSesionTests
2026-10-02T22:12:55.969+02:00  INFO 39509 --- [main] t.c.s.AnnotationConfigContextLoaderUtils : Could not detect default configuration classes for test class [edu.xtd.facturacion360.seguridad.AccesoSinSesionTests]: AccesoSinSesionTests does not declare any static, non-private, non-final, nested classes annotated with @Configuration.
2026-10-02T22:12:55.970+02:00  INFO 39509 --- [main] .b.t.c.SpringBootTestContextBootstrapper : Found @SpringBootConfiguration edu.xtd.facturacion360.Facturacion360Application for test class edu.xtd.facturacion360.seguridad.AccesoSinSesionTests
2026-10-02T22:12:56.026+02:00  INFO 39509 --- [main] e.x.f.controller.AuthController          : Inicio de sesión correcto: datos ([ROLE_USUARIO, FactorGrantedAuthority [authority=FACTOR_PASSWORD, issuedAt=2026-10-02T20:12:56.026193286Z]])
2026-10-02T22:12:56.028+02:00  WARN 39509 --- [main] e.x.f.seguridad.AccesoDenegado           : Acceso denegado a /emisor por datos: No tienes permiso para hacer esta operación. Necesitas ser administrador.
2026-10-02T22:12:56.080+02:00  INFO 39509 --- [main] e.x.f.controller.AuthController          : Inicio de sesión correcto: admin ([ROLE_ADMIN, FactorGrantedAuthority [authority=FACTOR_PASSWORD, issuedAt=2026-10-02T20:12:56.080616315Z]])
2026-10-02T22:12:56.094+02:00  INFO 39509 --- [main] e.x.f.s.PuntoEntradaNoAutenticada        : Petición sin sesión a /cliente/listar-pagina: se responde 401
2026-10-02T22:12:56.095+02:00  INFO 39509 --- [main] e.x.f.s.PuntoEntradaNoAutenticada        : Petición sin sesión a /cliente/provincias: se responde 401
2026-10-02T22:12:56.095+02:00  INFO 39509 --- [main] e.x.f.s.PuntoEntradaNoAutenticada        : Petición sin sesión a /cliente/1: se responde 401
2026-10-02T22:12:56.095+02:00  INFO 39509 --- [main] e.x.f.s.PuntoEntradaNoAutenticada        : Petición sin sesión a /emisor: se responde 401
2026-10-02T22:12:56.096+02:00  INFO 39509 --- [main] e.x.f.s.PuntoEntradaNoAutenticada        : Petición sin sesión a /emisor/logo: se responde 401
2026-10-02T22:12:56.096+02:00  INFO 39509 --- [main] e.x.f.s.PuntoEntradaNoAutenticada        : Petición sin sesión a /factura/buscar: se responde 401
2026-10-02T22:12:56.096+02:00  INFO 39509 --- [main] e.x.f.s.PuntoEntradaNoAutenticada        : Petición sin sesión a /factura/trimestral: se responde 401
2026-10-02T22:12:56.097+02:00  INFO 39509 --- [main] e.x.f.s.PuntoEntradaNoAutenticada        : Petición sin sesión a /auth/yo: se responde 401
2026-10-02T22:12:56.097+02:00  INFO 39509 --- [main] e.x.f.s.PuntoEntradaNoAutenticada        : Petición sin sesión a /factura-imprimir.html: se responde 401
2026-10-02T22:12:56.099+02:00  INFO 39509 --- [main] e.x.f.s.PuntoEntradaNoAutenticada        : Petición sin sesión a /cliente/listar-pagina: se responde 401
2026-10-02T22:12:56.153+02:00  INFO 39509 --- [main] e.x.f.controller.AuthController          : Inicio de sesión correcto: datos ([ROLE_USUARIO, FactorGrantedAuthority [authority=FACTOR_PASSWORD, issuedAt=2026-10-02T20:12:56.153328471Z]])
2026-10-02T22:12:56.154+02:00  WARN 39509 --- [main] e.x.f.seguridad.AccesoDenegado           : Acceso denegado a /cliente/1 por datos: No tienes permiso para hacer esta operación. Necesitas ser administrador.
2026-10-02T22:12:56.207+02:00  INFO 39509 --- [main] e.x.f.controller.AuthController          : Inicio de sesión correcto: admin ([ROLE_ADMIN, FactorGrantedAuthority [authority=FACTOR_PASSWORD, issuedAt=2026-10-02T20:12:56.206696867Z]])
2026-10-02T22:12:56.208+02:00  INFO 39509 --- [main] e.x.f.controller.ClienteController       : Peticion DELETE recibida para eliminar el cliente con ID 1
2026-10-02T22:12:56.208+02:00  INFO 39509 --- [main] e.x.f.service.ClienteServiceImpl         : Intentando eliminar el cliente con ID 1
2026-10-02T22:12:56.209+02:00  INFO 39509 --- [main] e.x.f.service.ClienteServiceImpl         : Cliente 1 eliminado correctamente.
2026-10-02T22:12:56.209+02:00  INFO 39509 --- [main] e.x.f.controller.ClienteController       : Cliente con ID 1 eliminado correctamente.
2026-10-02T22:12:56.212+02:00  INFO 39509 --- [main] e.x.f.s.PuntoEntradaNoAutenticada        : Petición sin sesión a /clientes.html: se redirige al login
2026-10-02T22:12:56.212+02:00  INFO 39509 --- [main] e.x.f.s.PuntoEntradaNoAutenticada        : Petición sin sesión a /: se redirige al login
2026-10-02T22:12:56.266+02:00  INFO 39509 --- [main] e.x.f.controller.AuthController          : Inicio de sesión correcto: datos ([ROLE_USUARIO, FactorGrantedAuthority [authority=FACTOR_PASSWORD, issuedAt=2026-10-02T20:12:56.265815248Z]])
2026-10-02T22:12:56.266+02:00  INFO 39509 --- [main] e.x.f.controller.ClienteController       : GET /cliente/provincias
2026-10-02T22:12:56.267+02:00  INFO 39509 --- [main] e.x.f.service.ClienteServiceImpl         : listarProvincias() -> 0 provincias
2026-10-02T22:12:56.267+02:00  INFO 39509 --- [main] e.x.f.controller.ClienteController       : GET /cliente/provincias -> 200 (0 provincias)
2026-10-02T22:12:56.325+02:00  INFO 39509 --- [main] e.x.f.controller.AuthController          : Inicio de sesión correcto: admin ([ROLE_ADMIN, FactorGrantedAuthority [authority=FACTOR_PASSWORD, issuedAt=2026-10-02T20:12:56.324484521Z]])
2026-10-02T22:12:56.346+02:00  INFO 39509 --- [main] e.x.f.controller.ClienteController       : POST /cliente -> 201, cliente 2
2026-10-02T22:12:56.410+02:00  INFO 39509 --- [main] e.x.f.controller.AuthController          : Inicio de sesión correcto: admin ([ROLE_ADMIN, FactorGrantedAuthority [authority=FACTOR_PASSWORD, issuedAt=2026-10-02T20:12:56.409529609Z]])
2026-10-02T22:12:56.411+02:00  WARN 39509 --- [main] e.x.f.seguridad.AccesoDenegado           : Acceso denegado a /cliente por admin: No se ha podido comprobar que la petición venga de esta pantalla. Recarga la página e inténtalo de nuevo.
2026-10-02T22:12:56.414+02:00  INFO 39509 --- [main] e.x.f.seguridad.AccesoDenegado           : Petición sin sesión a /cliente rechazada por CSRF: se responde 401
2026-10-02T22:12:56.416+02:00  INFO 39509 --- [main] t.c.s.AnnotationConfigContextLoaderUtils : Could not detect default configuration classes for test class [edu.xtd.facturacion360.seguridad.AutenticacionTests]: AutenticacionTests does not declare any static, non-private, non-final, nested classes annotated with @Configuration.
2026-10-02T22:12:56.417+02:00  INFO 39509 --- [main] .b.t.c.SpringBootTestContextBootstrapper : Found @SpringBootConfiguration edu.xtd.facturacion360.Facturacion360Application for test class edu.xtd.facturacion360.seguridad.AutenticacionTests
2026-10-02T22:12:56.417+02:00  INFO 39509 --- [main] t.c.s.AnnotationConfigContextLoaderUtils : Could not detect default configuration classes for test class [edu.xtd.facturacion360.seguridad.AutenticacionTests]: AutenticacionTests does not declare any static, non-private, non-final, nested classes annotated with @Configuration.
2026-10-02T22:12:56.418+02:00  INFO 39509 --- [main] .b.t.c.SpringBootTestContextBootstrapper : Found @SpringBootConfiguration edu.xtd.facturacion360.Facturacion360Application for test class edu.xtd.facturacion360.seguridad.AutenticacionTests
2026-10-02T22:12:56.476+02:00  INFO 39509 --- [main] e.x.f.service.UsuarioServiceImpl         : Alta de usuario: actual-equivocada
2026-10-02T22:12:56.477+02:00  INFO 39509 --- [main] e.x.f.controller.AuthController          : Cuenta creada: actual-equivocada
2026-10-02T22:12:56.530+02:00  INFO 39509 --- [main] e.x.f.controller.AuthController          : Inicio de sesión correcto: actual-equivocada ([ROLE_USUARIO, FactorGrantedAuthority [authority=FACTOR_PASSWORD, issuedAt=2026-10-02T20:12:56.530192405Z]])
2026-10-02T22:12:56.586+02:00  WARN 39509 --- [main] e.x.f.service.UsuarioServiceImpl         : Intento de cambio de contraseña con la clave actual equivocada: actual-equivocada
2026-10-02T22:12:56.586+02:00  WARN 39509 --- [main] e.x.f.controller.ManejadorExcepciones    : Cambio de contraseña rechazado: la contraseña actual no es la correcta
2026-10-02T22:12:56.639+02:00  INFO 39509 --- [main] e.x.f.controller.AuthController          : Inicio de sesión correcto: actual-equivocada ([ROLE_USUARIO, FactorGrantedAuthority [authority=FACTOR_PASSWORD, issuedAt=2026-10-02T20:12:56.638943704Z]])
2026-10-02T22:12:56.693+02:00  WARN 39509 --- [main] e.x.f.controller.ManejadorExcepciones    : Intento de acceso a una cuenta desactivada
2026-10-02T22:12:56.747+02:00  INFO 39509 --- [main] e.x.f.service.UsuarioServiceImpl         : Alta de usuario: recien-creado
2026-10-02T22:12:56.747+02:00  INFO 39509 --- [main] e.x.f.controller.AuthController          : Cuenta creada: recien-creado
2026-10-02T22:12:56.800+02:00  INFO 39509 --- [main] e.x.f.controller.AuthController          : Inicio de sesión correcto: recien-creado ([ROLE_USUARIO, FactorGrantedAuthority [authority=FACTOR_PASSWORD, issuedAt=2026-10-02T20:12:56.800295880Z]])
2026-10-02T22:12:56.855+02:00  INFO 39509 --- [main] e.x.f.service.UsuarioServiceImpl         : Alta de usuario: cambio-de-clave
2026-10-02T22:12:56.855+02:00  INFO 39509 --- [main] e.x.f.controller.AuthController          : Cuenta creada: cambio-de-clave
2026-10-02T22:12:56.907+02:00  INFO 39509 --- [main] e.x.f.controller.AuthController          : Inicio de sesión correcto: cambio-de-clave ([ROLE_USUARIO, FactorGrantedAuthority [authority=FACTOR_PASSWORD, issuedAt=2026-10-02T20:12:56.907185182Z]])
2026-10-02T22:12:57.010+02:00  INFO 39509 --- [main] e.x.f.service.UsuarioServiceImpl         : Contraseña cambiada: cambio-de-clave
2026-10-02T22:12:57.066+02:00  INFO 39509 --- [main] e.x.f.controller.AuthController          : Inicio de sesión correcto: cambio-de-clave ([ROLE_USUARIO, FactorGrantedAuthority [authority=FACTOR_PASSWORD, issuedAt=2026-10-02T20:12:57.065716657Z]])
2026-10-02T22:12:57.119+02:00  WARN 39509 --- [main] e.x.f.controller.ManejadorExcepciones    : Intento de acceso rechazado: usuario o contraseña incorrectos
2026-10-02T22:12:57.175+02:00  INFO 39509 --- [main] e.x.f.controller.AuthController          : Inicio de sesión correcto: datos ([ROLE_USUARIO, FactorGrantedAuthority [authority=FACTOR_PASSWORD, issuedAt=2026-10-02T20:12:57.174586027Z]])
2026-10-02T22:12:57.233+02:00  INFO 39509 --- [main] e.x.f.service.UsuarioServiceImpl         : Alta de usuario: falso-admin
2026-10-02T22:12:57.233+02:00  INFO 39509 --- [main] e.x.f.controller.AuthController          : Cuenta creada: falso-admin
2026-10-02T22:12:57.239+02:00  WARN 39509 --- [main] e.x.f.seguridad.UsuariosDetailsService   : Intento de acceso con un usuario que no está dado de alta: no-existe
2026-10-02T22:12:57.293+02:00  WARN 39509 --- [main] e.x.f.controller.ManejadorExcepciones    : Intento de acceso rechazado: usuario o contraseña incorrectos
2026-10-02T22:12:57.347+02:00  WARN 39509 --- [main] e.x.f.controller.ManejadorExcepciones    : Intento de acceso rechazado: usuario o contraseña incorrectos
2026-10-02T22:12:57.401+02:00  INFO 39509 --- [main] e.x.f.service.UsuarioServiceImpl         : Alta de usuario: hash-guardado
2026-10-02T22:12:57.401+02:00  INFO 39509 --- [main] e.x.f.controller.AuthController          : Cuenta creada: hash-guardado
2026-10-02T22:12:57.454+02:00  INFO 39509 --- [main] e.x.f.controller.AuthController          : Inicio de sesión correcto: hash-guardado ([ROLE_USUARIO, FactorGrantedAuthority [authority=FACTOR_PASSWORD, issuedAt=2026-10-02T20:12:57.454256251Z]])
2026-10-02T22:12:57.557+02:00  INFO 39509 --- [main] e.x.f.service.UsuarioServiceImpl         : Contraseña cambiada: hash-guardado
2026-10-02T22:12:57.612+02:00  INFO 39509 --- [main] e.x.f.controller.AuthController          : Inicio de sesión correcto: admin ([ROLE_ADMIN, FactorGrantedAuthority [authority=FACTOR_PASSWORD, issuedAt=2026-10-02T20:12:57.612213007Z]])
2026-10-02T22:12:57.666+02:00  INFO 39509 --- [main] e.x.f.service.UsuarioServiceImpl         : Alta de usuario: admin
2026-10-02T22:12:57.666+02:00  WARN 39509 --- [main] e.x.f.controller.ManejadorExcepciones    : Alta de usuario repetida
2026-10-02T22:12:57.721+02:00  INFO 39509 --- [main] e.x.f.controller.AuthController          : Inicio de sesión correcto: datos ([ROLE_USUARIO, FactorGrantedAuthority [authority=FACTOR_PASSWORD, issuedAt=2026-10-02T20:12:57.720994281Z]])
2026-10-02T22:12:57.728+02:00  INFO 39509 --- [main] e.x.f.s.PuntoEntradaNoAutenticada        : Petición sin sesión a /auth/yo: se responde 401
2026-10-02T22:12:57.784+02:00  INFO 39509 --- [main] e.x.f.controller.AuthController          : Inicio de sesión correcto: datos ([ROLE_USUARIO, FactorGrantedAuthority [authority=FACTOR_PASSWORD, issuedAt=2026-10-02T20:12:57.783785600Z]])
2026-10-02T22:12:57.790+02:00  WARN 39509 --- [main] e.x.f.controller.ManejadorExcepciones    : Datos no válidos: {clave=La contraseña es obligatoria, usuario=El usuario es obligatorio}
2026-10-02T22:12:57.794+02:00  INFO 39509 --- [main] e.x.f.s.PuntoEntradaNoAutenticada        : Petición sin sesión a /auth/clave: se responde 401
2026-10-02T22:12:57.849+02:00  INFO 39509 --- [main] e.x.f.service.UsuarioServiceImpl         : Alta de usuario: clave-corta
2026-10-02T22:12:57.849+02:00  INFO 39509 --- [main] e.x.f.controller.AuthController          : Cuenta creada: clave-corta
2026-10-02T22:12:57.902+02:00  INFO 39509 --- [main] e.x.f.controller.AuthController          : Inicio de sesión correcto: clave-corta ([ROLE_USUARIO, FactorGrantedAuthority [authority=FACTOR_PASSWORD, issuedAt=2026-10-02T20:12:57.902214722Z]])
2026-10-02T22:12:57.904+02:00  WARN 39509 --- [main] e.x.f.controller.ManejadorExcepciones    : Datos no válidos: {nueva=La contraseña nueva debe tener entre 8 y 200 caracteres}
2026-10-02T22:12:57.915+02:00  INFO 39509 --- [SpringApplicationShutdownHook] com.zaxxer.hikari.HikariDataSource       : HikariPool-1 - Shutdown initiated...
2026-10-02T22:12:57.916+02:00  INFO 39509 --- [SpringApplicationShutdownHook] com.zaxxer.hikari.HikariDataSource       : HikariPool-1 - Shutdown completed.
2026-10-02T22:14:20.338+02:00  INFO 39780 --- [facturacion360] [restartedMain] e.x.f.Facturacion360Application          : Starting Facturacion360Application using Java 21.0.12 with PID 39780 (/root/git/facturacion360-Proyecto-de-facturacion/facturacion360/target/classes started by root in /root/git/facturacion360-Proyecto-de-facturacion/facturacion360)
2026-10-02T22:14:20.340+02:00 DEBUG 39780 --- [facturacion360] [restartedMain] e.x.f.Facturacion360Application          : Running with Spring Boot v4.1.0, Spring v7.0.8
2026-10-02T22:14:20.340+02:00  INFO 39780 --- [facturacion360] [restartedMain] e.x.f.Facturacion360Application          : No active profile set, falling back to 1 default profile: "default"
2026-10-02T22:14:20.363+02:00  INFO 39780 --- [facturacion360] [restartedMain] .e.DevToolsPropertyDefaultsPostProcessor : Devtools property defaults active! Set 'spring.devtools.add-properties' to 'false' to disable
2026-10-02T22:14:20.363+02:00  INFO 39780 --- [facturacion360] [restartedMain] .e.DevToolsPropertyDefaultsPostProcessor : For additional web related logging consider setting the 'logging.level.web' property to 'DEBUG'
2026-10-02T22:14:20.973+02:00  INFO 39780 --- [facturacion360] [restartedMain] o.s.boot.tomcat.TomcatWebServer          : Tomcat initialized with port 81 (http)
2026-10-02T22:14:20.981+02:00  INFO 39780 --- [facturacion360] [restartedMain] o.apache.catalina.core.StandardService   : Starting service [Tomcat]
2026-10-02T22:14:20.981+02:00  INFO 39780 --- [facturacion360] [restartedMain] o.apache.catalina.core.StandardEngine    : Starting Servlet engine: [Apache Tomcat/11.0.22]
2026-10-02T22:14:20.998+02:00  INFO 39780 --- [facturacion360] [restartedMain] b.w.c.s.WebApplicationContextInitializer : Root WebApplicationContext: initialization completed in 635 ms
2026-10-02T22:14:21.101+02:00  INFO 39780 --- [facturacion360] [restartedMain] r$InitializeUserDetailsManagerConfigurer : Global AuthenticationManager configured with UserDetailsService bean with name usuariosDetailsService
2026-10-02T22:14:21.289+02:00  INFO 39780 --- [facturacion360] [restartedMain] o.s.b.w.a.WelcomePageHandlerMapping      : Adding welcome page: class path resource [static/index.html]
2026-10-02T22:14:21.465+02:00  INFO 39780 --- [facturacion360] [restartedMain] o.s.boot.tomcat.TomcatWebServer          : Tomcat started on port 81 (http) with context path '/'
2026-10-02T22:14:21.470+02:00  INFO 39780 --- [facturacion360] [restartedMain] e.x.f.Facturacion360Application          : Started Facturacion360Application in 1.392 seconds (process running for 1.601)
2026-10-02T22:14:21.471+02:00  WARN 39780 --- [facturacion360] [restartedMain] o.s.core.events.SpringDocAppInitializer  : SpringDoc /v3/api-docs endpoint is enabled by default. To disable it in production, set the property 'springdoc.api-docs.enabled=false'
2026-10-02T22:14:21.473+02:00  WARN 39780 --- [facturacion360] [restartedMain] o.s.core.events.SpringDocAppInitializer  : SpringDoc /swagger-ui.html endpoint is enabled by default. To disable it in production, set the property 'springdoc.swagger-ui.enabled=false'
2026-10-02T22:14:34.356+02:00  INFO 39780 --- [facturacion360] [http-nio-81-exec-1] o.a.c.c.C.[Tomcat].[localhost].[/]       : Initializing Spring DispatcherServlet 'dispatcherServlet'
2026-10-02T22:14:34.356+02:00  INFO 39780 --- [facturacion360] [http-nio-81-exec-1] o.s.web.servlet.DispatcherServlet        : Initializing Servlet 'dispatcherServlet'
2026-10-02T22:14:34.357+02:00  INFO 39780 --- [facturacion360] [http-nio-81-exec-1] o.s.web.servlet.DispatcherServlet        : Completed initialization in 1 ms
2026-10-02T22:14:34.372+02:00  INFO 39780 --- [facturacion360] [http-nio-81-exec-1] e.x.f.s.PuntoEntradaNoAutenticada        : Petición sin sesión a /: se redirige al login
2026-10-02T22:14:34.433+02:00  INFO 39780 --- [facturacion360] [http-nio-81-exec-8] e.x.f.s.PuntoEntradaNoAutenticada        : Petición sin sesión a /auth/yo: se responde 401
2026-10-02T22:15:01.766+02:00 DEBUG 39780 --- [facturacion360] [http-nio-81-exec-1] o.s.jdbc.core.JdbcTemplate               : Executing prepared SQL query
2026-10-02T22:15:01.767+02:00 DEBUG 39780 --- [facturacion360] [http-nio-81-exec-1] o.s.jdbc.core.JdbcTemplate               : Executing prepared SQL statement [SELECT 	`idusuario`,
	`usuario`,
	`clave_hash`,
	`nombre`,
	`rol`,
	`activo`,
	`fecha_alta`,
	`ultimo_acceso`

FROM `bd_facturacion`.`usuarios`
WHERE `usuario` = ?
]
2026-10-02T22:15:01.768+02:00  INFO 39780 --- [facturacion360] [http-nio-81-exec-1] com.zaxxer.hikari.HikariDataSource       : HikariPool-1 - Starting...
2026-10-02T22:15:01.847+02:00  INFO 39780 --- [facturacion360] [http-nio-81-exec-1] com.zaxxer.hikari.pool.HikariPool        : HikariPool-1 - Added connection com.mysql.cj.jdbc.ConnectionImpl@39c68f1e
2026-10-02T22:15:01.848+02:00  INFO 39780 --- [facturacion360] [http-nio-81-exec-1] com.zaxxer.hikari.HikariDataSource       : HikariPool-1 - Start completed.
2026-10-02T22:15:01.866+02:00 DEBUG 39780 --- [facturacion360] [http-nio-81-exec-1] e.x.f.seguridad.UsuariosDetailsService   : Usuario cargado: admin (ADMIN)
2026-10-02T22:15:01.926+02:00 DEBUG 39780 --- [facturacion360] [http-nio-81-exec-1] o.s.jdbc.core.JdbcTemplate               : Executing prepared SQL query
2026-10-02T22:15:01.926+02:00 DEBUG 39780 --- [facturacion360] [http-nio-81-exec-1] o.s.jdbc.core.JdbcTemplate               : Executing prepared SQL statement [SELECT 	`idusuario`,
	`usuario`,
	`clave_hash`,
	`nombre`,
	`rol`,
	`activo`,
	`fecha_alta`,
	`ultimo_acceso`

FROM `bd_facturacion`.`usuarios`
WHERE `usuario` = ?
]
2026-10-02T22:15:01.927+02:00 DEBUG 39780 --- [facturacion360] [http-nio-81-exec-1] o.s.jdbc.core.JdbcTemplate               : Executing prepared SQL update
2026-10-02T22:15:01.927+02:00 DEBUG 39780 --- [facturacion360] [http-nio-81-exec-1] o.s.jdbc.core.JdbcTemplate               : Executing prepared SQL statement [UPDATE `bd_facturacion`.`usuarios`
SET `ultimo_acceso` = NOW()
WHERE `idusuario` = ?
]
2026-10-02T22:15:01.931+02:00  INFO 39780 --- [facturacion360] [http-nio-81-exec-1] e.x.f.controller.AuthController          : Inicio de sesión correcto: admin ([ROLE_ADMIN, FactorGrantedAuthority [authority=FACTOR_PASSWORD, issuedAt=2026-10-02T20:15:01.925678082Z]])
2026-10-02T22:15:01.993+02:00 DEBUG 39780 --- [facturacion360] [http-nio-81-exec-8] o.s.jdbc.core.JdbcTemplate               : Executing prepared SQL query
2026-10-02T22:15:01.993+02:00 DEBUG 39780 --- [facturacion360] [http-nio-81-exec-8] o.s.jdbc.core.JdbcTemplate               : Executing prepared SQL statement [SELECT 	`idusuario`,
	`usuario`,
	`clave_hash`,
	`nombre`,
	`rol`,
	`activo`,
	`fecha_alta`,
	`ultimo_acceso`

FROM `bd_facturacion`.`usuarios`
WHERE `usuario` = ?
]
2026-10-02T22:15:04.871+02:00 DEBUG 39780 --- [facturacion360] [http-nio-81-exec-8] o.s.jdbc.core.JdbcTemplate               : Executing prepared SQL query
2026-10-02T22:15:04.871+02:00 DEBUG 39780 --- [facturacion360] [http-nio-81-exec-8] o.s.jdbc.core.JdbcTemplate               : Executing prepared SQL statement [SELECT 	`idusuario`,
	`usuario`,
	`clave_hash`,
	`nombre`,
	`rol`,
	`activo`,
	`fecha_alta`,
	`ultimo_acceso`

FROM `bd_facturacion`.`usuarios`
WHERE `usuario` = ?
]
2026-10-02T22:15:07.520+02:00 DEBUG 39780 --- [facturacion360] [http-nio-81-exec-9] o.s.jdbc.core.JdbcTemplate               : Executing prepared SQL query
2026-10-02T22:15:07.520+02:00 DEBUG 39780 --- [facturacion360] [http-nio-81-exec-9] o.s.jdbc.core.JdbcTemplate               : Executing prepared SQL statement [SELECT 	`idusuario`,
	`usuario`,
	`clave_hash`,
	`nombre`,
	`rol`,
	`activo`,
	`fecha_alta`,
	`ultimo_acceso`

FROM `bd_facturacion`.`usuarios`
WHERE `usuario` = ?
]
2026-10-02T22:15:07.520+02:00 DEBUG 39780 --- [facturacion360] [http-nio-81-exec-10] o.s.jdbc.core.JdbcTemplate               : Executing prepared SQL query
2026-10-02T22:15:07.521+02:00 DEBUG 39780 --- [facturacion360] [http-nio-81-exec-10] o.s.jdbc.core.JdbcTemplate               : Executing prepared SQL statement [SELECT 	`idusuario`,
	`usuario`,
	`clave_hash`,
	`nombre`,
	`rol`,
	`activo`,
	`fecha_alta`,
	`ultimo_acceso`

FROM `bd_facturacion`.`usuarios`
WHERE `usuario` = ?
]
2026-10-02T22:15:07.543+02:00  INFO 39780 --- [facturacion360] [http-nio-81-exec-4] e.x.f.controller.UsuarioAdminController  : Listado de cuentas del panel
2026-10-02T22:15:07.543+02:00 DEBUG 39780 --- [facturacion360] [http-nio-81-exec-4] o.s.jdbc.core.JdbcTemplate               : Executing SQL query [SELECT 	`idusuario`,
	`usuario`,
	`clave_hash`,
	`nombre`,
	`rol`,
	`activo`,
	`fecha_alta`,
	`ultimo_acceso`

FROM `bd_facturacion`.`usuarios`
ORDER BY `idusuario` ASC
]
2026-10-02T22:15:07.547+02:00 DEBUG 39780 --- [facturacion360] [http-nio-81-exec-4] e.x.f.service.UsuarioServiceImpl         : Listado de usuarios del panel: 9 cuentas
2026-10-02T22:15:42.251+02:00 DEBUG 39780 --- [facturacion360] [http-nio-81-exec-7] o.s.jdbc.core.JdbcTemplate               : Executing prepared SQL query
2026-10-02T22:15:42.251+02:00 DEBUG 39780 --- [facturacion360] [http-nio-81-exec-7] o.s.jdbc.core.JdbcTemplate               : Executing prepared SQL statement [SELECT 	`idusuario`,
	`usuario`,
	`clave_hash`,
	`nombre`,
	`rol`,
	`activo`,
	`fecha_alta`,
	`ultimo_acceso`

FROM `bd_facturacion`.`usuarios`
WHERE `usuario` = ?
]
2026-10-02T22:15:42.254+02:00 DEBUG 39780 --- [facturacion360] [http-nio-81-exec-1] o.s.jdbc.core.JdbcTemplate               : Executing SQL query [SELECT f.idfactura, f.idcliente, c.nombre AS nombre_cliente, f.num_factura, f.fecha_emision, f.estado, f.observaciones, f.subtotal, f.importe_iva, f.total FROM facturas f INNER JOIN clientes c ON f.idcliente = c.idcliente ORDER BY f.fecha_emision DESC, f.idfactura DESC]
2026-10-02T22:15:42.256+02:00 DEBUG 39780 --- [facturacion360] [http-nio-81-exec-1] e.x.f.r.FacturaRepositoryJdbcImpl        : buscar() devuelve 1 facturas
2026-10-02T22:15:43.745+02:00  WARN 39780 --- [facturacion360] [http-nio-81-exec-2] .m.m.a.ExceptionHandlerExceptionResolver : Resolved [org.springframework.web.servlet.resource.NoResourceFoundException: No static resource img/KittyLoading.gif for request '/img/KittyLoading.gif'.]
2026-10-02T22:15:43.779+02:00  INFO 39780 --- [facturacion360] [http-nio-81-exec-2] e.x.f.controller.ClienteController       : GET /cliente/provincias
2026-10-02T22:15:43.779+02:00  INFO 39780 --- [facturacion360] [http-nio-81-exec-1] e.x.f.controller.ClienteController       : GET /cliente/poblaciones?provincia=null
2026-10-02T22:15:43.780+02:00 DEBUG 39780 --- [facturacion360] [http-nio-81-exec-8] o.s.jdbc.core.JdbcTemplate               : Executing prepared SQL query
2026-10-02T22:15:43.780+02:00 DEBUG 39780 --- [facturacion360] [http-nio-81-exec-8] o.s.jdbc.core.JdbcTemplate               : Executing prepared SQL statement [SELECT 	`idusuario`,
	`usuario`,
	`clave_hash`,
	`nombre`,
	`rol`,
	`activo`,
	`fecha_alta`,
	`ultimo_acceso`

FROM `bd_facturacion`.`usuarios`
WHERE `usuario` = ?
]
2026-10-02T22:15:43.780+02:00 DEBUG 39780 --- [facturacion360] [http-nio-81-exec-1] o.s.jdbc.core.JdbcTemplate               : Executing prepared SQL query
2026-10-02T22:15:43.780+02:00 DEBUG 39780 --- [facturacion360] [http-nio-81-exec-2] o.s.jdbc.core.JdbcTemplate               : Executing SQL query [SELECT DISTINCT provincia FROM clientes WHERE provincia IS NOT NULL AND provincia <> '' ORDER BY provincia]
2026-10-02T22:15:43.780+02:00 DEBUG 39780 --- [facturacion360] [http-nio-81-exec-1] o.s.jdbc.core.JdbcTemplate               : Executing prepared SQL statement [SELECT DISTINCT poblacion FROM clientes WHERE poblacion IS NOT NULL AND poblacion <> '' ORDER BY poblacion]
2026-10-02T22:15:43.781+02:00 DEBUG 39780 --- [facturacion360] [http-nio-81-exec-2] e.x.f.r.ClienteRepositoryJdbcImpl        : findProvincias() -> 1 provincias
2026-10-02T22:15:43.782+02:00 DEBUG 39780 --- [facturacion360] [http-nio-81-exec-1] e.x.f.r.ClienteRepositoryJdbcImpl        : findPoblaciones(provincia=null) -> 1 poblaciones
2026-10-02T22:15:43.782+02:00  INFO 39780 --- [facturacion360] [http-nio-81-exec-2] e.x.f.service.ClienteServiceImpl         : listarProvincias() -> 1 provincias
2026-10-02T22:15:43.782+02:00  INFO 39780 --- [facturacion360] [http-nio-81-exec-2] e.x.f.controller.ClienteController       : GET /cliente/provincias -> 200 (1 provincias)
2026-10-02T22:15:43.782+02:00  INFO 39780 --- [facturacion360] [http-nio-81-exec-1] e.x.f.service.ClienteServiceImpl         : listarPoblaciones(provincia=null) -> 1 poblaciones
2026-10-02T22:15:43.782+02:00  INFO 39780 --- [facturacion360] [http-nio-81-exec-1] e.x.f.controller.ClienteController       : GET /cliente/poblaciones -> 200 (1 poblaciones)
2026-10-02T22:15:43.788+02:00  INFO 39780 --- [facturacion360] [http-nio-81-exec-6] e.x.f.controller.ClienteController       : GET /cliente/listar-pagina -> CriteriosCliente[pagina=0, tamano=10, busqueda=null, provincia=null, poblacion=null, ordenarPor=fecha_alta, direccion=desc]
2026-10-02T22:15:43.794+02:00 DEBUG 39780 --- [facturacion360] [http-nio-81-exec-6] o.s.jdbc.core.JdbcTemplate               : Executing prepared SQL query
2026-10-02T22:15:43.795+02:00 DEBUG 39780 --- [facturacion360] [http-nio-81-exec-6] o.s.jdbc.core.JdbcTemplate               : Executing prepared SQL statement [SELECT idcliente, nombre, nif_cif, direccion, codigopostal, poblacion, provincia, telefono, email, fecha_alta FROM clientes ORDER BY fecha_alta IS NULL, fecha_alta DESC, idcliente DESC LIMIT ? OFFSET ?]
2026-10-02T22:15:43.796+02:00 DEBUG 39780 --- [facturacion360] [http-nio-81-exec-6] e.x.f.r.ClienteRepositoryJdbcImpl        : findPagina(CriteriosCliente[pagina=0, tamano=10, busqueda=null, provincia=null, poblacion=null, ordenarPor=fecha_alta, direccion=desc]) -> 1 filas
2026-10-02T22:15:43.796+02:00 DEBUG 39780 --- [facturacion360] [http-nio-81-exec-6] o.s.jdbc.core.JdbcTemplate               : Executing prepared SQL query
2026-10-02T22:15:43.796+02:00 DEBUG 39780 --- [facturacion360] [http-nio-81-exec-6] o.s.jdbc.core.JdbcTemplate               : Executing prepared SQL statement [SELECT COUNT(*) FROM clientes]
2026-10-02T22:15:43.797+02:00 DEBUG 39780 --- [facturacion360] [http-nio-81-exec-6] e.x.f.r.ClienteRepositoryJdbcImpl        : contarTotal(CriteriosCliente[pagina=0, tamano=10, busqueda=null, provincia=null, poblacion=null, ordenarPor=fecha_alta, direccion=desc]) -> 1 clientes
2026-10-02T22:15:43.797+02:00  INFO 39780 --- [facturacion360] [http-nio-81-exec-6] e.x.f.service.ClienteServiceImpl         : listarPagina(CriteriosCliente[pagina=0, tamano=10, busqueda=null, provincia=null, poblacion=null, ordenarPor=fecha_alta, direccion=desc]) -> pagina 1/1, 1 elementos
2026-10-02T22:15:43.798+02:00  INFO 39780 --- [facturacion360] [http-nio-81-exec-6] e.x.f.controller.ClienteController       : GET /cliente/listar-pagina -> 200 (pagina 1 de 1)
2026-10-02T22:15:44.711+02:00 DEBUG 39780 --- [facturacion360] [http-nio-81-exec-1] o.s.jdbc.core.JdbcTemplate               : Executing prepared SQL query
2026-10-02T22:15:44.711+02:00 DEBUG 39780 --- [facturacion360] [http-nio-81-exec-1] o.s.jdbc.core.JdbcTemplate               : Executing prepared SQL statement [SELECT 	`idusuario`,
	`usuario`,
	`clave_hash`,
	`nombre`,
	`rol`,
	`activo`,
	`fecha_alta`,
	`ultimo_acceso`

FROM `bd_facturacion`.`usuarios`
WHERE `usuario` = ?
]
2026-10-02T22:15:46.597+02:00 DEBUG 39780 --- [facturacion360] [http-nio-81-exec-3] o.s.jdbc.core.JdbcTemplate               : Executing prepared SQL query
2026-10-02T22:15:46.597+02:00 DEBUG 39780 --- [facturacion360] [http-nio-81-exec-3] o.s.jdbc.core.JdbcTemplate               : Executing prepared SQL statement [SELECT logo
FROM `bd_facturacion`.`emisor`
WHERE idemisor = ?
]
2026-10-02T22:15:46.597+02:00  WARN 39780 --- [facturacion360] [http-nio-81-exec-4] .m.m.a.ExceptionHandlerExceptionResolver : Resolved [org.springframework.web.servlet.resource.NoResourceFoundException: No static resource img/KittyLoading.gif for request '/img/KittyLoading.gif'.]
2026-10-02T22:15:46.624+02:00 DEBUG 39780 --- [facturacion360] [http-nio-81-exec-7] o.s.jdbc.core.JdbcTemplate               : Executing prepared SQL query
2026-10-02T22:15:46.624+02:00 DEBUG 39780 --- [facturacion360] [http-nio-81-exec-10] o.s.jdbc.core.JdbcTemplate               : Executing prepared SQL query
2026-10-02T22:15:46.624+02:00 DEBUG 39780 --- [facturacion360] [http-nio-81-exec-7] o.s.jdbc.core.JdbcTemplate               : Executing prepared SQL statement [SELECT 	`idusuario`,
	`usuario`,
	`clave_hash`,
	`nombre`,
	`rol`,
	`activo`,
	`fecha_alta`,
	`ultimo_acceso`

FROM `bd_facturacion`.`usuarios`
WHERE `usuario` = ?
]
2026-10-02T22:15:46.624+02:00 DEBUG 39780 --- [facturacion360] [http-nio-81-exec-10] o.s.jdbc.core.JdbcTemplate               : Executing prepared SQL statement [SELECT
    `nombre`,
    `nif_cif`,
    `direccion`,
    `email`,
    `telefono`
FROM `bd_facturacion`.`emisor`
WHERE `idemisor` = ?
]
2026-10-02T22:15:46.634+02:00 DEBUG 39780 --- [facturacion360] [http-nio-81-exec-4] o.s.jdbc.core.JdbcTemplate               : Executing prepared SQL query
2026-10-02T22:15:46.635+02:00 DEBUG 39780 --- [facturacion360] [http-nio-81-exec-4] o.s.jdbc.core.JdbcTemplate               : Executing prepared SQL statement [SELECT logo
FROM `bd_facturacion`.`emisor`
WHERE idemisor = ?
]
2026-10-02T22:15:47.780+02:00 DEBUG 39780 --- [facturacion360] [http-nio-81-exec-4] o.s.jdbc.core.JdbcTemplate               : Executing prepared SQL query
2026-10-02T22:15:47.780+02:00 DEBUG 39780 --- [facturacion360] [http-nio-81-exec-8] o.s.jdbc.core.JdbcTemplate               : Executing prepared SQL query
2026-10-02T22:15:47.780+02:00 DEBUG 39780 --- [facturacion360] [http-nio-81-exec-8] o.s.jdbc.core.JdbcTemplate               : Executing prepared SQL statement [SELECT 	`idusuario`,
	`usuario`,
	`clave_hash`,
	`nombre`,
	`rol`,
	`activo`,
	`fecha_alta`,
	`ultimo_acceso`

FROM `bd_facturacion`.`usuarios`
WHERE `usuario` = ?
]
2026-10-02T22:15:47.780+02:00 DEBUG 39780 --- [facturacion360] [http-nio-81-exec-4] o.s.jdbc.core.JdbcTemplate               : Executing prepared SQL statement [SELECT 	`idusuario`,
	`usuario`,
	`clave_hash`,
	`nombre`,
	`rol`,
	`activo`,
	`fecha_alta`,
	`ultimo_acceso`

FROM `bd_facturacion`.`usuarios`
WHERE `usuario` = ?
]
2026-10-02T22:15:47.787+02:00  INFO 39780 --- [facturacion360] [http-nio-81-exec-2] e.x.f.controller.UsuarioAdminController  : Listado de cuentas del panel
2026-10-02T22:15:47.787+02:00 DEBUG 39780 --- [facturacion360] [http-nio-81-exec-2] o.s.jdbc.core.JdbcTemplate               : Executing SQL query [SELECT 	`idusuario`,
	`usuario`,
	`clave_hash`,
	`nombre`,
	`rol`,
	`activo`,
	`fecha_alta`,
	`ultimo_acceso`

FROM `bd_facturacion`.`usuarios`
ORDER BY `idusuario` ASC
]
2026-10-02T22:15:47.789+02:00 DEBUG 39780 --- [facturacion360] [http-nio-81-exec-2] e.x.f.service.UsuarioServiceImpl         : Listado de usuarios del panel: 9 cuentas
2026-10-02T22:15:49.920+02:00 DEBUG 39780 --- [facturacion360] [http-nio-81-exec-4] o.s.jdbc.core.JdbcTemplate               : Executing prepared SQL query
2026-10-02T22:15:49.920+02:00 DEBUG 39780 --- [facturacion360] [http-nio-81-exec-4] o.s.jdbc.core.JdbcTemplate               : Executing prepared SQL statement [SELECT 	`idusuario`,
	`usuario`,
	`clave_hash`,
	`nombre`,
	`rol`,
	`activo`,
	`fecha_alta`,
	`ultimo_acceso`

FROM `bd_facturacion`.`usuarios`
WHERE `usuario` = ?
]
2026-10-02T22:15:51.648+02:00 DEBUG 39780 --- [facturacion360] [http-nio-81-exec-9] o.s.jdbc.core.JdbcTemplate               : Executing prepared SQL query
2026-10-02T22:15:51.648+02:00 DEBUG 39780 --- [facturacion360] [http-nio-81-exec-4] o.s.jdbc.core.JdbcTemplate               : Executing prepared SQL query
2026-10-02T22:15:51.648+02:00 DEBUG 39780 --- [facturacion360] [http-nio-81-exec-9] o.s.jdbc.core.JdbcTemplate               : Executing prepared SQL statement [SELECT 	`idusuario`,
	`usuario`,
	`clave_hash`,
	`nombre`,
	`rol`,
	`activo`,
	`fecha_alta`,
	`ultimo_acceso`

FROM `bd_facturacion`.`usuarios`
WHERE `usuario` = ?
]
2026-10-02T22:15:51.648+02:00 DEBUG 39780 --- [facturacion360] [http-nio-81-exec-4] o.s.jdbc.core.JdbcTemplate               : Executing prepared SQL statement [SELECT 	`idusuario`,
	`usuario`,
	`clave_hash`,
	`nombre`,
	`rol`,
	`activo`,
	`fecha_alta`,
	`ultimo_acceso`

FROM `bd_facturacion`.`usuarios`
WHERE `usuario` = ?
]
2026-10-02T22:15:51.653+02:00  INFO 39780 --- [facturacion360] [http-nio-81-exec-1] e.x.f.controller.UsuarioAdminController  : Listado de cuentas del panel
2026-10-02T22:15:51.653+02:00 DEBUG 39780 --- [facturacion360] [http-nio-81-exec-1] o.s.jdbc.core.JdbcTemplate               : Executing SQL query [SELECT 	`idusuario`,
	`usuario`,
	`clave_hash`,
	`nombre`,
	`rol`,
	`activo`,
	`fecha_alta`,
	`ultimo_acceso`

FROM `bd_facturacion`.`usuarios`
ORDER BY `idusuario` ASC
]
2026-10-02T22:15:51.654+02:00 DEBUG 39780 --- [facturacion360] [http-nio-81-exec-1] e.x.f.service.UsuarioServiceImpl         : Listado de usuarios del panel: 9 cuentas
2026-10-02T22:15:53.483+02:00 DEBUG 39780 --- [facturacion360] [http-nio-81-exec-9] o.s.jdbc.core.JdbcTemplate               : Executing prepared SQL query
2026-10-02T22:15:53.483+02:00 DEBUG 39780 --- [facturacion360] [http-nio-81-exec-9] o.s.jdbc.core.JdbcTemplate               : Executing prepared SQL statement [SELECT 	`idusuario`,
	`usuario`,
	`clave_hash`,
	`nombre`,
	`rol`,
	`activo`,
	`fecha_alta`,
	`ultimo_acceso`

FROM `bd_facturacion`.`usuarios`
WHERE `usuario` = ?
]
2026-10-02T22:15:55.200+02:00 DEBUG 39780 --- [facturacion360] [http-nio-81-exec-5] o.s.jdbc.core.JdbcTemplate               : Executing SQL query [SELECT f.idfactura, f.idcliente, c.nombre AS nombre_cliente, f.num_factura, f.fecha_emision, f.estado, f.observaciones, f.subtotal, f.importe_iva, f.total FROM facturas f INNER JOIN clientes c ON f.idcliente = c.idcliente ORDER BY f.fecha_emision DESC, f.idfactura DESC]
2026-10-02T22:15:55.201+02:00 DEBUG 39780 --- [facturacion360] [http-nio-81-exec-3] o.s.jdbc.core.JdbcTemplate               : Executing prepared SQL query
2026-10-02T22:15:55.201+02:00 DEBUG 39780 --- [facturacion360] [http-nio-81-exec-3] o.s.jdbc.core.JdbcTemplate               : Executing prepared SQL statement [SELECT 	`idusuario`,
	`usuario`,
	`clave_hash`,
	`nombre`,
	`rol`,
	`activo`,
	`fecha_alta`,
	`ultimo_acceso`

FROM `bd_facturacion`.`usuarios`
WHERE `usuario` = ?
]
2026-10-02T22:15:55.202+02:00 DEBUG 39780 --- [facturacion360] [http-nio-81-exec-5] e.x.f.r.FacturaRepositoryJdbcImpl        : buscar() devuelve 1 facturas
2026-10-02T22:15:56.112+02:00  WARN 39780 --- [facturacion360] [http-nio-81-exec-9] .m.m.a.ExceptionHandlerExceptionResolver : Resolved [org.springframework.web.servlet.resource.NoResourceFoundException: No static resource img/KittyLoading.gif for request '/img/KittyLoading.gif'.]
2026-10-02T22:15:56.113+02:00 DEBUG 39780 --- [facturacion360] [http-nio-81-exec-3] o.s.jdbc.core.JdbcTemplate               : Executing prepared SQL query
2026-10-02T22:15:56.114+02:00 DEBUG 39780 --- [facturacion360] [http-nio-81-exec-3] o.s.jdbc.core.JdbcTemplate               : Executing prepared SQL statement [SELECT logo
FROM `bd_facturacion`.`emisor`
WHERE idemisor = ?
]
2026-10-02T22:15:56.143+02:00 DEBUG 39780 --- [facturacion360] [http-nio-81-exec-10] o.s.jdbc.core.JdbcTemplate               : Executing prepared SQL query
2026-10-02T22:15:56.143+02:00 DEBUG 39780 --- [facturacion360] [http-nio-81-exec-10] o.s.jdbc.core.JdbcTemplate               : Executing prepared SQL statement [SELECT
    `nombre`,
    `nif_cif`,
    `direccion`,
    `email`,
    `telefono`
FROM `bd_facturacion`.`emisor`
WHERE `idemisor` = ?
]
2026-10-02T22:15:56.143+02:00 DEBUG 39780 --- [facturacion360] [http-nio-81-exec-9] o.s.jdbc.core.JdbcTemplate               : Executing prepared SQL query
2026-10-02T22:15:56.143+02:00 DEBUG 39780 --- [facturacion360] [http-nio-81-exec-9] o.s.jdbc.core.JdbcTemplate               : Executing prepared SQL statement [SELECT 	`idusuario`,
	`usuario`,
	`clave_hash`,
	`nombre`,
	`rol`,
	`activo`,
	`fecha_alta`,
	`ultimo_acceso`

FROM `bd_facturacion`.`usuarios`
WHERE `usuario` = ?
]
2026-10-02T22:15:56.148+02:00 DEBUG 39780 --- [facturacion360] [http-nio-81-exec-1] o.s.jdbc.core.JdbcTemplate               : Executing prepared SQL query
2026-10-02T22:15:56.148+02:00 DEBUG 39780 --- [facturacion360] [http-nio-81-exec-1] o.s.jdbc.core.JdbcTemplate               : Executing prepared SQL statement [SELECT logo
FROM `bd_facturacion`.`emisor`
WHERE idemisor = ?
]
2026-10-02T22:15:57.959+02:00 DEBUG 39780 --- [facturacion360] [http-nio-81-exec-1] o.s.jdbc.core.JdbcTemplate               : Executing prepared SQL query
2026-10-02T22:15:57.959+02:00 DEBUG 39780 --- [facturacion360] [http-nio-81-exec-2] o.s.jdbc.core.JdbcTemplate               : Executing prepared SQL query
2026-10-02T22:15:57.959+02:00 DEBUG 39780 --- [facturacion360] [http-nio-81-exec-1] o.s.jdbc.core.JdbcTemplate               : Executing prepared SQL statement [SELECT 	`idusuario`,
	`usuario`,
	`clave_hash`,
	`nombre`,
	`rol`,
	`activo`,
	`fecha_alta`,
	`ultimo_acceso`

FROM `bd_facturacion`.`usuarios`
WHERE `usuario` = ?
]
2026-10-02T22:15:57.959+02:00 DEBUG 39780 --- [facturacion360] [http-nio-81-exec-2] o.s.jdbc.core.JdbcTemplate               : Executing prepared SQL statement [SELECT 	`idusuario`,
	`usuario`,
	`clave_hash`,
	`nombre`,
	`rol`,
	`activo`,
	`fecha_alta`,
	`ultimo_acceso`

FROM `bd_facturacion`.`usuarios`
WHERE `usuario` = ?
]
2026-10-02T22:15:57.964+02:00  INFO 39780 --- [facturacion360] [http-nio-81-exec-3] e.x.f.controller.UsuarioAdminController  : Listado de cuentas del panel
2026-10-02T22:15:57.964+02:00 DEBUG 39780 --- [facturacion360] [http-nio-81-exec-3] o.s.jdbc.core.JdbcTemplate               : Executing SQL query [SELECT 	`idusuario`,
	`usuario`,
	`clave_hash`,
	`nombre`,
	`rol`,
	`activo`,
	`fecha_alta`,
	`ultimo_acceso`

FROM `bd_facturacion`.`usuarios`
ORDER BY `idusuario` ASC
]
2026-10-02T22:15:57.965+02:00 DEBUG 39780 --- [facturacion360] [http-nio-81-exec-3] e.x.f.service.UsuarioServiceImpl         : Listado de usuarios del panel: 9 cuentas
2026-10-02T22:16:00.903+02:00 DEBUG 39780 --- [facturacion360] [http-nio-81-exec-1] o.s.jdbc.core.JdbcTemplate               : Executing prepared SQL query
2026-10-02T22:16:00.903+02:00 DEBUG 39780 --- [facturacion360] [http-nio-81-exec-1] o.s.jdbc.core.JdbcTemplate               : Executing prepared SQL statement [SELECT 	`idusuario`,
	`usuario`,
	`clave_hash`,
	`nombre`,
	`rol`,
	`activo`,
	`fecha_alta`,
	`ultimo_acceso`

FROM `bd_facturacion`.`usuarios`
WHERE `usuario` = ?
]
2026-10-02T22:16:01.899+02:00  WARN 39780 --- [facturacion360] [http-nio-81-exec-6] .m.m.a.ExceptionHandlerExceptionResolver : Resolved [org.springframework.web.servlet.resource.NoResourceFoundException: No static resource img/KittyLoading.gif for request '/img/KittyLoading.gif'.]
2026-10-02T22:16:01.899+02:00 DEBUG 39780 --- [facturacion360] [http-nio-81-exec-10] o.s.jdbc.core.JdbcTemplate               : Executing prepared SQL query
2026-10-02T22:16:01.899+02:00 DEBUG 39780 --- [facturacion360] [http-nio-81-exec-10] o.s.jdbc.core.JdbcTemplate               : Executing prepared SQL statement [SELECT logo
FROM `bd_facturacion`.`emisor`
WHERE idemisor = ?
]
2026-10-02T22:16:01.927+02:00 DEBUG 39780 --- [facturacion360] [http-nio-81-exec-8] o.s.jdbc.core.JdbcTemplate               : Executing prepared SQL query
2026-10-02T22:16:01.927+02:00 DEBUG 39780 --- [facturacion360] [http-nio-81-exec-8] o.s.jdbc.core.JdbcTemplate               : Executing prepared SQL statement [SELECT
    `nombre`,
    `nif_cif`,
    `direccion`,
    `email`,
    `telefono`
FROM `bd_facturacion`.`emisor`
WHERE `idemisor` = ?
]
2026-10-02T22:16:01.928+02:00 DEBUG 39780 --- [facturacion360] [http-nio-81-exec-9] o.s.jdbc.core.JdbcTemplate               : Executing prepared SQL query
2026-10-02T22:16:01.928+02:00 DEBUG 39780 --- [facturacion360] [http-nio-81-exec-9] o.s.jdbc.core.JdbcTemplate               : Executing prepared SQL statement [SELECT 	`idusuario`,
	`usuario`,
	`clave_hash`,
	`nombre`,
	`rol`,
	`activo`,
	`fecha_alta`,
	`ultimo_acceso`

FROM `bd_facturacion`.`usuarios`
WHERE `usuario` = ?
]
2026-10-02T22:16:01.932+02:00 DEBUG 39780 --- [facturacion360] [http-nio-81-exec-6] o.s.jdbc.core.JdbcTemplate               : Executing prepared SQL query
2026-10-02T22:16:01.933+02:00 DEBUG 39780 --- [facturacion360] [http-nio-81-exec-6] o.s.jdbc.core.JdbcTemplate               : Executing prepared SQL statement [SELECT logo
FROM `bd_facturacion`.`emisor`
WHERE idemisor = ?
]
2026-10-02T22:16:03.652+02:00 DEBUG 39780 --- [facturacion360] [http-nio-81-exec-2] o.s.jdbc.core.JdbcTemplate               : Executing prepared SQL query
2026-10-02T22:16:03.652+02:00 DEBUG 39780 --- [facturacion360] [http-nio-81-exec-6] o.s.jdbc.core.JdbcTemplate               : Executing prepared SQL query
2026-10-02T22:16:03.653+02:00 DEBUG 39780 --- [facturacion360] [http-nio-81-exec-2] o.s.jdbc.core.JdbcTemplate               : Executing prepared SQL statement [SELECT 	`idusuario`,
	`usuario`,
	`clave_hash`,
	`nombre`,
	`rol`,
	`activo`,
	`fecha_alta`,
	`ultimo_acceso`

FROM `bd_facturacion`.`usuarios`
WHERE `usuario` = ?
]
2026-10-02T22:16:03.653+02:00 DEBUG 39780 --- [facturacion360] [http-nio-81-exec-6] o.s.jdbc.core.JdbcTemplate               : Executing prepared SQL statement [SELECT 	`idusuario`,
	`usuario`,
	`clave_hash`,
	`nombre`,
	`rol`,
	`activo`,
	`fecha_alta`,
	`ultimo_acceso`

FROM `bd_facturacion`.`usuarios`
WHERE `usuario` = ?
]
2026-10-02T22:16:03.659+02:00  INFO 39780 --- [facturacion360] [http-nio-81-exec-1] e.x.f.controller.UsuarioAdminController  : Listado de cuentas del panel
2026-10-02T22:16:03.659+02:00 DEBUG 39780 --- [facturacion360] [http-nio-81-exec-1] o.s.jdbc.core.JdbcTemplate               : Executing SQL query [SELECT 	`idusuario`,
	`usuario`,
	`clave_hash`,
	`nombre`,
	`rol`,
	`activo`,
	`fecha_alta`,
	`ultimo_acceso`

FROM `bd_facturacion`.`usuarios`
ORDER BY `idusuario` ASC
]
2026-10-02T22:16:03.660+02:00 DEBUG 39780 --- [facturacion360] [http-nio-81-exec-1] e.x.f.service.UsuarioServiceImpl         : Listado de usuarios del panel: 9 cuentas
2026-10-02T22:16:04.706+02:00 DEBUG 39780 --- [facturacion360] [http-nio-81-exec-1] o.s.jdbc.core.JdbcTemplate               : Executing prepared SQL query
2026-10-02T22:16:04.706+02:00 DEBUG 39780 --- [facturacion360] [http-nio-81-exec-3] o.s.jdbc.core.JdbcTemplate               : Executing prepared SQL query
2026-10-02T22:16:04.707+02:00 DEBUG 39780 --- [facturacion360] [http-nio-81-exec-1] o.s.jdbc.core.JdbcTemplate               : Executing prepared SQL statement [SELECT 	`idusuario`,
	`usuario`,
	`clave_hash`,
	`nombre`,
	`rol`,
	`activo`,
	`fecha_alta`,
	`ultimo_acceso`

FROM `bd_facturacion`.`usuarios`
WHERE `usuario` = ?
]
2026-10-02T22:16:04.707+02:00 DEBUG 39780 --- [facturacion360] [http-nio-81-exec-3] o.s.jdbc.core.JdbcTemplate               : Executing prepared SQL statement [SELECT 	`idusuario`,
	`usuario`,
	`clave_hash`,
	`nombre`,
	`rol`,
	`activo`,
	`fecha_alta`,
	`ultimo_acceso`

FROM `bd_facturacion`.`usuarios`
WHERE `usuario` = ?
]
2026-10-02T22:16:04.710+02:00  INFO 39780 --- [facturacion360] [http-nio-81-exec-10] e.x.f.controller.UsuarioAdminController  : Listado de cuentas del panel
2026-10-02T22:16:04.710+02:00 DEBUG 39780 --- [facturacion360] [http-nio-81-exec-10] o.s.jdbc.core.JdbcTemplate               : Executing SQL query [SELECT 	`idusuario`,
	`usuario`,
	`clave_hash`,
	`nombre`,
	`rol`,
	`activo`,
	`fecha_alta`,
	`ultimo_acceso`

FROM `bd_facturacion`.`usuarios`
ORDER BY `idusuario` ASC
]
2026-10-02T22:16:04.711+02:00 DEBUG 39780 --- [facturacion360] [http-nio-81-exec-10] e.x.f.service.UsuarioServiceImpl         : Listado de usuarios del panel: 9 cuentas
2026-10-02T22:16:05.622+02:00  WARN 39780 --- [facturacion360] [http-nio-81-exec-6] .m.m.a.ExceptionHandlerExceptionResolver : Resolved [org.springframework.web.servlet.resource.NoResourceFoundException: No static resource img/KittyLoading.gif for request '/img/KittyLoading.gif'.]
2026-10-02T22:16:05.622+02:00 DEBUG 39780 --- [facturacion360] [http-nio-81-exec-1] o.s.jdbc.core.JdbcTemplate               : Executing prepared SQL query
2026-10-02T22:16:05.623+02:00 DEBUG 39780 --- [facturacion360] [http-nio-81-exec-1] o.s.jdbc.core.JdbcTemplate               : Executing prepared SQL statement [SELECT logo
FROM `bd_facturacion`.`emisor`
WHERE idemisor = ?
]
2026-10-02T22:16:05.651+02:00 DEBUG 39780 --- [facturacion360] [http-nio-81-exec-6] o.s.jdbc.core.JdbcTemplate               : Executing prepared SQL query
2026-10-02T22:16:05.651+02:00 DEBUG 39780 --- [facturacion360] [http-nio-81-exec-8] o.s.jdbc.core.JdbcTemplate               : Executing prepared SQL query
2026-10-02T22:16:05.651+02:00 DEBUG 39780 --- [facturacion360] [http-nio-81-exec-6] o.s.jdbc.core.JdbcTemplate               : Executing prepared SQL statement [SELECT 	`idusuario`,
	`usuario`,
	`clave_hash`,
	`nombre`,
	`rol`,
	`activo`,
	`fecha_alta`,
	`ultimo_acceso`

FROM `bd_facturacion`.`usuarios`
WHERE `usuario` = ?
]
2026-10-02T22:16:05.651+02:00 DEBUG 39780 --- [facturacion360] [http-nio-81-exec-8] o.s.jdbc.core.JdbcTemplate               : Executing prepared SQL statement [SELECT
    `nombre`,
    `nif_cif`,
    `direccion`,
    `email`,
    `telefono`
FROM `bd_facturacion`.`emisor`
WHERE `idemisor` = ?
]
2026-10-02T22:16:05.655+02:00 DEBUG 39780 --- [facturacion360] [http-nio-81-exec-3] o.s.jdbc.core.JdbcTemplate               : Executing prepared SQL query
2026-10-02T22:16:05.655+02:00 DEBUG 39780 --- [facturacion360] [http-nio-81-exec-3] o.s.jdbc.core.JdbcTemplate               : Executing prepared SQL statement [SELECT logo
FROM `bd_facturacion`.`emisor`
WHERE idemisor = ?
]
2026-10-02T22:16:06.570+02:00 DEBUG 39780 --- [facturacion360] [http-nio-81-exec-3] o.s.jdbc.core.JdbcTemplate               : Executing prepared SQL query
2026-10-02T22:16:06.570+02:00 DEBUG 39780 --- [facturacion360] [http-nio-81-exec-3] o.s.jdbc.core.JdbcTemplate               : Executing prepared SQL statement [SELECT 	`idusuario`,
	`usuario`,
	`clave_hash`,
	`nombre`,
	`rol`,
	`activo`,
	`fecha_alta`,
	`ultimo_acceso`

FROM `bd_facturacion`.`usuarios`
WHERE `usuario` = ?
]
2026-10-02T22:16:06.570+02:00 DEBUG 39780 --- [facturacion360] [http-nio-81-exec-2] o.s.jdbc.core.JdbcTemplate               : Executing prepared SQL query
2026-10-02T22:16:06.570+02:00 DEBUG 39780 --- [facturacion360] [http-nio-81-exec-2] o.s.jdbc.core.JdbcTemplate               : Executing prepared SQL statement [SELECT 	`idusuario`,
	`usuario`,
	`clave_hash`,
	`nombre`,
	`rol`,
	`activo`,
	`fecha_alta`,
	`ultimo_acceso`

FROM `bd_facturacion`.`usuarios`
WHERE `usuario` = ?
]
2026-10-02T22:16:06.575+02:00  INFO 39780 --- [facturacion360] [http-nio-81-exec-1] e.x.f.controller.UsuarioAdminController  : Listado de cuentas del panel
2026-10-02T22:16:06.575+02:00 DEBUG 39780 --- [facturacion360] [http-nio-81-exec-1] o.s.jdbc.core.JdbcTemplate               : Executing SQL query [SELECT 	`idusuario`,
	`usuario`,
	`clave_hash`,
	`nombre`,
	`rol`,
	`activo`,
	`fecha_alta`,
	`ultimo_acceso`

FROM `bd_facturacion`.`usuarios`
ORDER BY `idusuario` ASC
]
2026-10-02T22:16:06.576+02:00 DEBUG 39780 --- [facturacion360] [http-nio-81-exec-1] e.x.f.service.UsuarioServiceImpl         : Listado de usuarios del panel: 9 cuentas
2026-10-02T22:16:07.259+02:00  WARN 39780 --- [facturacion360] [http-nio-81-exec-9] .m.m.a.ExceptionHandlerExceptionResolver : Resolved [org.springframework.web.servlet.resource.NoResourceFoundException: No static resource img/KittyLoading.gif for request '/img/KittyLoading.gif'.]
2026-10-02T22:16:07.262+02:00 DEBUG 39780 --- [facturacion360] [http-nio-81-exec-2] o.s.jdbc.core.JdbcTemplate               : Executing prepared SQL query
2026-10-02T22:16:07.262+02:00 DEBUG 39780 --- [facturacion360] [http-nio-81-exec-2] o.s.jdbc.core.JdbcTemplate               : Executing prepared SQL statement [SELECT logo
FROM `bd_facturacion`.`emisor`
WHERE idemisor = ?
]
2026-10-02T22:16:07.287+02:00 DEBUG 39780 --- [facturacion360] [http-nio-81-exec-4] o.s.jdbc.core.JdbcTemplate               : Executing prepared SQL query
2026-10-02T22:16:07.288+02:00 DEBUG 39780 --- [facturacion360] [http-nio-81-exec-4] o.s.jdbc.core.JdbcTemplate               : Executing prepared SQL statement [SELECT
    `nombre`,
    `nif_cif`,
    `direccion`,
    `email`,
    `telefono`
FROM `bd_facturacion`.`emisor`
WHERE `idemisor` = ?
]
2026-10-02T22:16:07.288+02:00 DEBUG 39780 --- [facturacion360] [http-nio-81-exec-9] o.s.jdbc.core.JdbcTemplate               : Executing prepared SQL query
2026-10-02T22:16:07.288+02:00 DEBUG 39780 --- [facturacion360] [http-nio-81-exec-9] o.s.jdbc.core.JdbcTemplate               : Executing prepared SQL statement [SELECT 	`idusuario`,
	`usuario`,
	`clave_hash`,
	`nombre`,
	`rol`,
	`activo`,
	`fecha_alta`,
	`ultimo_acceso`

FROM `bd_facturacion`.`usuarios`
WHERE `usuario` = ?
]
2026-10-02T22:16:07.291+02:00 DEBUG 39780 --- [facturacion360] [http-nio-81-exec-6] o.s.jdbc.core.JdbcTemplate               : Executing prepared SQL query
2026-10-02T22:16:07.291+02:00 DEBUG 39780 --- [facturacion360] [http-nio-81-exec-6] o.s.jdbc.core.JdbcTemplate               : Executing prepared SQL statement [SELECT logo
FROM `bd_facturacion`.`emisor`
WHERE idemisor = ?
]
2026-10-02T22:16:07.807+02:00 DEBUG 39780 --- [facturacion360] [http-nio-81-exec-8] o.s.jdbc.core.JdbcTemplate               : Executing prepared SQL query
2026-10-02T22:16:07.807+02:00 DEBUG 39780 --- [facturacion360] [http-nio-81-exec-6] o.s.jdbc.core.JdbcTemplate               : Executing prepared SQL query
2026-10-02T22:16:07.807+02:00 DEBUG 39780 --- [facturacion360] [http-nio-81-exec-8] o.s.jdbc.core.JdbcTemplate               : Executing prepared SQL statement [SELECT 	`idusuario`,
	`usuario`,
	`clave_hash`,
	`nombre`,
	`rol`,
	`activo`,
	`fecha_alta`,
	`ultimo_acceso`

FROM `bd_facturacion`.`usuarios`
WHERE `usuario` = ?
]
2026-10-02T22:16:07.807+02:00 DEBUG 39780 --- [facturacion360] [http-nio-81-exec-6] o.s.jdbc.core.JdbcTemplate               : Executing prepared SQL statement [SELECT 	`idusuario`,
	`usuario`,
	`clave_hash`,
	`nombre`,
	`rol`,
	`activo`,
	`fecha_alta`,
	`ultimo_acceso`

FROM `bd_facturacion`.`usuarios`
WHERE `usuario` = ?
]
2026-10-02T22:16:07.812+02:00  INFO 39780 --- [facturacion360] [http-nio-81-exec-3] e.x.f.controller.UsuarioAdminController  : Listado de cuentas del panel
2026-10-02T22:16:07.812+02:00 DEBUG 39780 --- [facturacion360] [http-nio-81-exec-3] o.s.jdbc.core.JdbcTemplate               : Executing SQL query [SELECT 	`idusuario`,
	`usuario`,
	`clave_hash`,
	`nombre`,
	`rol`,
	`activo`,
	`fecha_alta`,
	`ultimo_acceso`

FROM `bd_facturacion`.`usuarios`
ORDER BY `idusuario` ASC
]
2026-10-02T22:16:07.813+02:00 DEBUG 39780 --- [facturacion360] [http-nio-81-exec-3] e.x.f.service.UsuarioServiceImpl         : Listado de usuarios del panel: 9 cuentas
2026-10-02T22:16:08.141+02:00  WARN 39780 --- [facturacion360] [http-nio-81-exec-10] .m.m.a.ExceptionHandlerExceptionResolver : Resolved [org.springframework.web.servlet.resource.NoResourceFoundException: No static resource img/KittyLoading.gif for request '/img/KittyLoading.gif'.]
2026-10-02T22:16:08.141+02:00 DEBUG 39780 --- [facturacion360] [http-nio-81-exec-8] o.s.jdbc.core.JdbcTemplate               : Executing prepared SQL query
2026-10-02T22:16:08.141+02:00 DEBUG 39780 --- [facturacion360] [http-nio-81-exec-8] o.s.jdbc.core.JdbcTemplate               : Executing prepared SQL statement [SELECT logo
FROM `bd_facturacion`.`emisor`
WHERE idemisor = ?
]
2026-10-02T22:16:08.168+02:00 DEBUG 39780 --- [facturacion360] [http-nio-81-exec-5] o.s.jdbc.core.JdbcTemplate               : Executing prepared SQL query
2026-10-02T22:16:08.169+02:00 DEBUG 39780 --- [facturacion360] [http-nio-81-exec-5] o.s.jdbc.core.JdbcTemplate               : Executing prepared SQL statement [SELECT
    `nombre`,
    `nif_cif`,
    `direccion`,
    `email`,
    `telefono`
FROM `bd_facturacion`.`emisor`
WHERE `idemisor` = ?
]
2026-10-02T22:16:08.169+02:00 DEBUG 39780 --- [facturacion360] [http-nio-81-exec-10] o.s.jdbc.core.JdbcTemplate               : Executing prepared SQL query
2026-10-02T22:16:08.169+02:00 DEBUG 39780 --- [facturacion360] [http-nio-81-exec-10] o.s.jdbc.core.JdbcTemplate               : Executing prepared SQL statement [SELECT 	`idusuario`,
	`usuario`,
	`clave_hash`,
	`nombre`,
	`rol`,
	`activo`,
	`fecha_alta`,
	`ultimo_acceso`

FROM `bd_facturacion`.`usuarios`
WHERE `usuario` = ?
]
2026-10-02T22:16:08.172+02:00 DEBUG 39780 --- [facturacion360] [http-nio-81-exec-4] o.s.jdbc.core.JdbcTemplate               : Executing prepared SQL query
2026-10-02T22:16:08.172+02:00 DEBUG 39780 --- [facturacion360] [http-nio-81-exec-4] o.s.jdbc.core.JdbcTemplate               : Executing prepared SQL statement [SELECT logo
FROM `bd_facturacion`.`emisor`
WHERE idemisor = ?
]
2026-10-02T22:16:08.806+02:00 DEBUG 39780 --- [facturacion360] [http-nio-81-exec-9] o.s.jdbc.core.JdbcTemplate               : Executing prepared SQL query
2026-10-02T22:16:08.806+02:00 DEBUG 39780 --- [facturacion360] [http-nio-81-exec-4] o.s.jdbc.core.JdbcTemplate               : Executing prepared SQL query
2026-10-02T22:16:08.806+02:00 DEBUG 39780 --- [facturacion360] [http-nio-81-exec-4] o.s.jdbc.core.JdbcTemplate               : Executing prepared SQL statement [SELECT 	`idusuario`,
	`usuario`,
	`clave_hash`,
	`nombre`,
	`rol`,
	`activo`,
	`fecha_alta`,
	`ultimo_acceso`

FROM `bd_facturacion`.`usuarios`
WHERE `usuario` = ?
]
2026-10-02T22:16:08.806+02:00 DEBUG 39780 --- [facturacion360] [http-nio-81-exec-9] o.s.jdbc.core.JdbcTemplate               : Executing prepared SQL statement [SELECT 	`idusuario`,
	`usuario`,
	`clave_hash`,
	`nombre`,
	`rol`,
	`activo`,
	`fecha_alta`,
	`ultimo_acceso`

FROM `bd_facturacion`.`usuarios`
WHERE `usuario` = ?
]
2026-10-02T22:16:08.809+02:00  INFO 39780 --- [facturacion360] [http-nio-81-exec-6] e.x.f.controller.UsuarioAdminController  : Listado de cuentas del panel
2026-10-02T22:16:08.810+02:00 DEBUG 39780 --- [facturacion360] [http-nio-81-exec-6] o.s.jdbc.core.JdbcTemplate               : Executing SQL query [SELECT 	`idusuario`,
	`usuario`,
	`clave_hash`,
	`nombre`,
	`rol`,
	`activo`,
	`fecha_alta`,
	`ultimo_acceso`

FROM `bd_facturacion`.`usuarios`
ORDER BY `idusuario` ASC
]
2026-10-02T22:16:08.810+02:00 DEBUG 39780 --- [facturacion360] [http-nio-81-exec-6] e.x.f.service.UsuarioServiceImpl         : Listado de usuarios del panel: 9 cuentas
2026-10-02T22:16:09.056+02:00  WARN 39780 --- [facturacion360] [http-nio-81-exec-7] .m.m.a.ExceptionHandlerExceptionResolver : Resolved [org.springframework.web.servlet.resource.NoResourceFoundException: No static resource img/KittyLoading.gif for request '/img/KittyLoading.gif'.]
2026-10-02T22:16:09.056+02:00 DEBUG 39780 --- [facturacion360] [http-nio-81-exec-9] o.s.jdbc.core.JdbcTemplate               : Executing prepared SQL query
2026-10-02T22:16:09.056+02:00 DEBUG 39780 --- [facturacion360] [http-nio-81-exec-9] o.s.jdbc.core.JdbcTemplate               : Executing prepared SQL statement [SELECT logo
FROM `bd_facturacion`.`emisor`
WHERE idemisor = ?
]
2026-10-02T22:16:09.084+02:00 DEBUG 39780 --- [facturacion360] [http-nio-81-exec-3] o.s.jdbc.core.JdbcTemplate               : Executing prepared SQL query
2026-10-02T22:16:09.084+02:00 DEBUG 39780 --- [facturacion360] [http-nio-81-exec-3] o.s.jdbc.core.JdbcTemplate               : Executing prepared SQL statement [SELECT
    `nombre`,
    `nif_cif`,
    `direccion`,
    `email`,
    `telefono`
FROM `bd_facturacion`.`emisor`
WHERE `idemisor` = ?
]
2026-10-02T22:16:09.084+02:00 DEBUG 39780 --- [facturacion360] [http-nio-81-exec-10] o.s.jdbc.core.JdbcTemplate               : Executing prepared SQL query
2026-10-02T22:16:09.084+02:00 DEBUG 39780 --- [facturacion360] [http-nio-81-exec-10] o.s.jdbc.core.JdbcTemplate               : Executing prepared SQL statement [SELECT 	`idusuario`,
	`usuario`,
	`clave_hash`,
	`nombre`,
	`rol`,
	`activo`,
	`fecha_alta`,
	`ultimo_acceso`

FROM `bd_facturacion`.`usuarios`
WHERE `usuario` = ?
]
2026-10-02T22:16:09.087+02:00 DEBUG 39780 --- [facturacion360] [http-nio-81-exec-7] o.s.jdbc.core.JdbcTemplate               : Executing prepared SQL query
2026-10-02T22:16:09.088+02:00 DEBUG 39780 --- [facturacion360] [http-nio-81-exec-7] o.s.jdbc.core.JdbcTemplate               : Executing prepared SQL statement [SELECT logo
FROM `bd_facturacion`.`emisor`
WHERE idemisor = ?
]
2026-10-02T22:16:09.770+02:00 DEBUG 39780 --- [facturacion360] [http-nio-81-exec-7] o.s.jdbc.core.JdbcTemplate               : Executing prepared SQL query
2026-10-02T22:16:09.770+02:00 DEBUG 39780 --- [facturacion360] [http-nio-81-exec-5] o.s.jdbc.core.JdbcTemplate               : Executing prepared SQL query
2026-10-02T22:16:09.770+02:00 DEBUG 39780 --- [facturacion360] [http-nio-81-exec-7] o.s.jdbc.core.JdbcTemplate               : Executing prepared SQL statement [SELECT 	`idusuario`,
	`usuario`,
	`clave_hash`,
	`nombre`,
	`rol`,
	`activo`,
	`fecha_alta`,
	`ultimo_acceso`

FROM `bd_facturacion`.`usuarios`
WHERE `usuario` = ?
]
2026-10-02T22:16:09.770+02:00 DEBUG 39780 --- [facturacion360] [http-nio-81-exec-5] o.s.jdbc.core.JdbcTemplate               : Executing prepared SQL statement [SELECT 	`idusuario`,
	`usuario`,
	`clave_hash`,
	`nombre`,
	`rol`,
	`activo`,
	`fecha_alta`,
	`ultimo_acceso`

FROM `bd_facturacion`.`usuarios`
WHERE `usuario` = ?
]
2026-10-02T22:16:09.773+02:00  INFO 39780 --- [facturacion360] [http-nio-81-exec-9] e.x.f.controller.UsuarioAdminController  : Listado de cuentas del panel
2026-10-02T22:16:09.773+02:00 DEBUG 39780 --- [facturacion360] [http-nio-81-exec-9] o.s.jdbc.core.JdbcTemplate               : Executing SQL query [SELECT 	`idusuario`,
	`usuario`,
	`clave_hash`,
	`nombre`,
	`rol`,
	`activo`,
	`fecha_alta`,
	`ultimo_acceso`

FROM `bd_facturacion`.`usuarios`
ORDER BY `idusuario` ASC
]
2026-10-02T22:16:09.774+02:00 DEBUG 39780 --- [facturacion360] [http-nio-81-exec-9] e.x.f.service.UsuarioServiceImpl         : Listado de usuarios del panel: 9 cuentas
2026-10-02T22:16:10.028+02:00  WARN 39780 --- [facturacion360] [http-nio-81-exec-2] .m.m.a.ExceptionHandlerExceptionResolver : Resolved [org.springframework.web.servlet.resource.NoResourceFoundException: No static resource img/KittyLoading.gif for request '/img/KittyLoading.gif'.]
2026-10-02T22:16:10.028+02:00 DEBUG 39780 --- [facturacion360] [http-nio-81-exec-7] o.s.jdbc.core.JdbcTemplate               : Executing prepared SQL query
2026-10-02T22:16:10.028+02:00 DEBUG 39780 --- [facturacion360] [http-nio-81-exec-7] o.s.jdbc.core.JdbcTemplate               : Executing prepared SQL statement [SELECT logo
FROM `bd_facturacion`.`emisor`
WHERE idemisor = ?
]
2026-10-02T22:16:10.056+02:00 DEBUG 39780 --- [facturacion360] [http-nio-81-exec-8] o.s.jdbc.core.JdbcTemplate               : Executing prepared SQL query
2026-10-02T22:16:10.056+02:00 DEBUG 39780 --- [facturacion360] [http-nio-81-exec-8] o.s.jdbc.core.JdbcTemplate               : Executing prepared SQL statement [SELECT
    `nombre`,
    `nif_cif`,
    `direccion`,
    `email`,
    `telefono`
FROM `bd_facturacion`.`emisor`
WHERE `idemisor` = ?
]
2026-10-02T22:16:10.057+02:00 DEBUG 39780 --- [facturacion360] [http-nio-81-exec-3] o.s.jdbc.core.JdbcTemplate               : Executing prepared SQL query
2026-10-02T22:16:10.057+02:00 DEBUG 39780 --- [facturacion360] [http-nio-81-exec-3] o.s.jdbc.core.JdbcTemplate               : Executing prepared SQL statement [SELECT 	`idusuario`,
	`usuario`,
	`clave_hash`,
	`nombre`,
	`rol`,
	`activo`,
	`fecha_alta`,
	`ultimo_acceso`

FROM `bd_facturacion`.`usuarios`
WHERE `usuario` = ?
]
2026-10-02T22:16:10.060+02:00 DEBUG 39780 --- [facturacion360] [http-nio-81-exec-10] o.s.jdbc.core.JdbcTemplate               : Executing prepared SQL query
2026-10-02T22:16:10.060+02:00 DEBUG 39780 --- [facturacion360] [http-nio-81-exec-10] o.s.jdbc.core.JdbcTemplate               : Executing prepared SQL statement [SELECT logo
FROM `bd_facturacion`.`emisor`
WHERE idemisor = ?
]
2026-10-02T22:16:10.504+02:00 DEBUG 39780 --- [facturacion360] [http-nio-81-exec-10] o.s.jdbc.core.JdbcTemplate               : Executing prepared SQL query
2026-10-02T22:16:10.504+02:00 DEBUG 39780 --- [facturacion360] [http-nio-81-exec-2] o.s.jdbc.core.JdbcTemplate               : Executing prepared SQL query
2026-10-02T22:16:10.505+02:00 DEBUG 39780 --- [facturacion360] [http-nio-81-exec-2] o.s.jdbc.core.JdbcTemplate               : Executing prepared SQL statement [SELECT 	`idusuario`,
	`usuario`,
	`clave_hash`,
	`nombre`,
	`rol`,
	`activo`,
	`fecha_alta`,
	`ultimo_acceso`

FROM `bd_facturacion`.`usuarios`
WHERE `usuario` = ?
]
2026-10-02T22:16:10.505+02:00 DEBUG 39780 --- [facturacion360] [http-nio-81-exec-10] o.s.jdbc.core.JdbcTemplate               : Executing prepared SQL statement [SELECT 	`idusuario`,
	`usuario`,
	`clave_hash`,
	`nombre`,
	`rol`,
	`activo`,
	`fecha_alta`,
	`ultimo_acceso`

FROM `bd_facturacion`.`usuarios`
WHERE `usuario` = ?
]
2026-10-02T22:16:10.508+02:00  INFO 39780 --- [facturacion360] [http-nio-81-exec-5] e.x.f.controller.UsuarioAdminController  : Listado de cuentas del panel
2026-10-02T22:16:10.508+02:00 DEBUG 39780 --- [facturacion360] [http-nio-81-exec-5] o.s.jdbc.core.JdbcTemplate               : Executing SQL query [SELECT 	`idusuario`,
	`usuario`,
	`clave_hash`,
	`nombre`,
	`rol`,
	`activo`,
	`fecha_alta`,
	`ultimo_acceso`

FROM `bd_facturacion`.`usuarios`
ORDER BY `idusuario` ASC
]
2026-10-02T22:16:10.509+02:00 DEBUG 39780 --- [facturacion360] [http-nio-81-exec-5] e.x.f.service.UsuarioServiceImpl         : Listado de usuarios del panel: 9 cuentas
2026-10-02T22:16:10.798+02:00  WARN 39780 --- [facturacion360] [http-nio-81-exec-6] .m.m.a.ExceptionHandlerExceptionResolver : Resolved [org.springframework.web.servlet.resource.NoResourceFoundException: No static resource img/KittyLoading.gif for request '/img/KittyLoading.gif'.]
2026-10-02T22:16:10.801+02:00 DEBUG 39780 --- [facturacion360] [http-nio-81-exec-2] o.s.jdbc.core.JdbcTemplate               : Executing prepared SQL query
2026-10-02T22:16:10.801+02:00 DEBUG 39780 --- [facturacion360] [http-nio-81-exec-2] o.s.jdbc.core.JdbcTemplate               : Executing prepared SQL statement [SELECT logo
FROM `bd_facturacion`.`emisor`
WHERE idemisor = ?
]
2026-10-02T22:16:10.828+02:00 DEBUG 39780 --- [facturacion360] [http-nio-81-exec-6] o.s.jdbc.core.JdbcTemplate               : Executing prepared SQL query
2026-10-02T22:16:10.828+02:00 DEBUG 39780 --- [facturacion360] [http-nio-81-exec-7] o.s.jdbc.core.JdbcTemplate               : Executing prepared SQL query
2026-10-02T22:16:10.828+02:00 DEBUG 39780 --- [facturacion360] [http-nio-81-exec-6] o.s.jdbc.core.JdbcTemplate               : Executing prepared SQL statement [SELECT 	`idusuario`,
	`usuario`,
	`clave_hash`,
	`nombre`,
	`rol`,
	`activo`,
	`fecha_alta`,
	`ultimo_acceso`

FROM `bd_facturacion`.`usuarios`
WHERE `usuario` = ?
]
2026-10-02T22:16:10.828+02:00 DEBUG 39780 --- [facturacion360] [http-nio-81-exec-7] o.s.jdbc.core.JdbcTemplate               : Executing prepared SQL statement [SELECT
    `nombre`,
    `nif_cif`,
    `direccion`,
    `email`,
    `telefono`
FROM `bd_facturacion`.`emisor`
WHERE `idemisor` = ?
]
2026-10-02T22:16:10.831+02:00 DEBUG 39780 --- [facturacion360] [http-nio-81-exec-3] o.s.jdbc.core.JdbcTemplate               : Executing prepared SQL query
2026-10-02T22:16:10.831+02:00 DEBUG 39780 --- [facturacion360] [http-nio-81-exec-3] o.s.jdbc.core.JdbcTemplate               : Executing prepared SQL statement [SELECT logo
FROM `bd_facturacion`.`emisor`
WHERE idemisor = ?
]
2026-10-02T22:16:11.135+02:00 DEBUG 39780 --- [facturacion360] [http-nio-81-exec-8] o.s.jdbc.core.JdbcTemplate               : Executing prepared SQL query
2026-10-02T22:16:11.135+02:00 DEBUG 39780 --- [facturacion360] [http-nio-81-exec-3] o.s.jdbc.core.JdbcTemplate               : Executing prepared SQL query
2026-10-02T22:16:11.135+02:00 DEBUG 39780 --- [facturacion360] [http-nio-81-exec-8] o.s.jdbc.core.JdbcTemplate               : Executing prepared SQL statement [SELECT 	`idusuario`,
	`usuario`,
	`clave_hash`,
	`nombre`,
	`rol`,
	`activo`,
	`fecha_alta`,
	`ultimo_acceso`

FROM `bd_facturacion`.`usuarios`
WHERE `usuario` = ?
]
2026-10-02T22:16:11.135+02:00 DEBUG 39780 --- [facturacion360] [http-nio-81-exec-3] o.s.jdbc.core.JdbcTemplate               : Executing prepared SQL statement [SELECT 	`idusuario`,
	`usuario`,
	`clave_hash`,
	`nombre`,
	`rol`,
	`activo`,
	`fecha_alta`,
	`ultimo_acceso`

FROM `bd_facturacion`.`usuarios`
WHERE `usuario` = ?
]
2026-10-02T22:16:11.138+02:00  INFO 39780 --- [facturacion360] [http-nio-81-exec-10] e.x.f.controller.UsuarioAdminController  : Listado de cuentas del panel
2026-10-02T22:16:11.139+02:00 DEBUG 39780 --- [facturacion360] [http-nio-81-exec-10] o.s.jdbc.core.JdbcTemplate               : Executing SQL query [SELECT 	`idusuario`,
	`usuario`,
	`clave_hash`,
	`nombre`,
	`rol`,
	`activo`,
	`fecha_alta`,
	`ultimo_acceso`

FROM `bd_facturacion`.`usuarios`
ORDER BY `idusuario` ASC
]
2026-10-02T22:16:11.139+02:00 DEBUG 39780 --- [facturacion360] [http-nio-81-exec-10] e.x.f.service.UsuarioServiceImpl         : Listado de usuarios del panel: 9 cuentas
2026-10-02T22:16:11.475+02:00  WARN 39780 --- [facturacion360] [http-nio-81-exec-1] .m.m.a.ExceptionHandlerExceptionResolver : Resolved [org.springframework.web.servlet.resource.NoResourceFoundException: No static resource img/KittyLoading.gif for request '/img/KittyLoading.gif'.]
2026-10-02T22:16:11.475+02:00 DEBUG 39780 --- [facturacion360] [http-nio-81-exec-8] o.s.jdbc.core.JdbcTemplate               : Executing prepared SQL query
2026-10-02T22:16:11.475+02:00 DEBUG 39780 --- [facturacion360] [http-nio-81-exec-8] o.s.jdbc.core.JdbcTemplate               : Executing prepared SQL statement [SELECT logo
FROM `bd_facturacion`.`emisor`
WHERE idemisor = ?
]
2026-10-02T22:16:11.504+02:00 DEBUG 39780 --- [facturacion360] [http-nio-81-exec-4] o.s.jdbc.core.JdbcTemplate               : Executing prepared SQL query
2026-10-02T22:16:11.504+02:00 DEBUG 39780 --- [facturacion360] [http-nio-81-exec-4] o.s.jdbc.core.JdbcTemplate               : Executing prepared SQL statement [SELECT
    `nombre`,
    `nif_cif`,
    `direccion`,
    `email`,
    `telefono`
FROM `bd_facturacion`.`emisor`
WHERE `idemisor` = ?
]
2026-10-02T22:16:11.504+02:00 DEBUG 39780 --- [facturacion360] [http-nio-81-exec-1] o.s.jdbc.core.JdbcTemplate               : Executing prepared SQL query
2026-10-02T22:16:11.504+02:00 DEBUG 39780 --- [facturacion360] [http-nio-81-exec-1] o.s.jdbc.core.JdbcTemplate               : Executing prepared SQL statement [SELECT 	`idusuario`,
	`usuario`,
	`clave_hash`,
	`nombre`,
	`rol`,
	`activo`,
	`fecha_alta`,
	`ultimo_acceso`

FROM `bd_facturacion`.`usuarios`
WHERE `usuario` = ?
]
2026-10-02T22:16:11.508+02:00 DEBUG 39780 --- [facturacion360] [http-nio-81-exec-6] o.s.jdbc.core.JdbcTemplate               : Executing prepared SQL query
2026-10-02T22:16:11.508+02:00 DEBUG 39780 --- [facturacion360] [http-nio-81-exec-6] o.s.jdbc.core.JdbcTemplate               : Executing prepared SQL statement [SELECT logo
FROM `bd_facturacion`.`emisor`
WHERE idemisor = ?
]
2026-10-02T22:16:11.838+02:00 DEBUG 39780 --- [facturacion360] [http-nio-81-exec-7] o.s.jdbc.core.JdbcTemplate               : Executing prepared SQL query
2026-10-02T22:16:11.838+02:00 DEBUG 39780 --- [facturacion360] [http-nio-81-exec-6] o.s.jdbc.core.JdbcTemplate               : Executing prepared SQL query
2026-10-02T22:16:11.838+02:00 DEBUG 39780 --- [facturacion360] [http-nio-81-exec-7] o.s.jdbc.core.JdbcTemplate               : Executing prepared SQL statement [SELECT 	`idusuario`,
	`usuario`,
	`clave_hash`,
	`nombre`,
	`rol`,
	`activo`,
	`fecha_alta`,
	`ultimo_acceso`

FROM `bd_facturacion`.`usuarios`
WHERE `usuario` = ?
]
2026-10-02T22:16:11.838+02:00 DEBUG 39780 --- [facturacion360] [http-nio-81-exec-6] o.s.jdbc.core.JdbcTemplate               : Executing prepared SQL statement [SELECT 	`idusuario`,
	`usuario`,
	`clave_hash`,
	`nombre`,
	`rol`,
	`activo`,
	`fecha_alta`,
	`ultimo_acceso`

FROM `bd_facturacion`.`usuarios`
WHERE `usuario` = ?
]
2026-10-02T22:16:11.841+02:00  INFO 39780 --- [facturacion360] [http-nio-81-exec-3] e.x.f.controller.UsuarioAdminController  : Listado de cuentas del panel
2026-10-02T22:16:11.841+02:00 DEBUG 39780 --- [facturacion360] [http-nio-81-exec-3] o.s.jdbc.core.JdbcTemplate               : Executing SQL query [SELECT 	`idusuario`,
	`usuario`,
	`clave_hash`,
	`nombre`,
	`rol`,
	`activo`,
	`fecha_alta`,
	`ultimo_acceso`

FROM `bd_facturacion`.`usuarios`
ORDER BY `idusuario` ASC
]
2026-10-02T22:16:11.842+02:00 DEBUG 39780 --- [facturacion360] [http-nio-81-exec-3] e.x.f.service.UsuarioServiceImpl         : Listado de usuarios del panel: 9 cuentas
2026-10-02T22:16:12.389+02:00 DEBUG 39780 --- [facturacion360] [http-nio-81-exec-6] o.s.jdbc.core.JdbcTemplate               : Executing prepared SQL query
2026-10-02T22:16:12.390+02:00 DEBUG 39780 --- [facturacion360] [http-nio-81-exec-6] o.s.jdbc.core.JdbcTemplate               : Executing prepared SQL statement [SELECT logo
FROM `bd_facturacion`.`emisor`
WHERE idemisor = ?
]
2026-10-02T22:16:12.390+02:00  WARN 39780 --- [facturacion360] [http-nio-81-exec-5] .m.m.a.ExceptionHandlerExceptionResolver : Resolved [org.springframework.web.servlet.resource.NoResourceFoundException: No static resource img/KittyLoading.gif for request '/img/KittyLoading.gif'.]
2026-10-02T22:16:12.418+02:00 DEBUG 39780 --- [facturacion360] [http-nio-81-exec-9] o.s.jdbc.core.JdbcTemplate               : Executing prepared SQL query
2026-10-02T22:16:12.418+02:00 DEBUG 39780 --- [facturacion360] [http-nio-81-exec-9] o.s.jdbc.core.JdbcTemplate               : Executing prepared SQL statement [SELECT
    `nombre`,
    `nif_cif`,
    `direccion`,
    `email`,
    `telefono`
FROM `bd_facturacion`.`emisor`
WHERE `idemisor` = ?
]
2026-10-02T22:16:12.418+02:00 DEBUG 39780 --- [facturacion360] [http-nio-81-exec-1] o.s.jdbc.core.JdbcTemplate               : Executing prepared SQL query
2026-10-02T22:16:12.418+02:00 DEBUG 39780 --- [facturacion360] [http-nio-81-exec-1] o.s.jdbc.core.JdbcTemplate               : Executing prepared SQL statement [SELECT 	`idusuario`,
	`usuario`,
	`clave_hash`,
	`nombre`,
	`rol`,
	`activo`,
	`fecha_alta`,
	`ultimo_acceso`

FROM `bd_facturacion`.`usuarios`
WHERE `usuario` = ?
]
2026-10-02T22:16:12.422+02:00 DEBUG 39780 --- [facturacion360] [http-nio-81-exec-4] o.s.jdbc.core.JdbcTemplate               : Executing prepared SQL query
2026-10-02T22:16:12.422+02:00 DEBUG 39780 --- [facturacion360] [http-nio-81-exec-4] o.s.jdbc.core.JdbcTemplate               : Executing prepared SQL statement [SELECT logo
FROM `bd_facturacion`.`emisor`
WHERE idemisor = ?
]
2026-10-02T22:16:13.218+02:00 DEBUG 39780 --- [facturacion360] [http-nio-81-exec-5] o.s.jdbc.core.JdbcTemplate               : Executing prepared SQL query
2026-10-02T22:16:13.218+02:00 DEBUG 39780 --- [facturacion360] [http-nio-81-exec-4] o.s.jdbc.core.JdbcTemplate               : Executing prepared SQL query
2026-10-02T22:16:13.218+02:00 DEBUG 39780 --- [facturacion360] [http-nio-81-exec-5] o.s.jdbc.core.JdbcTemplate               : Executing prepared SQL statement [SELECT 	`idusuario`,
	`usuario`,
	`clave_hash`,
	`nombre`,
	`rol`,
	`activo`,
	`fecha_alta`,
	`ultimo_acceso`

FROM `bd_facturacion`.`usuarios`
WHERE `usuario` = ?
]
2026-10-02T22:16:13.218+02:00 DEBUG 39780 --- [facturacion360] [http-nio-81-exec-4] o.s.jdbc.core.JdbcTemplate               : Executing prepared SQL statement [SELECT 	`idusuario`,
	`usuario`,
	`clave_hash`,
	`nombre`,
	`rol`,
	`activo`,
	`fecha_alta`,
	`ultimo_acceso`

FROM `bd_facturacion`.`usuarios`
WHERE `usuario` = ?
]
2026-10-02T22:16:13.221+02:00  INFO 39780 --- [facturacion360] [http-nio-81-exec-7] e.x.f.controller.UsuarioAdminController  : Listado de cuentas del panel
2026-10-02T22:16:13.221+02:00 DEBUG 39780 --- [facturacion360] [http-nio-81-exec-7] o.s.jdbc.core.JdbcTemplate               : Executing SQL query [SELECT 	`idusuario`,
	`usuario`,
	`clave_hash`,
	`nombre`,
	`rol`,
	`activo`,
	`fecha_alta`,
	`ultimo_acceso`

FROM `bd_facturacion`.`usuarios`
ORDER BY `idusuario` ASC
]
2026-10-02T22:16:13.222+02:00 DEBUG 39780 --- [facturacion360] [http-nio-81-exec-7] e.x.f.service.UsuarioServiceImpl         : Listado de usuarios del panel: 9 cuentas
2026-10-02T22:16:13.628+02:00  WARN 39780 --- [facturacion360] [http-nio-81-exec-2] .m.m.a.ExceptionHandlerExceptionResolver : Resolved [org.springframework.web.servlet.resource.NoResourceFoundException: No static resource img/KittyLoading.gif for request '/img/KittyLoading.gif'.]
2026-10-02T22:16:13.628+02:00 DEBUG 39780 --- [facturacion360] [http-nio-81-exec-5] o.s.jdbc.core.JdbcTemplate               : Executing prepared SQL query
2026-10-02T22:16:13.628+02:00 DEBUG 39780 --- [facturacion360] [http-nio-81-exec-5] o.s.jdbc.core.JdbcTemplate               : Executing prepared SQL statement [SELECT logo
FROM `bd_facturacion`.`emisor`
WHERE idemisor = ?
]
2026-10-02T22:16:13.657+02:00 DEBUG 39780 --- [facturacion360] [http-nio-81-exec-10] o.s.jdbc.core.JdbcTemplate               : Executing prepared SQL query
2026-10-02T22:16:13.657+02:00 DEBUG 39780 --- [facturacion360] [http-nio-81-exec-10] o.s.jdbc.core.JdbcTemplate               : Executing prepared SQL statement [SELECT
    `nombre`,
    `nif_cif`,
    `direccion`,
    `email`,
    `telefono`
FROM `bd_facturacion`.`emisor`
WHERE `idemisor` = ?
]
2026-10-02T22:16:13.657+02:00 DEBUG 39780 --- [facturacion360] [http-nio-81-exec-2] o.s.jdbc.core.JdbcTemplate               : Executing prepared SQL query
2026-10-02T22:16:13.657+02:00 DEBUG 39780 --- [facturacion360] [http-nio-81-exec-2] o.s.jdbc.core.JdbcTemplate               : Executing prepared SQL statement [SELECT 	`idusuario`,
	`usuario`,
	`clave_hash`,
	`nombre`,
	`rol`,
	`activo`,
	`fecha_alta`,
	`ultimo_acceso`

FROM `bd_facturacion`.`usuarios`
WHERE `usuario` = ?
]
2026-10-02T22:16:13.661+02:00 DEBUG 39780 --- [facturacion360] [http-nio-81-exec-1] o.s.jdbc.core.JdbcTemplate               : Executing prepared SQL query
2026-10-02T22:16:13.661+02:00 DEBUG 39780 --- [facturacion360] [http-nio-81-exec-1] o.s.jdbc.core.JdbcTemplate               : Executing prepared SQL statement [SELECT logo
FROM `bd_facturacion`.`emisor`
WHERE idemisor = ?
]
2026-10-02T22:16:14.318+02:00 DEBUG 39780 --- [facturacion360] [http-nio-81-exec-1] o.s.jdbc.core.JdbcTemplate               : Executing prepared SQL query
2026-10-02T22:16:14.318+02:00 DEBUG 39780 --- [facturacion360] [http-nio-81-exec-9] o.s.jdbc.core.JdbcTemplate               : Executing prepared SQL query
2026-10-02T22:16:14.318+02:00 DEBUG 39780 --- [facturacion360] [http-nio-81-exec-1] o.s.jdbc.core.JdbcTemplate               : Executing prepared SQL statement [SELECT 	`idusuario`,
	`usuario`,
	`clave_hash`,
	`nombre`,
	`rol`,
	`activo`,
	`fecha_alta`,
	`ultimo_acceso`

FROM `bd_facturacion`.`usuarios`
WHERE `usuario` = ?
]
2026-10-02T22:16:14.318+02:00 DEBUG 39780 --- [facturacion360] [http-nio-81-exec-9] o.s.jdbc.core.JdbcTemplate               : Executing prepared SQL statement [SELECT 	`idusuario`,
	`usuario`,
	`clave_hash`,
	`nombre`,
	`rol`,
	`activo`,
	`fecha_alta`,
	`ultimo_acceso`

FROM `bd_facturacion`.`usuarios`
WHERE `usuario` = ?
]
2026-10-02T22:16:14.320+02:00  INFO 39780 --- [facturacion360] [http-nio-81-exec-6] e.x.f.controller.UsuarioAdminController  : Listado de cuentas del panel
2026-10-02T22:16:14.320+02:00 DEBUG 39780 --- [facturacion360] [http-nio-81-exec-6] o.s.jdbc.core.JdbcTemplate               : Executing SQL query [SELECT 	`idusuario`,
	`usuario`,
	`clave_hash`,
	`nombre`,
	`rol`,
	`activo`,
	`fecha_alta`,
	`ultimo_acceso`

FROM `bd_facturacion`.`usuarios`
ORDER BY `idusuario` ASC
]
2026-10-02T22:16:14.321+02:00 DEBUG 39780 --- [facturacion360] [http-nio-81-exec-6] e.x.f.service.UsuarioServiceImpl         : Listado de usuarios del panel: 9 cuentas
2026-10-02T22:16:16.358+02:00  WARN 39780 --- [facturacion360] [http-nio-81-exec-3] .m.m.a.ExceptionHandlerExceptionResolver : Resolved [org.springframework.web.servlet.resource.NoResourceFoundException: No static resource img/KittyLoading.gif for request '/img/KittyLoading.gif'.]
2026-10-02T22:16:16.363+02:00 DEBUG 39780 --- [facturacion360] [http-nio-81-exec-9] o.s.jdbc.core.JdbcTemplate               : Executing prepared SQL query
2026-10-02T22:16:16.363+02:00 DEBUG 39780 --- [facturacion360] [http-nio-81-exec-9] o.s.jdbc.core.JdbcTemplate               : Executing prepared SQL statement [SELECT logo
FROM `bd_facturacion`.`emisor`
WHERE idemisor = ?
]
2026-10-02T22:16:16.388+02:00 DEBUG 39780 --- [facturacion360] [http-nio-81-exec-8] o.s.jdbc.core.JdbcTemplate               : Executing prepared SQL query
2026-10-02T22:16:16.388+02:00 DEBUG 39780 --- [facturacion360] [http-nio-81-exec-8] o.s.jdbc.core.JdbcTemplate               : Executing prepared SQL statement [SELECT
    `nombre`,
    `nif_cif`,
    `direccion`,
    `email`,
    `telefono`
FROM `bd_facturacion`.`emisor`
WHERE `idemisor` = ?
]
2026-10-02T22:16:16.388+02:00 DEBUG 39780 --- [facturacion360] [http-nio-81-exec-3] o.s.jdbc.core.JdbcTemplate               : Executing prepared SQL query
2026-10-02T22:16:16.388+02:00 DEBUG 39780 --- [facturacion360] [http-nio-81-exec-3] o.s.jdbc.core.JdbcTemplate               : Executing prepared SQL statement [SELECT 	`idusuario`,
	`usuario`,
	`clave_hash`,
	`nombre`,
	`rol`,
	`activo`,
	`fecha_alta`,
	`ultimo_acceso`

FROM `bd_facturacion`.`usuarios`
WHERE `usuario` = ?
]
2026-10-02T22:16:16.392+02:00 DEBUG 39780 --- [facturacion360] [http-nio-81-exec-10] o.s.jdbc.core.JdbcTemplate               : Executing prepared SQL query
2026-10-02T22:16:16.392+02:00 DEBUG 39780 --- [facturacion360] [http-nio-81-exec-10] o.s.jdbc.core.JdbcTemplate               : Executing prepared SQL statement [SELECT logo
FROM `bd_facturacion`.`emisor`
WHERE idemisor = ?
]
2026-10-02T22:16:17.936+02:00 DEBUG 39780 --- [facturacion360] [http-nio-81-exec-3] o.s.jdbc.core.JdbcTemplate               : Executing prepared SQL query
2026-10-02T22:16:17.936+02:00 DEBUG 39780 --- [facturacion360] [http-nio-81-exec-3] o.s.jdbc.core.JdbcTemplate               : Executing prepared SQL statement [SELECT 	`idusuario`,
	`usuario`,
	`clave_hash`,
	`nombre`,
	`rol`,
	`activo`,
	`fecha_alta`,
	`ultimo_acceso`

FROM `bd_facturacion`.`usuarios`
WHERE `usuario` = ?
]
2026-10-02T22:16:20.451+02:00 DEBUG 39780 --- [facturacion360] [http-nio-81-exec-10] o.s.jdbc.core.JdbcTemplate               : Executing prepared SQL query
2026-10-02T22:16:20.451+02:00 DEBUG 39780 --- [facturacion360] [http-nio-81-exec-3] o.s.jdbc.core.JdbcTemplate               : Executing prepared SQL query
2026-10-02T22:16:20.451+02:00 DEBUG 39780 --- [facturacion360] [http-nio-81-exec-10] o.s.jdbc.core.JdbcTemplate               : Executing prepared SQL statement [SELECT 	`idusuario`,
	`usuario`,
	`clave_hash`,
	`nombre`,
	`rol`,
	`activo`,
	`fecha_alta`,
	`ultimo_acceso`

FROM `bd_facturacion`.`usuarios`
WHERE `usuario` = ?
]
2026-10-02T22:16:20.451+02:00 DEBUG 39780 --- [facturacion360] [http-nio-81-exec-3] o.s.jdbc.core.JdbcTemplate               : Executing prepared SQL statement [SELECT 	`idusuario`,
	`usuario`,
	`clave_hash`,
	`nombre`,
	`rol`,
	`activo`,
	`fecha_alta`,
	`ultimo_acceso`

FROM `bd_facturacion`.`usuarios`
WHERE `usuario` = ?
]
2026-10-02T22:16:20.454+02:00  INFO 39780 --- [facturacion360] [http-nio-81-exec-2] e.x.f.controller.UsuarioAdminController  : Listado de cuentas del panel
2026-10-02T22:16:20.454+02:00 DEBUG 39780 --- [facturacion360] [http-nio-81-exec-2] o.s.jdbc.core.JdbcTemplate               : Executing SQL query [SELECT 	`idusuario`,
	`usuario`,
	`clave_hash`,
	`nombre`,
	`rol`,
	`activo`,
	`fecha_alta`,
	`ultimo_acceso`

FROM `bd_facturacion`.`usuarios`
ORDER BY `idusuario` ASC
]
2026-10-02T22:16:20.454+02:00 DEBUG 39780 --- [facturacion360] [http-nio-81-exec-2] e.x.f.service.UsuarioServiceImpl         : Listado de usuarios del panel: 9 cuentas
2026-10-02T22:16:21.849+02:00  INFO 39780 --- [facturacion360] [http-nio-81-exec-6] e.x.f.s.PuntoEntradaNoAutenticada        : Petición sin sesión a /auth/yo: se responde 401
2026-10-02T22:17:20.592+02:00  INFO 39780 --- [facturacion360] [http-nio-81-exec-7] e.x.f.s.PuntoEntradaNoAutenticada        : Petición sin sesión a /auth/yo: se responde 401
2026-10-02T22:17:21.463+02:00  INFO 39780 --- [facturacion360] [http-nio-81-exec-8] e.x.f.s.PuntoEntradaNoAutenticada        : Petición sin sesión a /auth/yo: se responde 401
2026-10-02T22:17:22.312+02:00  INFO 39780 --- [facturacion360] [http-nio-81-exec-9] e.x.f.s.PuntoEntradaNoAutenticada        : Petición sin sesión a /auth/yo: se responde 401
2026-10-02T22:18:04.089+02:00  INFO 39780 --- [facturacion360] [http-nio-81-exec-1] e.x.f.s.PuntoEntradaNoAutenticada        : Petición sin sesión a /auth/yo: se responde 401
2026-10-02T22:18:04.858+02:00  INFO 39780 --- [facturacion360] [http-nio-81-exec-2] e.x.f.s.PuntoEntradaNoAutenticada        : Petición sin sesión a /auth/yo: se responde 401
2026-10-02T22:18:05.529+02:00  INFO 39780 --- [facturacion360] [http-nio-81-exec-8] e.x.f.s.PuntoEntradaNoAutenticada        : Petición sin sesión a /auth/yo: se responde 401
2026-10-02T22:18:06.243+02:00  INFO 39780 --- [facturacion360] [http-nio-81-exec-9] e.x.f.s.PuntoEntradaNoAutenticada        : Petición sin sesión a /auth/yo: se responde 401
2026-10-02T22:18:06.744+02:00  INFO 39780 --- [facturacion360] [http-nio-81-exec-1] e.x.f.s.PuntoEntradaNoAutenticada        : Petición sin sesión a /auth/yo: se responde 401
2026-10-02T22:18:06.843+02:00  INFO 39780 --- [facturacion360] [http-nio-81-exec-3] e.x.f.s.PuntoEntradaNoAutenticada        : Petición sin sesión a /auth/yo: se responde 401
2026-10-02T22:19:10.944+02:00  INFO 39780 --- [facturacion360] [http-nio-81-exec-3] e.x.f.s.PuntoEntradaNoAutenticada        : Petición sin sesión a /auth/yo: se responde 401
2026-10-02T22:19:11.710+02:00  INFO 39780 --- [facturacion360] [http-nio-81-exec-7] e.x.f.s.PuntoEntradaNoAutenticada        : Petición sin sesión a /auth/yo: se responde 401
